sample,category,gate_id,family,exponent,risk_coeff,min_weight,description,pixel_count,weight_mean,weight_std,pearson_weight_vs_prior_error,spearman_weight_vs_prior_error,bucket_spearman_weight_vs_prior_error,prior_target_mae_um,dff_mae_um,gadff_mae_um,low10_prior_mae_um,high10_prior_mae_um,low20_prior_mae_um,high20_prior_mae_um,low20_to_high20_error_ratio,low20_error_lift_vs_overall,high20_error_ratio_vs_overall
test_V谷_P10_宽谷粗糙平底,P10 V谷-宽谷粗糙平底,cfocus_p0.75_risk0_min002,current_family,0.75,0.0,0.02,"clip(C_focus^p * (1 - lambda R), 0.02, 1)",160000,0.379423588514328,0.2364889234304428,-0.2696413808175001,-0.40637002177724785,-1.0,162.77734375,160.14520263671875,167.5503692626953,243.96307373046875,46.97660827636719,236.0747528076172,68.09019470214844,3.4670888200613175,1.4502924508351132,0.4183026527741115
test_V谷_P10_宽谷粗糙平底,P10 V谷-宽谷粗糙平底,cfocus_p0.75_risk0.25_min002,current_family,0.75,0.25,0.02,"clip(C_focus^p * (1 - lambda R), 0.02, 1)",160000,0.3384941816329956,0.21046368777751923,-0.19305324257168657,-0.3114067754420393,-1.0,162.77734375,160.14520263671875,167.5503692626953,227.08607482910156,83.0020980834961,219.6978759765625,97.14344024658203,2.261582206877757,1.3496833829281756,0.5967872310029757
test_V谷_P10_宽谷粗糙平底,P10 V谷-宽谷粗糙平底,cfocus_p0.75_risk0.45_min002,current_family,0.75,0.45,0.02,"clip(C_focus^p * (1 - lambda R), 0.02, 1)",160000,0.30575937032699585,0.2006063163280487,-0.11028822941050362,-0.19664501319916386,-1.0,162.77734375,160.14520263671875,167.5503692626953,206.34031677246094,119.03619384765625,198.11294555664062,131.646484375,1.5048859564856163,1.2170793612464303,0.8087518898034605
test_V谷_P10_宽谷粗糙平底,P10 V谷-宽谷粗糙平底,cfocus_p0.75_risk0.65_min002,current_family,0.75,0.65,0.02,"clip(C_focus^p * (1 - lambda R), 0.02, 1)",160000,0.2730487883090973,0.20212304592132568,-0.017949143462352057,-0.0405630821735884,-0.08571428571428572,162.77734375,160.14520263671875,167.5503692626953,173.82225036621094,126.93787384033203,165.9342803955078,159.7649688720703,1.038614920198041,1.0193942017530178,0.981493893385088
test_V谷_P10_宽谷粗糙平底,P10 V谷-宽谷粗糙平底,cfocus_p0.75_risk0.85_min002,current_family,0.75,0.85,0.02,"clip(C_focus^p * (1 - lambda R), 0.02, 1)",160000,0.24048367142677307,0.21465633809566498,0.06896561952612827,0.1460718667962821,0.7142857142857144,162.77734375,160.14520263671875,167.5503692626953,116.3010025024414,131.13015747070312,110.55464935302734,166.2071075439453,0.6651619836642461,0.6791771312033549,1.0210702774411462
test_V谷_P10_宽谷粗糙平底,P10 V谷-宽谷粗糙平底,cfocus_p1_risk0_min002,current_family,1.0,0.0,0.02,"clip(C_focus^p * (1 - lambda R), 0.02, 1)",160000,0.29882827401161194,0.2360953539609909,-0.2671678585155102,-0.40621885598375757,-1.0,162.77734375,160.14520263671875,167.5503692626953,243.96307373046875,46.97660827636719,236.0747528076172,68.09019470214844,3.4670888200613175,1.4502924508351132,0.4183026527741115
test_V谷_P10_宽谷粗糙平底,P10 V谷-宽谷粗糙平底,cfocus_p1_risk0.25_min002,current_family,1.0,0.25,0.02,"clip(C_focus^p * (1 - lambda R), 0.02, 1)",160000,0.265717089176178,0.2093266099691391,-0.20973365329963525,-0.3366311386800452,-1.0,162.77734375,160.14520263671875,167.5503692626953,232.01132202148438,73.61187744140625,224.0491943359375,89.54663848876953,2.502039139794584,1.3764151028293057,0.5501173346721941
test_V谷_P10_宽谷粗糙平底,P10 V谷-宽谷粗糙平底,cfocus_p1_risk0.45_min002,current_family,1.0,0.45,0.02,"clip(C_focus^p * (1 - lambda R), 0.02, 1)",160000,0.23925034701824188,0.1959967315196991,-0.14578549249709016,-0.25255143220527937,-1.0,162.77734375,160.14520263671875,167.5503692626953,216.54981994628906,101.61100769042969,209.1432342529297,115.60617065429688,1.809100959483742,1.2848424076396054,0.7102104506131363
test_V谷_P10_宽谷粗糙平底,P10 V谷-宽谷粗糙平底,cfocus_p1_risk0.65_min002,current_family,1.0,0.65,0.02,"clip(C_focus^p * (1 - lambda R), 0.02, 1)",160000,0.21283969283103943,0.19151237607002258,-0.06928604963383349,-0.12858673737208737,-0.7714285714285715,162.77734375,160.14520263671875,167.5503692626953,193.71034240722656,122.79065704345703,184.9420928955078,146.16632080078125,1.2652852714790321,1.136166057480022,0.8979524879412542
test_V谷_P10_宽谷粗糙平底,P10 V谷-宽谷粗糙平底,cfocus_p1_risk0.85_min002,current_family,1.0,0.85,0.02,"clip(C_focus^p * (1 - lambda R), 0.02, 1)",160000,0.1867007613182068,0.1963125318288803,0.009746551940455562,0.05569256347017647,0.6571428571428573,162.77734375,160.14520263671875,167.5503692626953,144.00306701660156,127.70271301269531,139.8633575439453,161.83067321777344,0.8642574041308783,0.8592311087146937,0.994184261086847
test_V谷_P10_宽谷粗糙平底,P10 V谷-宽谷粗糙平底,cfocus_p1.25_risk0_min002,current_family,1.25,0.0,0.02,"clip(C_focus^p * (1 - lambda R), 0.02, 1)",160000,0.24249453842639923,0.22985057532787323,-0.26188345172613037,-0.40547788294970327,-1.0,162.77734375,160.14520263671875,167.5503692626953,244.47679138183594,46.97660827636719,236.0747528076172,68.09019470214844,3.4670888200613175,1.4502924508351132,0.4183026527741115
test_V谷_P10_宽谷粗糙平底,P10 V谷-宽谷粗糙平底,cfocus_p1.25_risk0.25_min002,current_family,1.25,0.25,0.02,"clip(C_focus^p * (1 - lambda R), 0.02, 1)",160000,0.21511371433734894,0.20335856080055237,-0.21637912199793588,-0.3505438823161199,-1.0,162.77734375,160.14520263671875,167.5503692626953,230.26824951171875,68.11968994140625,226.6072998046875,84.94487762451172,2.6676982313916198,1.3921304684312832,0.5218470560311728
test_V谷_P10_宽谷粗糙平底,P10 V谷-宽谷粗糙平底,cfocus_p1.25_risk0.45_min002,current_family,1.25,0.45,0.02,"clip(C_focus^p * (1 - lambda R), 0.02, 1)",160000,0.1932477205991745,0.18858760595321655,-0.1647299286954182,-0.2848615871752446,-1.0,162.77734375,160.14520263671875,167.5503692626953,218.2339630126953,91.17943572998047,215.44503784179688,105.3313217163086,2.045403345664457,1.323556662607089,0.6470883434372825
test_V谷_P10_宽谷粗糙平底,P10 V谷-宽谷粗糙平底,cfocus_p1.25_risk0.65_min002,current_family,1.25,0.65,0.02,"clip(C_focus^p * (1 - lambda R), 0.02, 1)",160000,0.171470507979393,0.1810482293367386,-0.1003490688995601,-0.18467608642067387,-1.0,162.77734375,160.14520263671875,167.5503692626953,192.80804443359375,118.3588638305664,196.13589477539062,133.910888671875,1.4646747304917602,1.2049336244030622,0.8226629430539224
test_V谷_P10_宽谷粗糙平底,P10 V谷-宽谷粗糙平底,cfocus_p1.25_risk0.85_min002,current_family,1.25,0.85,0.02,"clip(C_focus^p * (1 - lambda R), 0.02, 1)",160000,0.150072380900383,0.1814560443162918,-0.030038965704777727,-0.016432036930110628,0.19999999999999996,162.77734375,160.14520263671875,167.5503692626953,151.2895965576172,124.98783874511719,160.12588500976562,157.8106689453125,1.0146708462737424,0.9837111315423196,0.9694879232559814
test_V谷_P10_宽谷粗糙平底,P10 V谷-宽谷粗糙平底,cfocus_p1.5_risk0_min002,current_family,1.5,0.0,0.02,"clip(C_focus^p * (1 - lambda R), 0.02, 1)",160000,0.20191922783851624,0.22161021828651428,-0.254764450164445,-0.4039906047159977,-0.9999999999999998,162.77734375,160.14520263671875,167.5503692626953,229.39630126953125,46.97660827636719,236.0747528076172,68.09019470214844,3.4670888200613175,1.4502924508351132,0.4183026527741115
test_V谷_P10_宽谷粗糙平底,P10 V谷-宽谷粗糙平底,cfocus_p1.5_risk0.25_min002,current_family,1.5,0.25,0.02,"clip(C_focus^p * (1 - lambda R), 0.02, 1)",160000,0.1788577139377594,0.19579587876796722,-0.21740419990825094,-0.3585313672102161,-0.9999999999999998,162.77734375,160.14520263671875,167.5503692626953,221.2213897705078,64.02226257324219,228.33984375,81.93958282470703,2.7866854562646037,1.4027741114924048,0.5033844448927312
test_V谷_P10_宽谷粗糙平底,P10 V谷-宽谷粗糙平底,cfocus_p1.5_risk0.45_min002,current_family,1.5,0.45,0.02,"clip(C_focus^p * (1 - lambda R), 0.02, 1)",160000,0.16046097874641418,0.18051199615001678,-0.17437559275764367,-0.3043598981766068,-0.9999999999999998,162.77734375,160.14520263671875,167.5503692626953,210.85252380371094,83.86389923095703,218.91287231445312,98.25092315673828,2.2280999025853894,1.3448608219745146,0.6035908984215641
test_V谷_P10_宽谷粗糙平底,P10 V谷-宽谷粗糙平底,cfocus_p1.5_risk0.65_min002,current_family,1.5,0.65,0.02,"clip(C_focus^p * (1 - lambda R), 0.02, 1)",160000,0.1421830803155899,0.17137658596038818,-0.11928313740750783,-0.22057703175114265,-0.9999999999999998,162.77734375,160.14520263671875,167.5503692626953,195.9487762451172,110.15430450439453,199.983154296875,123.16510772705078,1.6236997473347936,1.2285687288521994,0.7566477305110269
test_V谷_P10_宽谷粗糙平底,P10 V谷-宽谷粗糙平底,cfocus_p1.5_risk0.85_min002,current_family,1.5,0.85,0.02,"clip(C_focus^p * (1 - lambda R), 0.02, 1)",160000,0.12435241788625717,0.16920886933803558,-0.056910150766900564,-0.06959099463334242,-0.29999999999999993,162.77734375,160.14520263671875,167.5503692626953,159.4380645751953,122.14850616455078,160.3638458251953,153.41441345214844,1.045298431983475,0.9851730107568812,0.9424801383156152
test_V谷_P10_宽谷粗糙平底,P10 V谷-宽谷粗糙平底,cfocus_p1.75_risk0_min002,current_family,1.75,0.0,0.02,"clip(C_focus^p * (1 - lambda R), 0.02, 1)",160000,0.1719396412372589,0.2130601853132248,-0.24654329043220136,-0.40058455794536757,-0.9999999999999998,162.77734375,160.14520263671875,167.5503692626953,225.21945190429688,46.97660827636719,228.46664428710938,68.09019470214844,3.3553530767022557,1.4035530929783302,0.4183026527741115
test_V谷_P10_宽谷粗糙平底,P10 V谷-宽谷粗糙平底,cfocus_p1.75_risk0.25_min002,current_family,1.75,0.25,0.02,"clip(C_focus^p * (1 - lambda R), 0.02, 1)",160000,0.1522074043750763,0.18806616961956024,-0.21508443608491962,-0.3609735188895586,-0.9999999999999998,162.77734375,160.14520263671875,167.5503692626953,216.86419677734375,61.612998962402344,217.88543701171875,79.7766342163086,2.7311936527798113,1.338548915912745,0.4900966705712606
test_V谷_P10_宽谷粗糙平底,P10 V谷-宽谷粗糙平底,cfocus_p1.75_risk0.45_min002,current_family,1.75,0.45,0.02,"clip(C_focus^p * (1 - lambda R), 0.02, 1)",160000,0.13648997247219086,0.1727185696363449,-0.17843300420992678,-0.3147023011538497,-0.9999999999999998,162.77734375,160.14520263671875,167.5503692626953,206.83868408203125,78.56900024414062,208.29762268066406,93.78089904785156,2.2211092535419232,1.2796475104089176,0.5761299262376712
test_V谷_P10_宽谷粗糙平底,P10 V谷-宽谷粗糙平底,cfocus_p1.75_risk0.65_min002,current_family,1.75,0.65,0.02,"clip(C_focus^p * (1 - lambda R), 0.02, 1)",160000,0.12091206014156342,0.16276071965694427,-0.13058730835714125,-0.2426505632028555,-0.9999999999999998,162.77734375,160.14520263671875,167.5503692626953,189.4145965576172,100.38998413085938,191.5937957763672,115.20452117919922,1.6630753187051175,1.1770298701435051,0.707742972855823
test_V谷_P10_宽谷粗糙平底,P10 V谷-宽谷粗糙平底,cfocus_p1.75_risk0.85_min002,current_family,1.75,0.85,0.02,"clip(C_focus^p * (1 - lambda R), 0.02, 1)",160000,0.10581032931804657,0.15904991328716278,-0.07504483998350087,-0.10607828822600501,-0.7999999999999998,162.77734375,160.14520263671875,167.5503692626953,159.61766052246094,119.7174072265625,165.4327392578125,145.2486572265625,1.1389622624859543,1.016313053442442,0.8923149492452785
test_V谷_P10_宽谷粗糙平底,P10 V谷-宽谷粗糙平底,cfocus_p2_risk0_min002,current_family,2.0,0.0,0.02,"clip(C_focus^p * (1 - lambda R), 0.02, 1)",160000,0.1492955982685089,0.20491507649421692,-0.23785102735251415,-0.39535426481430586,-0.9999999999999998,162.77734375,160.14520263671875,167.5503692626953,216.03062438964844,46.97660827636719,218.3545379638672,68.09019470214844,3.2068426139627046,1.3414307724496652,0.4183026527741115
test_V谷_P10_宽谷粗糙平底,P10 V谷-宽谷粗糙平底,cfocus_p2_risk0.25_min002,current_family,2.0,0.25,0.02,"clip(C_focus^p * (1 - lambda R), 0.02, 1)",160000,0.13218563795089722,0.18076178431510925,-0.21086332392322787,-0.3601847579881273,-0.9999999999999998,162.77734375,160.14520263671875,167.5503692626953,207.27996826171875,59.87919235229492,209.85708618164062,78.2762451171875,2.680980492452892,1.2892278578027885,0.48087923855918985
test_V谷_P10_宽谷粗糙平底,P10 V谷-宽谷粗糙平底,cfocus_p2_risk0.45_min002,current_family,2.0,0.45,0.02,"clip(C_focus^p * (1 - lambda R), 0.02, 1)",160000,0.11857236176729202,0.1655765175819397,-0.179090194523186,-0.319480251749507,-0.9999999999999998,162.77734375,160.14520263671875,167.5503692626953,197.17933654785156,74.34796905517578,203.74095153808594,90.24153137207031,2.2577293230768865,1.2516542342096422,0.5543863125734924
test_V谷_P10_宽谷粗糙平底,P10 V谷-宽谷粗糙平底,cfocus_p2_risk0.65_min002,current_family,2.0,0.65,0.02,"clip(C_focus^p * (1 - lambda R), 0.02, 1)",160000,0.10510803014039993,0.15522950887680054,-0.13698077817892942,-0.25584062140286484,-0.9999999999999998,162.77734375,160.14520263671875,167.5503692626953,184.6830596923828,93.8465805053711,190.85716247558594,108.63256072998047,1.7569056753617802,1.1725044657855583,0.6673690467441387
test_V谷_P10_宽谷粗糙平底,P10 V谷-宽谷粗糙平底,cfocus_p2_risk0.85_min002,current_family,2.0,0.85,0.02,"clip(C_focus^p * (1 - lambda R), 0.02, 1)",160000,0.09212803095579147,0.15058153867721558,-0.08720017236399201,-0.13062564702025392,-0.7999999999999998,162.77734375,160.14520263671875,167.5503692626953,158.1397247314453,117.17424011230469,171.65655517578125,138.38656616210938,1.2404134298317555,1.0545482019869934,0.8501586460008159
test_V谷_P10_宽谷粗糙平底,P10 V谷-宽谷粗糙平底,cfocus_p2.5_risk0_min002,current_family,2.5,0.0,0.02,"clip(C_focus^p * (1 - lambda R), 0.02, 1)",160000,0.11817941814661026,0.19072985649108887,-0.22043231281608663,-0.38112168025733384,-0.9999999999999998,162.77734375,160.14520263671875,167.5503692626953,198.88958740234375,46.97660827636719,212.93516540527344,68.09019470214844,3.127251527723341,1.3081376099385664,0.4183026527741115
test_V谷_P10_宽谷粗糙平底,P10 V谷-宽谷粗糙平底,cfocus_p2.5_risk0.25_min002,current_family,2.5,0.25,0.02,"clip(C_focus^p * (1 - lambda R), 0.02, 1)",160000,0.10484975576400757,0.16815471649169922,-0.19965278901920627,-0.3512529912400587,-0.9999999999999998,162.77734375,160.14520263671875,167.5503692626953,191.12782287597656,57.29047393798828,206.04762268066406,75.84181213378906,2.716807746064729,1.2658249479554127,0.46592363769168005
test_V谷_P10_宽谷粗糙平底,P10 V谷-宽谷粗糙平底,cfocus_p2.5_risk0.45_min002,current_family,2.5,0.45,0.02,"clip(C_focus^p * (1 - lambda R), 0.02, 1)",160000,0.09426839649677277,0.1535610407590866,-0.17477033177209186,-0.3173544891462814,-0.9999999999999998,162.77734375,160.14520263671875,167.5503692626953,185.76747131347656,68.78026580810547,198.8333740234375,85.36563873291016,2.3291968170652635,1.2215052134578004,0.5244319434528809
test_V谷_P10_宽谷粗糙平底,P10 V谷-宽谷粗糙平底,cfocus_p2.5_risk0.65_min002,current_family,2.5,0.65,0.02,"clip(C_focus^p * (1 - lambda R), 0.02, 1)",160000,0.08383902162313461,0.14306481182575226,-0.14107530341744898,-0.26422792668748546,-1.0,162.77734375,160.14520263671875,167.5503692626953,181.32989501953125,85.34843444824219,190.0157470703125,99.84673309326172,1.9030742537447722,1.1673353471238992,0.6133945350933503
test_V谷_P10_宽谷粗糙平底,P10 V谷-宽谷粗糙平底,cfocus_p2.5_risk0.85_min002,current_family,2.5,0.85,0.02,"clip(C_focus^p * (1 - lambda R), 0.02, 1)",160000,0.07387787103652954,0.13749782741069794,-0.10029277579560995,-0.1555866747860405,-1.0,162.77734375,160.14520263671875,167.5503692626953,169.84207153320312,112.63838958740234,171.9066162109375,126.33589172363281,1.3607108309884994,1.056084417220609,0.7761270015418397
test_V谷_P10_宽谷粗糙平底,P10 V谷-宽谷粗糙平底,focus_only_p1,focus_only,1.0,0.0,0.02,"clip(C_focus^p, 0.02, 1)",160000,0.29882827401161194,0.2360953539609909,-0.2671678585155102,-0.40621885598375757,-1.0,162.77734375,160.14520263671875,167.5503692626953,243.96307373046875,46.97660827636719,236.0747528076172,68.09019470214844,3.4670888200613175,1.4502924508351132,0.4183026527741115
test_V谷_P10_宽谷粗糙平底,P10 V谷-宽谷粗糙平底,focus_only_p1.5,focus_only,1.5,0.0,0.02,"clip(C_focus^p, 0.02, 1)",160000,0.20191922783851624,0.22161021828651428,-0.254764450164445,-0.4039906047159977,-0.9999999999999998,162.77734375,160.14520263671875,167.5503692626953,229.39630126953125,46.97660827636719,236.0747528076172,68.09019470214844,3.4670888200613175,1.4502924508351132,0.4183026527741115
test_V谷_P10_宽谷粗糙平底,P10 V谷-宽谷粗糙平底,focus_only_p2,focus_only,2.0,0.0,0.02,"clip(C_focus^p, 0.02, 1)",160000,0.1492955982685089,0.20491507649421692,-0.23785102735251415,-0.39535426481430586,-0.9999999999999998,162.77734375,160.14520263671875,167.5503692626953,216.03062438964844,46.97660827636719,218.3545379638672,68.09019470214844,3.2068426139627046,1.3414307724496652,0.4183026527741115
test_V谷_P10_宽谷粗糙平底,P10 V谷-宽谷粗糙平底,baseline_cfocus1_1minusrisk_p0.5,baseline_family,1.0,0.5,0.0,"clip(C_focus * (1 - R)^q, 0, 1)",160000,0.17940855026245117,0.2089373767375946,0.03396158446681082,0.19827774266835266,0.6,162.77734375,160.14520263671875,167.5503692626953,41.151859283447266,121.66938781738281,49.08388137817383,154.82937622070312,0.31701917669813967,0.3015400070267692,0.9511727655323846
test_V谷_P10_宽谷粗糙平底,P10 V谷-宽谷粗糙平底,baseline_cfocus1_1minusrisk_p1,baseline_family,1.0,1.0,0.0,"clip(C_focus * (1 - R)^q, 0, 1)",160000,0.16579392552375793,0.20682373642921448,0.06516253476124631,0.27382836579986736,0.6,162.77734375,160.14520263671875,167.5503692626953,41.151859283447266,130.20481872558594,39.063968658447266,165.47412109375,0.23607297866423127,0.23998406509473014,1.0165672770031917
test_V谷_P10_宽谷粗糙平底,P10 V谷-宽谷粗糙平底,baseline_cfocus1_1minusrisk_p1.5,baseline_family,1.0,1.5,0.0,"clip(C_focus * (1 - R)^q, 0, 1)",160000,0.15922480821609497,0.20536042749881744,0.0784356538970428,0.30653557746920257,0.6,162.77734375,160.14520263671875,167.5503692626953,41.151859283447266,135.4285888671875,38.2310905456543,170.43939208984375,0.2243090055466845,0.23486739410351323,1.047070729644117
test_V谷_P10_宽谷粗糙平底,P10 V谷-宽谷粗糙平底,baseline_cfocus1_1minusrisk_p2,baseline_family,1.0,2.0,0.0,"clip(C_focus * (1 - R)^q, 0, 1)",160000,0.15509416162967682,0.2042221873998642,0.08607995125916254,0.3254896713790953,0.6,162.77734375,160.14520263671875,167.5503692626953,41.151859283447266,138.43153381347656,38.0683479309082,173.84616088867188,0.21897721374063892,0.23386760745632454,1.0679997405269852
test_V谷_P10_宽谷粗糙平底,P10 V谷-宽谷粗糙平底,risk_only_coeff1,risk_only,0.0,1.0,0.0,"clip(1 - R, 0, 1)",160000,0.6237168312072754,0.4520243704319,0.4253540449821591,0.5084880041609204,0.7999999999999998,162.77734375,160.14520263671875,167.5503692626953,41.131797790527344,248.4950714111328,37.63190460205078,242.0904083251953,0.15544566537101537,0.23118637849163687,1.487248794875333
test_A型突起刃脊_柏林粗糙,A型刃脊-柏林粗糙,cfocus_p0.75_risk0_min002,current_family,0.75,0.0,0.02,"clip(C_focus^p * (1 - lambda R), 0.02, 1)",160000,0.46556517481803894,0.25115180015563965,-0.3529789471120944,-0.6756675105763209,-1.0,90.95306396484375,91.46025085449219,94.73080444335938,218.31068420410156,9.647688865661621,195.94918823242188,13.97256851196289,14.023848805225475,2.1543989799855723,0.1536239451742245
test_A型突起刃脊_柏林粗糙,A型刃脊-柏林粗糙,cfocus_p0.75_risk0.25_min002,current_family,0.75,0.25,0.02,"clip(C_focus^p * (1 - lambda R), 0.02, 1)",160000,0.3919127583503723,0.2097860872745514,-0.28921538450590345,-0.6107731414848446,-1.0,90.95306396484375,91.46025085449219,94.73080444335938,194.79208374023438,22.694801330566406,177.5970001220703,26.228248596191406,6.771210798568498,1.9526225107789354,0.2883712483433154
test_A型突起刃脊_柏林粗糙,A型刃脊-柏林粗糙,cfocus_p0.75_risk0.45_min002,current_family,0.75,0.45,0.02,"clip(C_focus^p * (1 - lambda R), 0.02, 1)",160000,0.33299747109413147,0.19040820002555847,-0.20110696954332577,-0.5066302227582892,-1.0,90.95306396484375,91.46025085449219,94.73080444335938,170.09793090820312,44.7471809387207,157.29100036621094,50.41971969604492,3.1196325825379256,1.7293645041689734,0.5543487761504521
test_A型突起刃脊_柏林粗糙,A型刃脊-柏林粗糙,cfocus_p0.75_risk0.65_min002,current_family,0.75,0.65,0.02,"clip(C_focus^p * (1 - lambda R), 0.02, 1)",160000,0.2741010785102844,0.1875135898590088,-0.08487469833242857,-0.3376994173157685,-0.7142857142857144,90.95306396484375,91.46025085449219,94.73080444335938,137.12744140625,56.31013488769531,126.4632339477539,83.07029724121094,1.5223640476516298,1.3904230207861492,0.9133314879124935
test_A型突起刃脊_柏林粗糙,A型刃脊-柏林粗糙,cfocus_p0.75_risk0.85_min002,current_family,0.75,0.85,0.02,"clip(C_focus^p * (1 - lambda R), 0.02, 1)",160000,0.2153228521347046,0.20173047482967377,0.03190214933973119,-0.0980764892563936,0.6,90.95306396484375,91.46025085449219,94.73080444335938,86.29605102539062,64.22469329833984,79.87279510498047,96.9000473022461,0.8242802488614375,0.8781759692653548,1.0653851896589326
test_A型突起刃脊_柏林粗糙,A型刃脊-柏林粗糙,cfocus_p1_risk0_min002,current_family,1.0,0.0,0.02,"clip(C_focus^p * (1 - lambda R), 0.02, 1)",160000,0.3854716420173645,0.2580989599227905,-0.34170200958468083,-0.6756450570736776,-1.0,90.95306396484375,91.46025085449219,94.73080444335938,218.31068420410156,9.647688865661621,195.94918823242188,13.97256851196289,14.023848805225475,2.1543989799855723,0.1536239451742245
test_A型突起刃脊_柏林粗糙,A型刃脊-柏林粗糙,cfocus_p1_risk0.25_min002,current_family,1.0,0.25,0.02,"clip(C_focus^p * (1 - lambda R), 0.02, 1)",160000,0.3233092427253723,0.21547363698482513,-0.29683956973859355,-0.6304672352947682,-1.0,90.95306396484375,91.46025085449219,94.73080444335938,200.63792419433594,18.003276824951172,182.0829620361328,22.378520965576172,8.136505639323639,2.0019442347375307,0.2460447179022598
test_A型突起刃脊_柏林粗糙,A型刃脊-柏林粗糙,cfocus_p1_risk0.45_min002,current_family,1.0,0.45,0.02,"clip(C_focus^p * (1 - lambda R), 0.02, 1)",160000,0.27359721064567566,0.19158855080604553,-0.23268374539106984,-0.559796152334991,-1.0,90.95306396484375,91.46025085449219,94.73080444335938,182.61834716796875,33.315696716308594,167.60121154785156,37.49541091918945,4.46991264901904,1.8427219957387555,0.41225011324173333
test_A型突起刃脊_柏林粗糙,A型刃脊-柏林粗糙,cfocus_p1_risk0.65_min002,current_family,1.0,0.65,0.02,"clip(C_focus^p * (1 - lambda R), 0.02, 1)",160000,0.2239341288805008,0.18079537153244019,-0.13943104854540297,-0.435105329721218,-0.942857142857143,90.95306396484375,91.46025085449219,94.73080444335938,156.85130310058594,49.279319763183594,144.84310913085938,65.4301528930664,2.2137058026989314,1.5925039005485933,0.7193837133222608
test_A型突起刃脊_柏林粗糙,A型刃脊-柏林粗糙,cfocus_p1_risk0.85_min002,current_family,1.0,0.85,0.02,"clip(C_focus^p * (1 - lambda R), 0.02, 1)",160000,0.1745108813047409,0.18526850640773773,-0.031787831681617834,-0.21517935598722965,-0.08571428571428572,90.95306396484375,91.46025085449219,94.73080444335938,112.56104278564453,57.53950500488281,103.8810806274414,87.14973449707031,1.1919839024975292,1.142139429932726,0.9581836025970104
test_A型突起刃脊_柏林粗糙,A型刃脊-柏林粗糙,cfocus_p1.25_risk0_min002,current_family,1.25,0.0,0.02,"clip(C_focus^p * (1 - lambda R), 0.02, 1)",160000,0.32619917392730713,0.2569065988063812,-0.3286776528273799,-0.6754506785470196,-1.0,90.95306396484375,91.46025085449219,94.73080444335938,218.31068420410156,9.647688865661621,195.94918823242188,13.97256851196289,14.023848805225475,2.1543989799855723,0.1536239451742245
test_A型突起刃脊_柏林粗糙,A型刃脊-柏林粗糙,cfocus_p1.25_risk0.25_min002,current_family,1.25,0.25,0.02,"clip(C_focus^p * (1 - lambda R), 0.02, 1)",160000,0.2728874087333679,0.21448533236980438,-0.2946922100491295,-0.64099972034029,-1.0,90.95306396484375,91.46025085449219,94.73080444335938,204.49859619140625,15.901787757873535,184.8952178955078,20.38570785522461,9.069845364634784,2.0328640931434228,0.22413437180196957
test_A型突起刃脊_柏林粗糙,A型刃脊-柏林粗糙,cfocus_p1.25_risk0.45_min002,current_family,1.25,0.45,0.02,"clip(C_focus^p * (1 - lambda R), 0.02, 1)",160000,0.2302718311548233,0.1887296587228775,-0.24494126523619586,-0.588860378033307,-1.0,90.95306396484375,91.46025085449219,94.73080444335938,189.30618286132812,26.618133544921875,173.3622283935547,30.810529708862305,5.626720151574966,1.9060625429899174,0.338751971244988
test_A型突起刃脊_柏林粗糙,A型刃脊-柏林粗糙,cfocus_p1.25_risk0.65_min002,current_family,1.25,0.65,0.02,"clip(C_focus^p * (1 - lambda R), 0.02, 1)",160000,0.18773868680000305,0.17381837964057922,-0.16837320020952798,-0.49381091619874257,-1.0,90.95306396484375,91.46025085449219,94.73080444335938,168.465576171875,44.165382385253906,155.63327026367188,52.259891510009766,2.9780634013345044,1.7111382891271159,0.574580879762444
test_A型突起刃脊_柏林粗糙,A型刃脊-柏林粗糙,cfocus_p1.25_risk0.85_min002,current_family,1.25,0.85,0.02,"clip(C_focus^p * (1 - lambda R), 0.02, 1)",160000,0.1455611288547516,0.17243696749210358,-0.0718626469573728,-0.3049557262329641,-0.5428571428571428,90.95306396484375,91.46025085449219,94.73080444335938,130.16006469726562,52.48237609863281,121.30429077148438,79.78272247314453,1.5204330838962825,1.3337020819702383,0.8771856493364873
test_A型突起刃脊_柏林粗糙,A型刃脊-柏林粗糙,cfocus_p1.5_risk0_min002,current_family,1.5,0.0,0.02,"clip(C_focus^p * (1 - lambda R), 0.02, 1)",160000,0.28108713030815125,0.25186657905578613,-0.314911817411514,-0.6747977598788945,-1.0,90.95306396484375,91.46025085449219,94.73080444335938,211.757568359375,9.647688865661621,195.94918823242188,13.97256851196289,14.023848805225475,2.1543989799855723,0.1536239451742245
test_A型突起刃脊_柏林粗糙,A型刃脊-柏林粗糙,cfocus_p1.5_risk0.25_min002,current_family,1.5,0.25,0.02,"clip(C_focus^p * (1 - lambda R), 0.02, 1)",160000,0.23476098477840424,0.2103053480386734,-0.28781147203785956,-0.6469095642403607,-1.0,90.95306396484375,91.46025085449219,94.73080444335938,201.4302520751953,14.583451271057129,186.7728729248047,18.914995193481445,9.874328331268677,2.0535083127820557,0.2079643540188233
test_A型突起刃脊_柏林粗糙,A型刃脊-柏林粗糙,cfocus_p1.5_risk0.45_min002,current_family,1.5,0.45,0.02,"clip(C_focus^p * (1 - lambda R), 0.02, 1)",160000,0.19775299727916718,0.18392980098724365,-0.24743188143327366,-0.6059541877812169,-1.0,90.95306396484375,91.46025085449219,94.73080444335938,189.53683471679688,23.18251609802246,177.11534118652344,26.92502212524414,6.578094545759541,1.9473268240307346,0.2960320516046773
test_A型突起刃脊_柏林粗糙,A型刃脊-柏林粗糙,cfocus_p1.5_risk0.65_min002,current_family,1.5,0.65,0.02,"clip(C_focus^p * (1 - lambda R), 0.02, 1)",160000,0.16085955500602722,0.16685280203819275,-0.18290959405722643,-0.5305800808988742,-1.0,90.95306396484375,91.46025085449219,94.73080444335938,174.48599243164062,39.19221496582031,162.51119995117188,42.93296432495117,3.785231290370647,1.7867589377086583,0.4720342828862382
test_A型突起刃脊_柏林粗糙,A型刃脊-柏林粗糙,cfocus_p1.5_risk0.85_min002,current_family,1.5,0.85,0.02,"clip(C_focus^p * (1 - lambda R), 0.02, 1)",160000,0.12439073622226715,0.16190552711486816,-0.09660570900919034,-0.36925371924435757,-0.6999999999999998,90.95306396484375,91.46025085449219,94.73080444335938,131.9463653564453,48.41542053222656,131.3690948486328,73.28114318847656,1.7926725639467176,1.4443614005066518,0.8057028536916805
test_A型突起刃脊_柏林粗糙,A型刃脊-柏林粗糙,cfocus_p1.75_risk0_min002,current_family,1.75,0.0,0.02,"clip(C_focus^p * (1 - lambda R), 0.02, 1)",160000,0.2459438294172287,0.24512337148189545,-0.30098711705856324,-0.6730181139463025,-1.0,90.95306396484375,91.46025085449219,94.73080444335938,204.9764404296875,9.647688865661621,195.94918823242188,13.97256851196289,14.023848805225475,2.1543989799855723,0.1536239451742245
test_A型突起刃脊_柏林粗糙,A型刃脊-柏林粗糙,cfocus_p1.75_risk0.25_min002,current_family,1.75,0.25,0.02,"clip(C_focus^p * (1 - lambda R), 0.02, 1)",160000,0.20524322986602783,0.20470936596393585,-0.2785219613304416,-0.6493726649273973,-0.9999999999999998,90.95306396484375,91.46025085449219,94.73080444335938,190.12950134277344,13.505271911621094,188.34561157226562,18.0565242767334,10.430889615614284,2.0708000738168337,0.19852573942657742
test_A型突起刃脊_柏林粗糙,A型刃脊-柏林粗糙,cfocus_p1.75_risk0.45_min002,current_family,1.75,0.45,0.02,"clip(C_focus^p * (1 - lambda R), 0.02, 1)",160000,0.17274907231330872,0.17835550010204315,-0.24457433802839113,-0.6155689045069441,-0.9999999999999998,90.95306396484375,91.46025085449219,94.73080444335938,178.80450439453125,20.089189529418945,179.89697265625,24.220060348510742,7.42760216397692,1.9779099770161224,0.26629185749995804
test_A型突起刃脊_柏林粗糙,A型刃脊-柏林粗糙,cfocus_p1.75_risk0.65_min002,current_family,1.75,0.65,0.02,"clip(C_focus^p * (1 - lambda R), 0.02, 1)",160000,0.14039023220539093,0.16019490361213684,-0.18889695367328027,-0.5535907237737574,-0.9999999999999998,90.95306396484375,91.46025085449219,94.73080444335938,160.4413299560547,32.365867614746094,161.91671752929688,37.17551040649414,4.355467235253126,1.7802227926250274,0.4087329088865402
test_A型突起刃脊_柏林粗糙,A型刃脊-柏林粗糙,cfocus_p1.75_risk0.85_min002,current_family,1.75,0.85,0.02,"clip(C_focus^p * (1 - lambda R), 0.02, 1)",160000,0.10850580036640167,0.15304328501224518,-0.11133184582360794,-0.41248235876784306,-0.8999999999999998,90.95306396484375,91.46025085449219,94.73080444335938,128.4366912841797,45.32878112792969,137.77650451660156,64.037841796875,2.151485756712759,1.5148088311775463,0.7040756958075394
test_A型突起刃脊_柏林粗糙,A型刃脊-柏林粗糙,cfocus_p2_risk0_min002,current_family,2.0,0.0,0.02,"clip(C_focus^p * (1 - lambda R), 0.02, 1)",160000,0.21802109479904175,0.23777852952480316,-0.2873740415642373,-0.6701233643757978,-0.9999999999999998,90.95306396484375,91.46025085449219,94.73080444335938,187.34715270996094,9.647688865661621,189.4070281982422,13.97256851196289,13.555634244060254,2.0824700119113526,0.1536239451742245
test_A型突起刃脊_柏林粗糙,A型刃脊-柏林粗糙,cfocus_p2_risk0.25_min002,current_family,2.0,0.25,0.02,"clip(C_focus^p * (1 - lambda R), 0.02, 1)",160000,0.1819193959236145,0.19862346351146698,-0.26816880969157103,-0.6492521417287579,-0.9999999999999998,90.95306396484375,91.46025085449219,94.73080444335938,177.42881774902344,12.996492385864258,179.940185546875,17.538288116455078,10.259848871911757,1.9783850889996142,0.19282789773013237
test_A型突起刃脊_柏林粗糙,A型刃脊-柏林粗糙,cfocus_p2_risk0.45_min002,current_family,2.0,0.45,0.02,"clip(C_focus^p * (1 - lambda R), 0.02, 1)",160000,0.15311318635940552,0.17262935638427734,-0.23883493706215947,-0.6201727977724042,-0.9999999999999998,90.95306396484375,91.46025085449219,94.73080444335938,169.23934936523438,18.270689010620117,173.2056427001953,22.730520248413086,7.619959455714065,1.9043409331118828,0.24991483802237993
test_A型突起刃脊_柏林粗糙,A型刃脊-柏林粗糙,cfocus_p2_risk0.65_min002,current_family,2.0,0.65,0.02,"clip(C_focus^p * (1 - lambda R), 0.02, 1)",160000,0.12445613741874695,0.15400448441505432,-0.18984406346896998,-0.566963077597976,-0.9999999999999998,90.95306396484375,91.46025085449219,94.73080444335938,152.34121704101562,28.544466018676758,161.4364776611328,32.960636138916016,4.89785685509048,1.7749427080711997,0.3623917073498079
test_A型突起刃脊_柏林粗糙,A型刃脊-柏林粗糙,cfocus_p2_risk0.85_min002,current_family,2.0,0.85,0.02,"clip(C_focus^p * (1 - lambda R), 0.02, 1)",160000,0.09632156789302826,0.14547784626483917,-0.11964255290402807,-0.44015541033882344,-0.9999999999999998,90.95306396484375,91.46025085449219,94.73080444335938,123.56707763671875,42.70493698120117,132.70509338378906,56.958431243896484,2.3298586440266362,1.459050279329609,0.6262398292146896
test_A型突起刃脊_柏林粗糙,A型刃脊-柏林粗糙,cfocus_p2.5_risk0_min002,current_family,2.5,0.0,0.02,"clip(C_focus^p * (1 - lambda R), 0.02, 1)",160000,0.17691177129745483,0.2233111709356308,-0.261875296959874,-0.6600439044142575,-0.9999999999999998,90.95306396484375,91.46025085449219,94.73080444335938,160.4016876220703,9.647688865661621,175.9696807861328,13.97256851196289,12.593939377393133,1.9347306524401497,0.1536239451742245
test_A型突起刃脊_柏林粗糙,A型刃脊-柏林粗糙,cfocus_p2.5_risk0.25_min002,current_family,2.5,0.25,0.02,"clip(C_focus^p * (1 - lambda R), 0.02, 1)",160000,0.14781159162521362,0.1866755485534668,-0.24681977409599223,-0.6424335939580101,-0.9999999999999998,90.95306396484375,91.46025085449219,94.73080444335938,152.91192626953125,12.11518383026123,166.23402404785156,16.859291076660156,9.860083872564747,1.827690204170651,0.18536254131226199
test_A型突起刃脊_柏林粗糙,A型刃脊-柏林粗糙,cfocus_p2.5_risk0.45_min002,current_family,2.5,0.45,0.02,"clip(C_focus^p * (1 - lambda R), 0.02, 1)",160000,0.12461847066879272,0.16182805597782135,-0.22355039367959356,-0.6183901553742369,-0.9999999999999998,90.95306396484375,91.46025085449219,94.73080444335938,146.16297912597656,16.207807540893555,157.2315673828125,20.564319610595703,7.6458434006150835,1.7287110574261413,0.22609815122384955
test_A型突起刃脊_柏林粗糙,A型刃脊-柏林粗糙,cfocus_p2.5_risk0.65_min002,current_family,2.5,0.65,0.02,"clip(C_focus^p * (1 - lambda R), 0.02, 1)",160000,0.10160061717033386,0.14320166409015656,-0.18387869247822025,-0.5742985174246913,-0.9999999999999998,90.95306396484375,91.46025085449219,94.73080444335938,136.4422149658203,23.81863021850586,146.171142578125,27.672706604003906,5.282141160596694,1.6071052057644237,0.30425260455986713
test_A型突起刃脊_柏林粗糙,A型刃脊-柏林粗糙,cfocus_p2.5_risk0.85_min002,current_family,2.5,0.85,0.02,"clip(C_focus^p * (1 - lambda R), 0.02, 1)",160000,0.0791730284690857,0.1333099901676178,-0.12517290847268567,-0.46152486174916013,-0.9999999999999998,90.95306396484375,91.46025085449219,94.73080444335938,123.08055114746094,38.69411087036133,124.7923583984375,45.30574035644531,2.7544491584648436,1.3720522757394267,0.4981222004127032
test_A型突起刃脊_柏林粗糙,A型刃脊-柏林粗糙,focus_only_p1,focus_only,1.0,0.0,0.02,"clip(C_focus^p, 0.02, 1)",160000,0.3854716420173645,0.2580989599227905,-0.34170200958468083,-0.6756450570736776,-1.0,90.95306396484375,91.46025085449219,94.73080444335938,218.31068420410156,9.647688865661621,195.94918823242188,13.97256851196289,14.023848805225475,2.1543989799855723,0.1536239451742245
test_A型突起刃脊_柏林粗糙,A型刃脊-柏林粗糙,focus_only_p1.5,focus_only,1.5,0.0,0.02,"clip(C_focus^p, 0.02, 1)",160000,0.28108713030815125,0.25186657905578613,-0.314911817411514,-0.6747977598788945,-1.0,90.95306396484375,91.46025085449219,94.73080444335938,211.757568359375,9.647688865661621,195.94918823242188,13.97256851196289,14.023848805225475,2.1543989799855723,0.1536239451742245
test_A型突起刃脊_柏林粗糙,A型刃脊-柏林粗糙,focus_only_p2,focus_only,2.0,0.0,0.02,"clip(C_focus^p, 0.02, 1)",160000,0.21802109479904175,0.23777852952480316,-0.2873740415642373,-0.6701233643757978,-0.9999999999999998,90.95306396484375,91.46025085449219,94.73080444335938,187.34715270996094,9.647688865661621,189.4070281982422,13.97256851196289,13.555634244060254,2.0824700119113526,0.1536239451742245
test_A型突起刃脊_柏林粗糙,A型刃脊-柏林粗糙,baseline_cfocus1_1minusrisk_p0.5,baseline_family,1.0,0.5,0.0,"clip(C_focus * (1 - R)^q, 0, 1)",160000,0.16516150534152985,0.206781804561615,-0.006462260282509724,0.03657793055974718,0.6,90.95306396484375,91.46025085449219,94.73080444335938,24.755840301513672,47.649681091308594,28.897165298461914,75.59500122070312,0.3822629119893165,0.3177151383226802,0.8311429865619809
test_A型突起刃脊_柏林粗糙,A型刃脊-柏林粗糙,baseline_cfocus1_1minusrisk_p1,baseline_family,1.0,1.0,0.0,"clip(C_focus * (1 - R)^q, 0, 1)",160000,0.13645702600479126,0.1989719569683075,0.04294058921935461,0.14894959777832517,0.6,90.95306396484375,91.46025085449219,94.73080444335938,24.755840301513672,62.405235290527344,24.90853500366211,95.58004760742188,0.2606039191983824,0.273861417283205,1.050872212995118
test_A型突起刃脊_柏林粗糙,A型刃脊-柏林粗糙,baseline_cfocus1_1minusrisk_p1.5,baseline_family,1.0,1.5,0.0,"clip(C_focus * (1 - R)^q, 0, 1)",160000,0.12307039648294449,0.1938094198703766,0.06574235503490791,0.1964127824822163,0.7714285714285715,90.95306396484375,91.46025085449219,94.73080444335938,24.755840301513672,71.06251525878906,24.56998062133789,108.70130157470703,0.22603207381515764,0.2701391195664939,1.195136225611086
test_A型突起刃脊_柏林粗糙,A型刃脊-柏林粗糙,baseline_cfocus1_1minusrisk_p2,baseline_family,1.0,2.0,0.0,"clip(C_focus * (1 - R)^q, 0, 1)",160000,0.11484088003635406,0.19002093374729156,0.07971085304669617,0.22366266044533936,0.7714285714285715,90.95306396484375,91.46025085449219,94.73080444335938,24.755840301513672,77.89314270019531,24.406841278076172,117.32394409179688,0.20802949872687296,0.26834545439294044,1.2899394366433472
test_A型突起刃脊_柏林粗糙,A型刃脊-柏林粗糙,risk_only_coeff1,risk_only,0.0,1.0,0.0,"clip(1 - R, 0, 1)",160000,0.43176600337028503,0.43735194206237793,0.43563664091276455,0.4239294324745148,0.942857142857143,90.95306396484375,91.46025085449219,94.73080444335938,24.755840301513672,289.636962890625,23.786911010742188,265.96466064453125,0.08943635952647866,0.2615295183451608,2.924196822520845
test_山峰_分形粗糙,山峰-分形粗糙,cfocus_p0.75_risk0_min002,current_family,0.75,0.0,0.02,"clip(C_focus^p * (1 - lambda R), 0.02, 1)",160000,0.4221538007259369,0.22822974622249603,-0.22599746182036368,-0.40038134750682836,-1.0,61.40043258666992,60.36453628540039,66.03693389892578,118.57831573486328,21.17789649963379,106.37615966796875,27.420194625854492,3.8794822983373978,1.7324985376579105,0.44657982803540436
test_山峰_分形粗糙,山峰-分形粗糙,cfocus_p0.75_risk0.25_min002,current_family,0.75,0.25,0.02,"clip(C_focus^p * (1 - lambda R), 0.02, 1)",160000,0.37968844175338745,0.2147483378648758,-0.1735373346543646,-0.3284719000523544,-1.0,61.40043258666992,60.36453628540039,66.03693389892578,109.53569793701172,28.41822052001953,97.80992889404297,36.57989501953125,2.6738712301339005,1.5929843614046064,0.5957595651772781
test_山峰_分形粗糙,山峰-分形粗糙,cfocus_p0.75_risk0.45_min002,current_family,0.75,0.45,0.02,"clip(C_focus^p * (1 - lambda R), 0.02, 1)",160000,0.3457217216491699,0.21372514963150024,-0.1207940708425181,-0.24491121308850142,-0.8285714285714285,61.40043258666992,60.36453628540039,66.03693389892578,97.97807312011719,32.18417739868164,87.5860595703125,43.53638458251953,2.011789918023637,1.4264730048388534,0.709056642574393
test_山峰_分形粗糙,山峰-分形粗糙,cfocus_p0.75_risk0.65_min002,current_family,0.75,0.65,0.02,"clip(C_focus^p * (1 - lambda R), 0.02, 1)",160000,0.31177225708961487,0.22156448662281036,-0.06485162558341734,-0.13963958595906992,-0.48571428571428577,61.40043258666992,60.36453628540039,66.03693389892578,81.31419372558594,33.28898620605469,73.01622009277344,47.807960510253906,1.5272816349719172,1.1891808740876089,0.778625792949756
test_山峰_分形粗糙,山峰-分形粗糙,cfocus_p0.75_risk0.85_min002,current_family,0.75,0.85,0.02,"clip(C_focus^p * (1 - lambda R), 0.02, 1)",160000,0.27793431282043457,0.23729276657104492,-0.012377122325909392,-0.02521517430426036,0.2571428571428572,61.40043258666992,60.36453628540039,66.03693389892578,57.09809494018555,34.71256637573242,50.07685470581055,50.07204818725586,1.0000959920500299,0.8155782068004886,0.8154999252908609
test_山峰_分形粗糙,山峰-分形粗糙,cfocus_p1_risk0_min002,current_family,1.0,0.0,0.02,"clip(C_focus^p * (1 - lambda R), 0.02, 1)",160000,0.33793628215789795,0.23146836459636688,-0.21728788021416487,-0.4002934913942878,-1.0,61.40043258666992,60.36453628540039,66.03693389892578,118.57832336425781,21.17789649963379,106.37615966796875,27.420194625854492,3.8794822983373978,1.7324985376579105,0.44657982803540436
test_山峰_分形粗糙,山峰-分形粗糙,cfocus_p1_risk0.25_min002,current_family,1.0,0.25,0.02,"clip(C_focus^p * (1 - lambda R), 0.02, 1)",160000,0.3042510747909546,0.2167939692735672,-0.17828848818278775,-0.34751347503877006,-1.0,61.40043258666992,60.36453628540039,66.03693389892578,111.75813293457031,26.37278938293457,99.98737335205078,34.229454040527344,2.9210916783442324,1.628447376342396,0.5574790371747085
test_山峰_分形粗糙,山峰-分形粗糙,cfocus_p1_risk0.45_min002,current_family,1.0,0.45,0.02,"clip(C_focus^p * (1 - lambda R), 0.02, 1)",160000,0.2773192524909973,0.21209827065467834,-0.13832709575261237,-0.28509635895630553,-1.0,61.40043258666992,60.36453628540039,66.03693389892578,103.79428100585938,31.13174057006836,92.70548248291016,40.63795471191406,2.2812536492081663,1.5098506407434755,0.6618512769360617
test_山峰_分形粗糙,山峰-分形粗糙,cfocus_p1_risk0.65_min002,current_family,1.0,0.65,0.02,"clip(C_focus^p * (1 - lambda R), 0.02, 1)",160000,0.25043267011642456,0.21411970257759094,-0.09355916588114961,-0.19810487104622576,-0.6,61.40043258666992,60.36453628540039,66.03693389892578,91.6358413696289,32.43373489379883,81.57879638671875,45.88739013671875,1.7778042321356604,1.3286355315423228,0.7473463655479349
test_山峰_分形粗糙,山峰-分形粗糙,cfocus_p1_risk0.85_min002,current_family,1.0,0.85,0.02,"clip(C_focus^p * (1 - lambda R), 0.02, 1)",160000,0.22377029061317444,0.2225228250026703,-0.048395238589421775,-0.08071692400778387,-0.08571428571428572,61.40043258666992,60.36453628540039,66.03693389892578,69.69721984863281,33.32341766357422,62.2603874206543,48.237178802490234,1.2907136977388927,1.0140056803797026,0.7856162696313407
test_山峰_分形粗糙,山峰-分形粗糙,cfocus_p1.25_risk0_min002,current_family,1.25,0.0,0.02,"clip(C_focus^p * (1 - lambda R), 0.02, 1)",160000,0.2769047021865845,0.22786951065063477,-0.2076637296184715,-0.3999882900013599,-1.0,61.40043258666992,60.36453628540039,66.03693389892578,118.57833099365234,21.17789649963379,106.37615966796875,27.420194625854492,3.8794822983373978,1.7324985376579105,0.44657982803540436
test_山峰_分形粗糙,山峰-分形粗糙,cfocus_p1.25_risk0.25_min002,current_family,1.25,0.25,0.02,"clip(C_focus^p * (1 - lambda R), 0.02, 1)",160000,0.24969260394573212,0.21313445270061493,-0.17691436634424532,-0.35829364010792947,-1.0,61.40043258666992,60.36453628540039,66.03693389892578,113.08756256103516,25.45171356201172,101.07662200927734,32.89577865600586,3.0726319953160175,1.6461874575004403,0.5357580927393589
test_山峰_分形粗糙,山峰-分形粗糙,cfocus_p1.25_risk0.45_min002,current_family,1.25,0.45,0.02,"clip(C_focus^p * (1 - lambda R), 0.02, 1)",160000,0.22795510292053223,0.2067844122648239,-0.14517585388554669,-0.3090065601759026,-1.0,61.40043258666992,60.36453628540039,66.03693389892578,106.93472290039062,29.51076889038086,95.49178314208984,38.253150939941406,2.496311566386121,1.5552298105929172,0.6230110982678352
test_山峰_分形粗糙,山峰-分形粗糙,cfocus_p1.25_risk0.65_min002,current_family,1.25,0.65,0.02,"clip(C_focus^p * (1 - lambda R), 0.02, 1)",160000,0.2062925547361374,0.20574288070201874,-0.10862374167482419,-0.23696463809889998,-0.8285714285714285,61.40043258666992,60.36453628540039,66.03693389892578,97.1421890258789,31.8586368560791,86.89216613769531,43.506195068359375,1.9972366234547854,1.4151718884886109,0.7085649601401115
test_山峰_分形粗糙,山峰-分形粗糙,cfocus_p1.25_risk0.85_min002,current_family,1.25,0.85,0.02,"clip(C_focus^p * (1 - lambda R), 0.02, 1)",160000,0.1849672794342041,0.20989775657653809,-0.07029480297373775,-0.12574119140906118,-0.48571428571428577,61.40043258666992,60.36453628540039,66.03693389892578,79.37752532958984,32.626121520996094,71.22645568847656,46.724212646484375,1.5244014110494761,1.1600318220549455,0.7609753006305079
test_山峰_分形粗糙,山峰-分形粗糙,cfocus_p1.5_risk0_min002,current_family,1.5,0.0,0.02,"clip(C_focus^p * (1 - lambda R), 0.02, 1)",160000,0.23157572746276855,0.22138401865959167,-0.19769736437731386,-0.3989680418179968,-1.0,61.40043258666992,60.36453628540039,66.03693389892578,124.7384033203125,21.17789649963379,106.37615966796875,27.420194625854492,3.8794822983373978,1.7324985376579105,0.44657982803540436
test_山峰_分形粗糙,山峰-分形粗糙,cfocus_p1.5_risk0.25_min002,current_family,1.5,0.25,0.02,"clip(C_focus^p * (1 - lambda R), 0.02, 1)",160000,0.20924799144268036,0.20706231892108917,-0.1725305403040721,-0.3645054792297073,-1.0,61.40043258666992,60.36453628540039,66.03693389892578,120.08135986328125,24.641084671020508,102.04032135009766,31.992992401123047,3.1894584936204886,1.6618827759244597,0.521054837129417
test_山峰_分形粗糙,山峰-分形粗糙,cfocus_p1.5_risk0.45_min002,current_family,1.5,0.45,0.02,"clip(C_focus^p * (1 - lambda R), 0.02, 1)",160000,0.1914319396018982,0.2000104784965515,-0.14649527027836276,-0.3237150037630553,-1.0,61.40043258666992,60.36453628540039,66.03693389892578,111.65675354003906,28.43009376525879,97.58025360107422,36.73386001586914,2.6564116474260873,1.5892437478080401,0.5982671207408413
test_山峰_分形粗糙,山峰-分形粗糙,cfocus_p1.5_risk0.65_min002,current_family,1.5,0.65,0.02,"clip(C_focus^p * (1 - lambda R), 0.02, 1)",160000,0.17372377216815948,0.1973033994436264,-0.11607104658225466,-0.26254435492748024,-0.942857142857143,61.40043258666992,60.36453628540039,66.03693389892578,93.68489074707031,31.234630584716797,90.53091430664062,41.801124572753906,2.165753080376429,1.4744344704550982,0.6807952780096367
test_山峰_分形粗糙,山峰-分形粗糙,cfocus_p1.5_risk0.85_min002,current_family,1.5,0.85,0.02,"clip(C_focus^p * (1 - lambda R), 0.02, 1)",160000,0.1564464122056961,0.19891425967216492,-0.08351774028936225,-0.15877473229380173,-0.5999999999999999,61.40043258666992,60.36453628540039,66.03693389892578,53.40687561035156,32.21931076049805,78.86163330078125,45.637603759765625,1.7279968009693385,1.2843823728678774,0.7432782121745765
test_山峰_分形粗糙,山峰-分形粗糙,cfocus_p1.75_risk0_min002,current_family,1.75,0.0,0.02,"clip(C_focus^p * (1 - lambda R), 0.02, 1)",160000,0.19720809161663055,0.21390627324581146,-0.18783768347902288,-0.39727690950201866,-1.0,61.40043258666992,60.36453628540039,66.03693389892578,105.0657958984375,21.17789649963379,106.37615966796875,27.420194625854492,3.8794822983373978,1.7324985376579105,0.44657982803540436
test_山峰_分形粗糙,山峰-分形粗糙,cfocus_p1.75_risk0.25_min002,current_family,1.75,0.25,0.02,"clip(C_focus^p * (1 - lambda R), 0.02, 1)",160000,0.17863841354846954,0.20018553733825684,-0.16672141459787204,-0.3674245720470293,-0.9999999999999998,61.40043258666992,60.36453628540039,66.03693389892578,92.74969482421875,24.20973777770996,102.67339324951172,31.297658920288086,3.280545471819802,1.6721933205369988,0.5097302673903772
test_山峰_分形粗糙,山峰-分形粗糙,cfocus_p1.75_risk0.45_min002,current_family,1.75,0.45,0.02,"clip(C_focus^p * (1 - lambda R), 0.02, 1)",160000,0.16384762525558472,0.19290190935134888,-0.14487512975554306,-0.33257016155606917,-0.9999999999999998,61.40043258666992,60.36453628540039,66.03693389892578,84.47749328613281,27.360918045043945,98.9171371459961,35.529972076416016,2.7840477029717405,1.6110169420446572,0.5786599634499904
test_山峰_分形粗糙,山峰-分形粗糙,cfocus_p1.75_risk0.65_min002,current_family,1.75,0.65,0.02,"clip(C_focus^p * (1 - lambda R), 0.02, 1)",160000,0.14919599890708923,0.18927931785583496,-0.11914582544210367,-0.2792921046799743,-0.9999999999999998,61.40043258666992,60.36453628540039,66.03693389892578,67.33621978759766,30.635652542114258,96.98262023925781,40.1689338684082,2.414368789497101,1.5795103740085508,0.6542125548009398
test_山峰_分形粗糙,山峰-分形粗糙,cfocus_p1.75_risk0.85_min002,current_family,1.75,0.85,0.02,"clip(C_focus^p * (1 - lambda R), 0.02, 1)",160000,0.13502658903598785,0.18933790922164917,-0.09134756755217154,-0.18102717030104792,-0.5999999999999999,61.40043258666992,60.36453628540039,66.03693389892578,38.90702819824219,31.86540985107422,82.93095397949219,44.62859344482422,1.8582470917893126,1.350657487020646,0.7268449352018591
test_山峰_分形粗糙,山峰-分形粗糙,cfocus_p2_risk0_min002,current_family,2.0,0.0,0.02,"clip(C_focus^p * (1 - lambda R), 0.02, 1)",160000,0.17069236934185028,0.20634260773658752,-0.17835690728540082,-0.39394024669896544,-0.9999999999999998,61.40043258666992,60.36453628540039,66.03693389892578,82.45812225341797,21.17789649963379,112.29573059082031,27.420194625854492,4.095365920011987,1.8289078083010086,0.44657982803540436
test_山峰_分形粗糙,山峰-分形粗糙,cfocus_p2_risk0.25_min002,current_family,2.0,0.25,0.02,"clip(C_focus^p * (1 - lambda R), 0.02, 1)",160000,0.1550692915916443,0.19327273964881897,-0.1603226022541718,-0.36747162186910437,-0.9999999999999998,61.40043258666992,60.36453628540039,66.03693389892578,74.6065444946289,23.792139053344727,109.86737060546875,30.862449645996094,3.559904410236025,1.7893582500479164,0.5026422183985778
test_山峰_分形粗糙,山峰-分形粗糙,cfocus_p2_risk0.45_min002,current_family,2.0,0.45,0.02,"clip(C_focus^p * (1 - lambda R), 0.02, 1)",160000,0.14265044033527374,0.18599946796894073,-0.14168090373345005,-0.3365793661803449,-0.9999999999999998,61.40043258666992,60.36453628540039,66.03693389892578,67.67028045654297,26.429121017456055,103.78448486328125,34.47271728515625,3.0106267517231733,1.6902891476665742,0.561440951356429
test_山峰_分形粗糙,山峰-分形粗糙,cfocus_p2_risk0.65_min002,current_family,2.0,0.65,0.02,"clip(C_focus^p * (1 - lambda R), 0.02, 1)",160000,0.13038310408592224,0.18189512193202972,-0.11963609129422278,-0.28840029244610255,-0.9999999999999998,61.40043258666992,60.36453628540039,66.03693389892578,52.4932746887207,29.776994705200195,95.1495132446289,38.82306671142578,2.4508500050210107,1.5496554215692273,0.6322930486951374
test_山峰_分形粗糙,山峰-分形粗糙,cfocus_p2_risk0.85_min002,current_family,2.0,0.85,0.02,"clip(C_focus^p * (1 - lambda R), 0.02, 1)",160000,0.11862538754940033,0.18099547922611237,-0.09573487650082464,-0.19510060989754494,-0.7999999999999998,61.40043258666992,60.36453628540039,66.03693389892578,34.895233154296875,31.39585304260254,65.9609375,43.776161193847656,1.5067775634303497,1.0742748010267302,0.7129617715975424
test_山峰_分形粗糙,山峰-分形粗糙,cfocus_p2.5_risk0_min002,current_family,2.5,0.0,0.02,"clip(C_focus^p * (1 - lambda R), 0.02, 1)",160000,0.13343524932861328,0.19240649044513702,-0.1612384980694651,-0.38283404596460874,-0.9999999999999998,61.40043258666992,60.36453628540039,66.03693389892578,55.489173889160156,21.17789649963379,89.58639526367188,27.420194625854492,3.2671684678416137,1.4590515325314035,0.44657982803540436
test_山峰_分形粗糙,山峰-分形粗糙,cfocus_p2.5_risk0.25_min002,current_family,2.5,0.25,0.02,"clip(C_focus^p * (1 - lambda R), 0.02, 1)",160000,0.12201646715402603,0.18059790134429932,-0.14759030362314657,-0.359965582385943,-0.9999999999999998,61.40043258666992,60.36453628540039,66.03693389892578,49.730926513671875,23.29823112487793,81.23028564453125,30.244298934936523,2.6858048791039613,1.3229595008124813,0.4925746881708873
test_山峰_分形粗糙,山峰-分形粗糙,cfocus_p2.5_risk0.45_min002,current_family,2.5,0.45,0.02,"clip(C_focus^p * (1 - lambda R), 0.02, 1)",160000,0.11297094821929932,0.17366796731948853,-0.1335075735971988,-0.3329434734300945,-0.9999999999999998,61.40043258666992,60.36453628540039,66.03693389892578,44.27009201049805,25.442285537719727,77.2344741821289,32.974586486816406,2.3422423875734752,1.2578815967315606,0.5370415988563444
test_山峰_分形粗糙,山峰-分形粗糙,cfocus_p2.5_risk0.65_min002,current_family,2.5,0.65,0.02,"clip(C_focus^p * (1 - lambda R), 0.02, 1)",160000,0.10409524291753769,0.16924381256103516,-0.11681355687556119,-0.28964236387299874,-0.9999999999999998,61.40043258666992,60.36453628540039,66.03693389892578,38.72463607788086,28.418182373046875,67.76768493652344,36.8966064453125,1.8366915406425657,1.1037004477267454,0.6009176953799309
test_山峰_分形粗糙,山峰-分形粗糙,cfocus_p2.5_risk0.85_min002,current_family,2.5,0.85,0.02,"clip(C_focus^p * (1 - lambda R), 0.02, 1)",160000,0.09572292864322662,0.16738291084766388,-0.09873674322144665,-0.20600650777779714,-0.7999999999999998,61.40043258666992,60.36453628540039,66.03693389892578,32.44981384277344,30.56442642211914,54.79885482788086,41.88058853149414,1.3084547459659552,0.8924832044225325,0.6820894701739683
test_山峰_分形粗糙,山峰-分形粗糙,focus_only_p1,focus_only,1.0,0.0,0.02,"clip(C_focus^p, 0.02, 1)",160000,0.33793628215789795,0.23146836459636688,-0.21728788021416487,-0.4002934913942878,-1.0,61.40043258666992,60.36453628540039,66.03693389892578,118.57832336425781,21.17789649963379,106.37615966796875,27.420194625854492,3.8794822983373978,1.7324985376579105,0.44657982803540436
test_山峰_分形粗糙,山峰-分形粗糙,focus_only_p1.5,focus_only,1.5,0.0,0.02,"clip(C_focus^p, 0.02, 1)",160000,0.23157572746276855,0.22138401865959167,-0.19769736437731386,-0.3989680418179968,-1.0,61.40043258666992,60.36453628540039,66.03693389892578,124.7384033203125,21.17789649963379,106.37615966796875,27.420194625854492,3.8794822983373978,1.7324985376579105,0.44657982803540436
test_山峰_分形粗糙,山峰-分形粗糙,focus_only_p2,focus_only,2.0,0.0,0.02,"clip(C_focus^p, 0.02, 1)",160000,0.17069236934185028,0.20634260773658752,-0.17835690728540082,-0.39394024669896544,-0.9999999999999998,61.40043258666992,60.36453628540039,66.03693389892578,82.45812225341797,21.17789649963379,112.29573059082031,27.420194625854492,4.095365920011987,1.8289078083010086,0.44657982803540436
test_山峰_分形粗糙,山峰-分形粗糙,baseline_cfocus1_1minusrisk_p0.5,baseline_family,1.0,0.5,0.0,"clip(C_focus * (1 - R)^q, 0, 1)",160000,0.22373852133750916,0.23344764113426208,-0.043983081059548165,-0.013233300059456379,0.02857142857142857,61.40043258666992,60.36453628540039,66.03693389892578,25.298694610595703,31.966182708740234,36.2687873840332,45.329383850097656,0.8001164874416238,0.5906927012743423,0.7382583793055996
test_山峰_分形粗糙,山峰-分形粗糙,baseline_cfocus1_1minusrisk_p1,baseline_family,1.0,1.0,0.0,"clip(C_focus * (1 - R)^q, 0, 1)",160000,0.20283684134483337,0.23354600369930267,-0.01658957221368642,0.048303092447926875,0.2,61.40043258666992,60.36453628540039,66.03693389892578,25.298694610595703,34.27811050415039,26.5732421875,49.47262954711914,0.5371301754274227,0.43278591156488155,0.8057374755020812
test_山峰_分形粗糙,山峰-分形粗糙,baseline_cfocus1_1minusrisk_p1.5,baseline_family,1.0,1.5,0.0,"clip(C_focus * (1 - R)^q, 0, 1)",160000,0.1915421336889267,0.23281031847000122,-0.0026189023665598604,0.0764835747157435,0.48571428571428577,61.40043258666992,60.36453628540039,66.03693389892578,25.298694610595703,36.19304275512695,24.890512466430664,52.17387390136719,0.47706851351473867,0.40538008313372065,0.8497313732720211
test_山峰_分形粗糙,山峰-分形粗糙,baseline_cfocus1_1minusrisk_p2,baseline_family,1.0,2.0,0.0,"clip(C_focus * (1 - R)^q, 0, 1)",160000,0.18401779234409332,0.23193810880184174,0.006565108098271419,0.09416959032827518,0.48571428571428577,61.40043258666992,60.36453628540039,66.03693389892578,25.298694610595703,37.45481491088867,24.663188934326172,53.96485137939453,0.45702319757973703,0.40167777156150797,0.8789001820666381
test_山峰_分形粗糙,山峰-分形粗糙,risk_only_coeff1,risk_only,0.0,1.0,0.0,"clip(1 - R, 0, 1)",160000,0.6018810272216797,0.43235695362091064,0.27586071023614456,0.36204127574049383,0.942857142857143,61.40043258666992,60.36453628540039,66.03693389892578,25.298694610595703,145.08963012695312,24.276464462280273,133.1894073486328,0.1822702341390775,0.39537937176603394,2.1691933059368758
test_山脊_柏林粗糙,山脊-柏林粗糙,cfocus_p0.75_risk0_min002,current_family,0.75,0.0,0.02,"clip(C_focus^p * (1 - lambda R), 0.02, 1)",160000,0.45511195063591003,0.24831721186637878,-0.31697741187844897,-0.6328463927177284,-1.0,68.71926879882812,68.11012268066406,71.08723449707031,156.86598205566406,8.279359817504883,140.4418487548828,12.777885437011719,10.991008602103028,2.0437040616077944,0.18594326831995658
test_山脊_柏林粗糙,山脊-柏林粗糙,cfocus_p0.75_risk0.25_min002,current_family,0.75,0.25,0.02,"clip(C_focus^p * (1 - lambda R), 0.02, 1)",160000,0.4183240234851837,0.23516418039798737,-0.2763048662203889,-0.5832111308817982,-1.0,68.71926879882812,68.11012268066406,71.08723449707031,147.0445098876953,11.084379196166992,131.21006774902344,18.005050659179688,7.287403419891371,1.9093635605048955,0.2620087636829851
test_山脊_柏林粗糙,山脊-柏林粗糙,cfocus_p0.75_risk0.45_min002,current_family,0.75,0.45,0.02,"clip(C_focus^p * (1 - lambda R), 0.02, 1)",160000,0.3888972997665405,0.2341165840625763,-0.2306144517680854,-0.5113511459236817,-1.0,68.71926879882812,68.11012268066406,71.08723449707031,133.7322235107422,11.90567398071289,120.13451385498047,22.803714752197266,5.268199289477818,1.7481925514467804,0.33183872807136355
test_山脊_柏林粗糙,山脊-柏林粗糙,cfocus_p0.75_risk0.65_min002,current_family,0.75,0.65,0.02,"clip(C_focus^p * (1 - lambda R), 0.02, 1)",160000,0.35948067903518677,0.24166078865528107,-0.1779643229828949,-0.40938818977508057,-0.8285714285714285,68.71926879882812,68.11012268066406,71.08723449707031,113.5052490234375,12.335280418395996,101.0920639038086,24.162626266479492,4.183819374140316,1.4710875955294291,0.35161355306637865
test_山脊_柏林粗糙,山脊-柏林粗糙,cfocus_p0.75_risk0.85_min002,current_family,0.75,0.85,0.02,"clip(C_focus^p * (1 - lambda R), 0.02, 1)",160000,0.3301304578781128,0.2569757401943207,-0.12467603023153574,-0.2872188402001072,-0.5428571428571428,68.71926879882812,68.11012268066406,71.08723449707031,75.63218688964844,12.791606903076172,66.35643768310547,25.14650535583496,2.638793611443437,0.9656161778635958,0.36593092149233963
test_山脊_柏林粗糙,山脊-柏林粗糙,cfocus_p1_risk0_min002,current_family,1.0,0.0,0.02,"clip(C_focus^p * (1 - lambda R), 0.02, 1)",160000,0.3744176924228668,0.25456926226615906,-0.30681594183588334,-0.6327947352385935,-1.0,68.71926879882812,68.11012268066406,71.08723449707031,156.86598205566406,8.279359817504883,140.4418487548828,12.777885437011719,10.991008602103028,2.0437040616077944,0.18594326831995658
test_山脊_柏林粗糙,山脊-柏林粗糙,cfocus_p1_risk0.25_min002,current_family,1.0,0.25,0.02,"clip(C_focus^p * (1 - lambda R), 0.02, 1)",160000,0.34417247772216797,0.24028250575065613,-0.2772016760794084,-0.5978998699755264,-1.0,68.71926879882812,68.11012268066406,71.08723449707031,149.5162811279297,10.404632568359375,133.9656524658203,16.587047576904297,8.076521867119576,1.9494627170437069,0.24137404059787024
test_山脊_柏林粗糙,山脊-柏林粗糙,cfocus_p1_risk0.45_min002,current_family,1.0,0.45,0.02,"clip(C_focus^p * (1 - lambda R), 0.02, 1)",160000,0.31998711824417114,0.2359619289636612,-0.24330159171129198,-0.5473627610990308,-1.0,68.71926879882812,68.11012268066406,71.08723449707031,140.44386291503906,11.62636947631836,125.82178497314453,20.916637420654297,6.015392552958863,1.830953489064048,0.30437805562056547
test_山脊_柏林粗糙,山脊-柏林粗糙,cfocus_p1_risk0.65_min002,current_family,1.0,0.65,0.02,"clip(C_focus^p * (1 - lambda R), 0.02, 1)",160000,0.2958294451236725,0.23834863305091858,-0.20230486615882373,-0.4678759925201582,-1.0,68.71926879882812,68.11012268066406,71.08723449707031,125.54768371582031,11.986953735351562,112.9976806640625,23.278850555419922,4.85409193186103,1.644337645600639,0.33875288492325895
test_山脊_柏林粗糙,山脊-柏林粗糙,cfocus_p1_risk0.85_min002,current_family,1.0,0.85,0.02,"clip(C_focus^p * (1 - lambda R), 0.02, 1)",160000,0.2717960774898529,0.24715562164783478,-0.15803820591768203,-0.34906952725941875,-0.6,68.71926879882812,68.11012268066406,71.08723449707031,97.22491455078125,12.335613250732422,86.7247314453125,24.19390106201172,3.584569979972521,1.2620147589054589,0.3520686626168569
test_山脊_柏林粗糙,山脊-柏林粗糙,cfocus_p1.25_risk0_min002,current_family,1.25,0.0,0.02,"clip(C_focus^p * (1 - lambda R), 0.02, 1)",160000,0.31503987312316895,0.2530878484249115,-0.29505534003939843,-0.6325026526198048,-1.0,68.71926879882812,68.11012268066406,71.08723449707031,156.865966796875,8.279359817504883,140.4418487548828,12.777885437011719,10.991008602103028,2.0437040616077944,0.18594326831995658
test_山脊_柏林粗糙,山脊-柏林粗糙,cfocus_p1.25_risk0.25_min002,current_family,1.25,0.25,0.02,"clip(C_focus^p * (1 - lambda R), 0.02, 1)",160000,0.28974679112434387,0.2385847121477127,-0.2720347649287373,-0.6057651673732877,-1.0,68.71926879882812,68.11012268066406,71.08723449707031,150.94570922851562,10.006353378295898,135.22216796875,15.815949440002441,8.549734461513879,1.9677474794530403,0.23015305192351163
test_山脊_柏林粗糙,山脊-柏林粗糙,cfocus_p1.25_risk0.45_min002,current_family,1.25,0.45,0.02,"clip(C_focus^p * (1 - lambda R), 0.02, 1)",160000,0.2695309817790985,0.2326745092868805,-0.24536649703989835,-0.5676676265205466,-1.0,68.71926879882812,68.11012268066406,71.08723449707031,144.3279266357422,11.339360237121582,128.99977111816406,19.472278594970703,6.624790750040013,1.8771994139781054,0.2833598048310835
test_山脊_柏林粗糙,山脊-柏林粗糙,cfocus_p1.25_risk0.65_min002,current_family,1.25,0.65,0.02,"clip(C_focus^p * (1 - lambda R), 0.02, 1)",160000,0.2493581473827362,0.2322431355714798,-0.21222790843765188,-0.5047654825435202,-1.0,68.71926879882812,68.11012268066406,71.08723449707031,132.96221923828125,11.806983947753906,119.45382690429688,22.452743530273438,5.320232992606678,1.7382872226710004,0.3267314091481766
test_山脊_柏林粗糙,山脊-柏林粗糙,cfocus_p1.25_risk0.85_min002,current_family,1.25,0.85,0.02,"clip(C_focus^p * (1 - lambda R), 0.02, 1)",160000,0.22937285900115967,0.23719985783100128,-0.17512227958913723,-0.39727552778961034,-0.8285714285714285,68.71926879882812,68.11012268066406,71.08723449707031,110.63813018798828,12.01217269897461,98.99749755859375,23.559791564941406,4.201968310530763,1.4406075514045917,0.3428411270485342
test_山脊_柏林粗糙,山脊-柏林粗糙,cfocus_p1.5_risk0_min002,current_family,1.5,0.0,0.02,"clip(C_focus^p * (1 - lambda R), 0.02, 1)",160000,0.2701193690299988,0.24805200099945068,-0.28261414148651676,-0.6317022857932227,-1.0,68.71926879882812,68.11012268066406,71.08723449707031,154.8020477294922,8.279359817504883,140.4418487548828,12.777885437011719,10.991008602103028,2.0437040616077944,0.18594326831995658
test_山脊_柏林粗糙,山脊-柏林粗糙,cfocus_p1.5_risk0.25_min002,current_family,1.5,0.25,0.02,"clip(C_focus^p * (1 - lambda R), 0.02, 1)",160000,0.2486589103937149,0.23374095559120178,-0.26394273395058265,-0.6099350824303373,-1.0,68.71926879882812,68.11012268066406,71.08723449707031,146.32907104492188,9.742061614990234,136.28189086914062,15.300187110900879,8.907204198309723,1.983168523927377,0.22264769952211416
test_山脊_柏林粗糙,山脊-柏林粗糙,cfocus_p1.5_risk0.45_min002,current_family,1.5,0.45,0.02,"clip(C_focus^p * (1 - lambda R), 0.02, 1)",160000,0.2315187305212021,0.22705087065696716,-0.24212407454537496,-0.5796261815414483,-1.0,68.71926879882812,68.11012268066406,71.08723449707031,138.39303588867188,11.079873085021973,131.06591796875,18.20600128173828,7.199050243955384,1.9072658987748874,0.264932988955912
test_山脊_柏林粗糙,山脊-柏林粗糙,cfocus_p1.5_risk0.65_min002,current_family,1.5,0.65,0.02,"clip(C_focus^p * (1 - lambda R), 0.02, 1)",160000,0.21444056928157806,0.2249891608953476,-0.21455243485292488,-0.5281584965490296,-1.0,68.71926879882812,68.11012268066406,71.08723449707031,125.95478057861328,11.62901782989502,123.35545349121094,21.770673751831055,5.666129348929127,1.7950635338150531,0.31680595751918583
test_山脊_柏林粗糙,山脊-柏林粗糙,cfocus_p1.5_risk0.85_min002,current_family,1.5,0.85,0.02,"clip(C_focus^p * (1 - lambda R), 0.02, 1)",160000,0.19760513305664062,0.2275490015745163,-0.18300123973698115,-0.43269417445955055,-0.9999999999999998,68.71926879882812,68.11012268066406,71.08723449707031,104.81532287597656,11.906795501708984,107.24063873291016,23.02667236328125,4.6572356196772065,1.5605614059551656,0.3350831981447673
test_山脊_柏林粗糙,山脊-柏林粗糙,cfocus_p1.75_risk0_min002,current_family,1.75,0.0,0.02,"clip(C_focus^p * (1 - lambda R), 0.02, 1)",160000,0.23534207046031952,0.2415107935667038,-0.2700767582313069,-0.6298000697444658,-1.0,68.71926879882812,68.11012268066406,71.08723449707031,137.0758056640625,8.279359817504883,140.4418487548828,12.777885437011719,10.991008602103028,2.0437040616077944,0.18594326831995658
test_山脊_柏林粗糙,山脊-柏林粗糙,cfocus_p1.75_risk0.25_min002,current_family,1.75,0.25,0.02,"clip(C_focus^p * (1 - lambda R), 0.02, 1)",160000,0.21691098809242249,0.22756759822368622,-0.2544850555003791,-0.6111938389429783,-0.9999999999999998,68.71926879882812,68.11012268066406,71.08723449707031,133.19215393066406,9.590788841247559,136.9835205078125,14.917078018188477,9.182999535216464,1.9933786098455764,0.21707271161247949
test_山脊_柏林粗糙,山脊-柏林粗糙,cfocus_p1.75_risk0.45_min002,current_family,1.75,0.45,0.02,"clip(C_focus^p * (1 - lambda R), 0.02, 1)",160000,0.20220403373241425,0.22051605582237244,-0.23613640546076392,-0.5857935157491023,-0.9999999999999998,68.71926879882812,68.11012268066406,71.08723449707031,128.36709594726562,10.683775901794434,132.6460418701172,17.28679656982422,7.673257525437867,1.9302597974147713,0.251556759435703
test_山脊_柏林粗糙,山脊-柏林粗糙,cfocus_p1.75_risk0.65_min002,current_family,1.75,0.65,0.02,"clip(C_focus^p * (1 - lambda R), 0.02, 1)",160000,0.1875765174627304,0.21747925877571106,-0.2126854111801467,-0.54261052267906,-0.9999999999999998,68.71926879882812,68.11012268066406,71.08723449707031,119.86771392822266,11.451833724975586,126.20093536376953,20.6481990814209,6.111958474738081,1.8364708701021808,0.300471751843975
test_山脊_柏林粗糙,山脊-柏林粗糙,cfocus_p1.75_risk0.85_min002,current_family,1.75,0.85,0.02,"clip(C_focus^p * (1 - lambda R), 0.02, 1)",160000,0.17322726547718048,0.21849435567855835,-0.18547185685253753,-0.45727730235431846,-0.9999999999999998,68.71926879882812,68.11012268066406,71.08723449707031,105.65584564208984,11.772782325744629,108.75446319580078,22.451871871948242,4.8438929197560805,1.5825905178673172,0.3267187248117389
test_山脊_柏林粗糙,山脊-柏林粗糙,cfocus_p2_risk0_min002,current_family,2.0,0.0,0.02,"clip(C_focus^p * (1 - lambda R), 0.02, 1)",160000,0.20789499580860138,0.2344823181629181,-0.25783772815823097,-0.6261278727742657,-0.9999999999999998,68.71926879882812,68.11012268066406,71.08723449707031,129.69036865234375,8.279359817504883,138.03208923339844,12.777885437011719,10.802420315460202,2.0086373392225663,0.18594326831995658
test_山脊_柏林粗糙,山脊-柏林粗糙,cfocus_p2_risk0.25_min002,current_family,2.0,0.25,0.02,"clip(C_focus^p * (1 - lambda R), 0.02, 1)",160000,0.19189639389514923,0.2209784835577011,-0.24453333590586276,-0.6096692849195682,-0.9999999999999998,68.71926879882812,68.11012268066406,71.08723449707031,125.11019897460938,9.405463218688965,131.68624877929688,14.492822647094727,9.086307890871423,1.916292927458252,0.2108989647361014
test_山脊_柏林粗糙,山脊-柏林粗糙,cfocus_p2_risk0.45_min002,current_family,2.0,0.45,0.02,"clip(C_focus^p * (1 - lambda R), 0.02, 1)",160000,0.1791435331106186,0.21379640698432922,-0.2287823273848976,-0.5877978407487724,-0.9999999999999998,68.71926879882812,68.11012268066406,71.08723449707031,121.1424789428711,10.429868698120117,126.88668823242188,16.661293029785156,7.6156567203750845,1.8464499179098612,0.24245445740350025
test_山脊_柏林粗糙,山脊-柏林粗糙,cfocus_p2_risk0.65_min002,current_family,2.0,0.65,0.02,"clip(C_focus^p * (1 - lambda R), 0.02, 1)",160000,0.16647768020629883,0.21017487347126007,-0.2084733327946856,-0.5503433816463748,-0.9999999999999998,68.71926879882812,68.11012268066406,71.08723449707031,115.82612609863281,11.325765609741211,118.61741638183594,19.828792572021484,5.982079642570151,1.7261158108227532,0.2885477817010711
test_山脊_柏林粗糙,山脊-柏林粗糙,cfocus_p2_risk0.85_min002,current_family,2.0,0.85,0.02,"clip(C_focus^p * (1 - lambda R), 0.02, 1)",160000,0.15411552786827087,0.2101675271987915,-0.18470068973830484,-0.4725310580711262,-0.9999999999999998,68.71926879882812,68.11012268066406,71.08723449707031,107.24309539794922,11.645676612854004,101.16905212402344,21.994882583618164,4.599663205266409,1.4722079249735656,0.32006863530528784
test_山脊_柏林粗糙,山脊-柏林粗糙,cfocus_p2.5_risk0_min002,current_family,2.5,0.0,0.02,"clip(C_focus^p * (1 - lambda R), 0.02, 1)",160000,0.1679205298423767,0.2207769900560379,-0.23508551289159743,-0.6151143301193424,-0.9999999999999998,68.71926879882812,68.11012268066406,71.08723449707031,121.88798522949219,8.279359817504883,118.38724517822266,12.777885437011719,9.26501069068194,1.7227663688447383,0.18594326831995658
test_山脊_柏林粗糙,山脊-柏林粗糙,cfocus_p2.5_risk0.25_min002,current_family,2.5,0.25,0.02,"clip(C_focus^p * (1 - lambda R), 0.02, 1)",160000,0.15552270412445068,0.2081887125968933,-0.22492194033910168,-0.6013771375566983,-0.9999999999999998,68.71926879882812,68.11012268066406,71.08723449707031,121.08521270751953,9.23747730255127,115.42434692382812,14.175369262695312,8.142598953495005,1.679650394152571,0.20627939601908346
test_山脊_柏林粗糙,山脊-柏林粗糙,cfocus_p2.5_risk0.45_min002,current_family,2.5,0.45,0.02,"clip(C_focus^p * (1 - lambda R), 0.02, 1)",160000,0.14565829932689667,0.20108556747436523,-0.2127588650827581,-0.5834041514594699,-0.9999999999999998,68.71926879882812,68.11012268066406,71.08723449707031,119.6767349243164,10.03416919708252,112.4767837524414,15.875529289245605,7.08491551388056,1.6367575749635956,0.23102005546246923
test_山脊_柏林粗糙,山脊-柏林粗糙,cfocus_p2.5_risk0.65_min002,current_family,2.5,0.65,0.02,"clip(C_focus^p * (1 - lambda R), 0.02, 1)",160000,0.13589680194854736,0.19690993428230286,-0.1969063782115777,-0.552852095262004,-0.9999999999999998,68.71926879882812,68.11012268066406,71.08723449707031,117.85515594482422,11.063765525817871,108.56953430175781,18.328298568725586,5.923601358557907,1.579899440135039,0.26671265409387096
test_山脊_柏林粗糙,山脊-柏林粗糙,cfocus_p2.5_risk0.85_min002,current_family,2.5,0.85,0.02,"clip(C_focus^p * (1 - lambda R), 0.02, 1)",160000,0.1264519989490509,0.19573919475078583,-0.1781773866253618,-0.4834943045680213,-0.9999999999999998,68.71926879882812,68.11012268066406,71.08723449707031,110.240966796875,11.451701164245605,99.42156982421875,21.436086654663086,4.63804664656882,1.4467786337376483,0.3119370597119718
test_山脊_柏林粗糙,山脊-柏林粗糙,focus_only_p1,focus_only,1.0,0.0,0.02,"clip(C_focus^p, 0.02, 1)",160000,0.3744176924228668,0.25456926226615906,-0.30681594183588334,-0.6327947352385935,-1.0,68.71926879882812,68.11012268066406,71.08723449707031,156.86598205566406,8.279359817504883,140.4418487548828,12.777885437011719,10.991008602103028,2.0437040616077944,0.18594326831995658
test_山脊_柏林粗糙,山脊-柏林粗糙,focus_only_p1.5,focus_only,1.5,0.0,0.02,"clip(C_focus^p, 0.02, 1)",160000,0.2701193690299988,0.24805200099945068,-0.28261414148651676,-0.6317022857932227,-1.0,68.71926879882812,68.11012268066406,71.08723449707031,154.8020477294922,8.279359817504883,140.4418487548828,12.777885437011719,10.991008602103028,2.0437040616077944,0.18594326831995658
test_山脊_柏林粗糙,山脊-柏林粗糙,focus_only_p2,focus_only,2.0,0.0,0.02,"clip(C_focus^p, 0.02, 1)",160000,0.20789499580860138,0.2344823181629181,-0.25783772815823097,-0.6261278727742657,-0.9999999999999998,68.71926879882812,68.11012268066406,71.08723449707031,129.69036865234375,8.279359817504883,138.03208923339844,12.777885437011719,10.802420315460202,2.0086373392225663,0.18594326831995658
test_山脊_柏林粗糙,山脊-柏林粗糙,baseline_cfocus1_1minusrisk_p0.5,baseline_family,1.0,0.5,0.0,"clip(C_focus * (1 - R)^q, 0, 1)",160000,0.2727147340774536,0.2572326958179474,-0.15276079441327944,-0.27430070258243655,-0.4285714285714286,68.71926879882812,68.11012268066406,71.08723449707031,22.626306533813477,11.802071571350098,55.630523681640625,22.788631439208984,2.4411524592883413,0.8095331142782662,0.33161923631523854
test_山脊_柏林粗糙,山脊-柏林粗糙,baseline_cfocus1_1minusrisk_p1,baseline_family,1.0,1.0,0.0,"clip(C_focus * (1 - R)^q, 0, 1)",160000,0.2530909776687622,0.25832584500312805,-0.1250835798382024,-0.20821241501602783,-0.37142857142857144,68.71926879882812,68.11012268066406,71.08723449707031,17.580636978149414,12.589865684509277,34.497196197509766,24.866870880126953,1.3872753175824448,0.502001793681746,0.36186169199389107
test_山脊_柏林粗糙,山脊-柏林粗糙,baseline_cfocus1_1minusrisk_p1.5,baseline_family,1.0,1.5,0.0,"clip(C_focus * (1 - R)^q, 0, 1)",160000,0.24182328581809998,0.2580755949020386,-0.10989233136345725,-0.1737687643055183,0.02857142857142857,68.71926879882812,68.11012268066406,71.08723449707031,17.39812660217285,13.180959701538086,24.73956298828125,26.45123863220215,0.9352893954146602,0.3600091127381602,0.38491734697638724
test_山脊_柏林粗糙,山脊-柏林粗糙,baseline_cfocus1_1minusrisk_p2,baseline_family,1.0,2.0,0.0,"clip(C_focus * (1 - R)^q, 0, 1)",160000,0.2339494675397873,0.25742536783218384,-0.09943654146541935,-0.15095931312222888,0.02857142857142857,68.71926879882812,68.11012268066406,71.08723449707031,17.255277633666992,13.568203926086426,20.602046966552734,27.933679580688477,0.7375343053908173,0.29980014814860867,0.40648976726546354
test_山脊_柏林粗糙,山脊-柏林粗糙,risk_only_coeff1,risk_only,0.0,1.0,0.0,"clip(1 - R, 0, 1)",160000,0.6919212937355042,0.4043484926223755,0.2627123889492578,0.38651686797771845,0.942857142857143,68.71926879882812,68.11012268066406,71.08723449707031,16.896963119506836,230.7649688720703,17.44574546813965,226.28480529785156,0.07709640709271824,0.25386977732855553,3.292887268057055
test_阶跃_柏林粗糙,阶跃-柏林粗糙,cfocus_p0.75_risk0_min002,current_family,0.75,0.0,0.02,"clip(C_focus^p * (1 - lambda R), 0.02, 1)",160000,0.5103222131729126,0.23938407003879547,-0.2507640983341421,-0.6625369159954858,-1.0,26.57219123840332,26.04371452331543,29.426124572753906,60.15882873535156,5.826305866241455,53.14722442626953,7.851813793182373,6.768783089636763,2.0001069520175205,0.2954898872560642
test_阶跃_柏林粗糙,阶跃-柏林粗糙,cfocus_p0.75_risk0.25_min002,current_family,0.75,0.25,0.02,"clip(C_focus^p * (1 - lambda R), 0.02, 1)",160000,0.44715970754623413,0.2209666222333908,-0.21309909735606836,-0.6016458377718779,-1.0,26.57219123840332,26.04371452331543,29.426124572753906,55.020145416259766,8.142815589904785,49.43064880371094,10.381060600280762,4.761618365119077,1.8602398409759882,0.3906738630300684
test_阶跃_柏林粗糙,阶跃-柏林粗糙,cfocus_p0.75_risk0.45_min002,current_family,0.75,0.45,0.02,"clip(C_focus^p * (1 - lambda R), 0.02, 1)",160000,0.3966365158557892,0.2189418524503708,-0.16778209039069408,-0.5135828351211937,-1.0,26.57219123840332,26.04371452331543,29.426124572753906,49.957794189453125,8.887767791748047,45.46696090698242,13.318338394165039,3.4138613662874167,1.711073072561345,0.5012134029397162
test_阶跃_柏林粗糙,阶跃-柏林粗糙,cfocus_p0.75_risk0.65_min002,current_family,0.75,0.65,0.02,"clip(C_focus^p * (1 - lambda R), 0.02, 1)",160000,0.34613221883773804,0.22863878309726715,-0.1153794703748708,-0.39580165365880765,-0.7714285714285715,26.57219123840332,26.04371452331543,29.426124572753906,43.62479782104492,9.243391990661621,39.52334976196289,14.558552742004395,2.7147856289265597,1.4873952022760537,0.547886796816505
test_阶跃_柏林粗糙,阶跃-柏林粗糙,cfocus_p0.75_risk0.85_min002,current_family,0.75,0.85,0.02,"clip(C_focus^p * (1 - lambda R), 0.02, 1)",160000,0.29573094844818115,0.2486061304807663,-0.0644374626545326,-0.26025215812729696,-0.3142857142857143,26.57219123840332,26.04371452331543,29.426124572753906,34.199249267578125,9.595130920410156,30.002370834350586,15.458090782165527,1.9408846316884902,1.1290890753108014,0.581739407317858
test_阶跃_柏林粗糙,阶跃-柏林粗糙,cfocus_p1_risk0_min002,current_family,1.0,0.0,0.02,"clip(C_focus^p * (1 - lambda R), 0.02, 1)",160000,0.4291802644729614,0.24957169592380524,-0.2441083016429099,-0.6625235790468974,-1.0,26.57219123840332,26.04371452331543,29.426124572753906,60.15882873535156,5.826305866241455,53.14722442626953,7.851813793182373,6.768783089636763,2.0001069520175205,0.2954898872560642
test_阶跃_柏林粗糙,阶跃-柏林粗糙,cfocus_p1_risk0.25_min002,current_family,1.0,0.25,0.02,"clip(C_focus^p * (1 - lambda R), 0.02, 1)",160000,0.3764016032218933,0.2286507487297058,-0.21622301049265433,-0.6199187642298094,-1.0,26.57219123840332,26.04371452331543,29.426124572753906,56.32587814331055,7.595640182495117,50.3526496887207,9.693166732788086,5.194654242188771,1.894937803095019,0.3647861271892055
test_阶跃_柏林粗糙,阶跃-柏林粗糙,cfocus_p1_risk0.45_min002,current_family,1.0,0.45,0.02,"clip(C_focus^p * (1 - lambda R), 0.02, 1)",160000,0.33419495820999146,0.22161948680877686,-0.18162862135932972,-0.556402099320503,-1.0,26.57219123840332,26.04371452331543,29.426124572753906,52.442955017089844,8.734461784362793,47.47883224487305,12.080005645751953,3.930365070778706,1.786786487380631,0.4546108199121113
test_阶跃_柏林粗糙,阶跃-柏林粗糙,cfocus_p1_risk0.65_min002,current_family,1.0,0.65,0.02,"clip(C_focus^p * (1 - lambda R), 0.02, 1)",160000,0.29202988743782043,0.22413957118988037,-0.13858662588803783,-0.4605716120543612,-0.942857142857143,26.57219123840332,26.04371452331543,29.426124572753906,47.080902099609375,8.924602508544922,43.1137809753418,13.789628982543945,3.1265366914453456,1.6225150793372218,0.5189496364385093
test_阶跃_柏林粗糙,阶跃-柏林粗糙,cfocus_p1_risk0.85_min002,current_family,1.0,0.85,0.02,"clip(C_focus^p * (1 - lambda R), 0.02, 1)",160000,0.2500554621219635,0.23577781021595,-0.09273863727137163,-0.3246231198069531,-0.5428571428571428,26.57219123840332,26.04371452331543,29.426124572753906,38.991241455078125,9.251765251159668,34.85865783691406,14.693626403808594,2.372365873402,1.3118473190323412,0.5529700682935289
test_阶跃_柏林粗糙,阶跃-柏林粗糙,cfocus_p1.25_risk0_min002,current_family,1.25,0.0,0.02,"clip(C_focus^p * (1 - lambda R), 0.02, 1)",160000,0.3671324551105499,0.2512686848640442,-0.2363446780136408,-0.6624386662480357,-1.0,26.57219123840332,26.04371452331543,29.426124572753906,60.15882873535156,5.826305866241455,53.14722442626953,7.851813793182373,6.768783089636763,2.0001069520175205,0.2954898872560642
test_阶跃_柏林粗糙,阶跃-柏林粗糙,cfocus_p1.25_risk0.25_min002,current_family,1.25,0.25,0.02,"clip(C_focus^p * (1 - lambda R), 0.02, 1)",160000,0.32236847281455994,0.22950494289398193,-0.2141399545818795,-0.6300124574334965,-1.0,26.57219123840332,26.04371452331543,29.426124572753906,57.3285026550293,7.186704158782959,50.943702697753906,9.251164436340332,5.506734103399714,1.9171810951039592,0.34815210959983367
test_阶跃_柏林粗糙,阶跃-柏林粗糙,cfocus_p1.25_risk0.45_min002,current_family,1.25,0.45,0.02,"clip(C_focus^p * (1 - lambda R), 0.02, 1)",160000,0.2865871489048004,0.2199225276708603,-0.1862167674520856,-0.5816969352716131,-1.0,26.57219123840332,26.04371452331543,29.426124572753906,53.808311462402344,8.523412704467773,48.63008499145508,11.138972282409668,4.365760481175651,1.8301119600995759,0.4191966022851411
test_阶跃_柏林粗糙,阶跃-柏林粗糙,cfocus_p1.25_risk0.65_min002,current_family,1.25,0.65,0.02,"clip(C_focus^p * (1 - lambda R), 0.02, 1)",160000,0.250870943069458,0.21831092238426208,-0.1500520318400027,-0.5035572294934955,-0.942857142857143,26.57219123840332,26.04371452331543,29.426124572753906,49.54374313354492,8.831343650817871,45.22059631347656,13.235502243041992,3.4166135506681954,1.7018015529002264,0.49809600285856187
test_阶跃_柏林粗糙,阶跃-柏林粗糙,cfocus_p1.25_risk0.85_min002,current_family,1.25,0.85,0.02,"clip(C_focus^p * (1 - lambda R), 0.02, 1)",160000,0.21541854739189148,0.22469374537467957,-0.10930203159536911,-0.3769989483732148,-0.7142857142857144,26.57219123840332,26.04371452331543,29.426124572753906,42.04395294189453,9.01867961883545,38.64740753173828,14.093515396118164,2.7422120347903474,1.4544305806396318,0.5303858936461959
test_阶跃_柏林粗糙,阶跃-柏林粗糙,cfocus_p1.5_risk0_min002,current_family,1.5,0.0,0.02,"clip(C_focus^p * (1 - lambda R), 0.02, 1)",160000,0.3185584843158722,0.24859419465065002,-0.22802191882641798,-0.6622725062134989,-1.0,26.57219123840332,26.04371452331543,29.426124572753906,60.15883255004883,5.826305866241455,53.1472282409668,7.851813793182373,6.768783575473203,2.0001070955772757,0.2954898872560642
test_阶跃_柏林粗糙,阶跃-柏林粗糙,cfocus_p1.5_risk0.25_min002,current_family,1.5,0.25,0.02,"clip(C_focus^p * (1 - lambda R), 0.02, 1)",160000,0.2801249027252197,0.22679845988750458,-0.20947985848253042,-0.6362186045085729,-1.0,26.57219123840332,26.04371452331543,29.426124572753906,57.6800422668457,6.928999900817871,51.223392486572266,8.926512718200684,5.738343080174019,1.9277067527852925,0.3359343848654712
test_阶跃_柏林粗糙,阶跃-柏林粗糙,cfocus_p1.5_risk0.45_min002,current_family,1.5,0.45,0.02,"clip(C_focus^p * (1 - lambda R), 0.02, 1)",160000,0.249418705701828,0.2159223109483719,-0.18603341637343113,-0.5976563759687952,-1.0,26.57219123840332,26.04371452331543,29.426124572753906,54.871681213378906,8.319701194763184,49.336273193359375,10.518331527709961,4.6905037232745235,1.8566881726357736,0.3958398249260075
test_阶跃_柏林粗糙,阶跃-柏林粗糙,cfocus_p1.5_risk0.65_min002,current_family,1.5,0.65,0.02,"clip(C_focus^p * (1 - lambda R), 0.02, 1)",160000,0.21879959106445312,0.21185292303562164,-0.15495438287389765,-0.5328951094822039,-1.0,26.57219123840332,26.04371452331543,29.426124572753906,50.0523681640625,8.752910614013672,46.6517448425293,12.559659957885742,3.714411456915154,1.755660435527278,0.47266180817387615
test_阶跃_柏林粗糙,阶跃-柏林粗糙,cfocus_p1.5_risk0.85_min002,current_family,1.5,0.85,0.02,"clip(C_focus^p * (1 - lambda R), 0.02, 1)",160000,0.18850773572921753,0.21481812000274658,-0.11865582280247111,-0.41727775734204986,-0.7714285714285715,26.57219123840332,26.04371452331543,29.426124572753906,43.34466552734375,8.900012016296387,41.278778076171875,13.658597946166992,3.0221826748883784,1.5534578125613494,0.5140185024119116
test_阶跃_柏林粗糙,阶跃-柏林粗糙,cfocus_p1.75_risk0_min002,current_family,1.75,0.0,0.02,"clip(C_focus^p * (1 - lambda R), 0.02, 1)",160000,0.27980345487594604,0.24368923902511597,-0.21952515588551808,-0.661824010758874,-1.0,26.57219123840332,26.04371452331543,29.426124572753906,58.07746124267578,5.826305866241455,53.14722442626953,7.851813793182373,6.768783089636763,2.0001069520175205,0.2954898872560642
test_阶跃_柏林粗糙,阶跃-柏林粗糙,cfocus_p1.75_risk0.25_min002,current_family,1.75,0.25,0.02,"clip(C_focus^p * (1 - lambda R), 0.02, 1)",160000,0.24646145105361938,0.2222757339477539,-0.2035161432624347,-0.639994539888569,-1.0,26.57219123840332,26.04371452331543,29.426124572753906,56.596824645996094,6.79849100112915,51.49980545043945,8.634814262390137,5.964205353524789,1.9381090926370284,0.32495680107520514
test_阶跃_柏林粗糙,阶跃-柏林粗糙,cfocus_p1.75_risk0.45_min002,current_family,1.75,0.45,0.02,"clip(C_focus^p * (1 - lambda R), 0.02, 1)",160000,0.21983854472637177,0.21079492568969727,-0.1832533009363174,-0.6082153720286617,-1.0,26.57219123840332,26.04371452331543,29.426124572753906,54.37394714355469,7.8366193771362305,49.869564056396484,10.072792053222656,4.950917659462788,1.8767576828335768,0.3790726915537551
test_阶跃_柏林粗糙,阶跃-柏林粗糙,cfocus_p1.75_risk0.65_min002,current_family,1.75,0.65,0.02,"clip(C_focus^p * (1 - lambda R), 0.02, 1)",160000,0.1933218389749527,0.20524150133132935,-0.1560159658767928,-0.5532279610424191,-1.0,26.57219123840332,26.04371452331543,29.426124572753906,50.586891174316406,8.583295822143555,47.55752944946289,12.01620101928711,3.9577841093976938,1.7897481251275438,0.45220963944895737
test_阶跃_柏林粗糙,阶跃-柏林粗糙,cfocus_p1.75_risk0.85_min002,current_family,1.75,0.85,0.02,"clip(C_focus^p * (1 - lambda R), 0.02, 1)",160000,0.16717495024204254,0.20593813061714172,-0.12348588845261177,-0.4468363387066899,-0.8999999999999998,26.57219123840332,26.04371452331543,29.426124572753906,40.95707702636719,8.833328247070312,42.20264434814453,13.32669448852539,3.1667751057459927,1.5882259754006054,0.5015278705831777
test_阶跃_柏林粗糙,阶跃-柏林粗糙,cfocus_p2_risk0_min002,current_family,2.0,0.0,0.02,"clip(C_focus^p * (1 - lambda R), 0.02, 1)",160000,0.24838753044605255,0.2377193719148636,-0.21110261867505103,-0.6608768973994327,-1.0,26.57219123840332,26.04371452331543,29.426124572753906,56.60022735595703,5.826305866241455,53.14722442626953,7.851813793182373,6.768783089636763,2.0001069520175205,0.2954898872560642
test_阶跃_柏林粗糙,阶跃-柏林粗糙,cfocus_p2_risk0.25_min002,current_family,2.0,0.25,0.02,"clip(C_focus^p * (1 - lambda R), 0.02, 1)",160000,0.2192009836435318,0.21689878404140472,-0.19693465150239162,-0.6419175750028415,-1.0,26.57219123840332,26.04371452331543,29.426124572753906,54.50853729248047,6.628378391265869,51.65802001953125,8.543503761291504,6.046467756423415,1.9440632334781922,0.3215204829981823
test_阶跃_柏林粗糙,阶跃-柏林粗糙,cfocus_p2_risk0.45_min002,current_family,2.0,0.45,0.02,"clip(C_focus^p * (1 - lambda R), 0.02, 1)",160000,0.19591374695301056,0.2052072435617447,-0.1790406288881923,-0.6146654568887301,-0.9999999999999998,26.57219123840332,26.04371452331543,29.426124572753906,51.520118713378906,7.65155553817749,50.31438064575195,9.767911911010742,5.150986321757854,1.893497611632245,0.367599037029875
test_阶跃_柏林粗糙,阶跃-柏林粗糙,cfocus_p2_risk0.65_min002,current_family,2.0,0.65,0.02,"clip(C_focus^p * (1 - lambda R), 0.02, 1)",160000,0.17274846136569977,0.19876126945018768,-0.15480809309156865,-0.5664911626797604,-0.9999999999999998,26.57219123840332,26.04371452331543,29.426124572753906,46.2578010559082,8.5498046875,48.183712005615234,11.447239875793457,4.209199119475551,1.8133134589208426,0.4307977378715156
test_阶跃_柏林粗糙,阶跃-柏林粗糙,cfocus_p2_risk0.85_min002,current_family,2.0,0.85,0.02,"clip(C_focus^p * (1 - lambda R), 0.02, 1)",160000,0.14997993409633636,0.19792523980140686,-0.12546077036368128,-0.4671646879903092,-0.8999999999999998,26.57219123840332,26.04371452331543,29.426124572753906,39.61014175415039,8.767874717712402,42.04153060913086,13.078726768493652,3.2144972024652985,1.5821627291455949,0.49219601993499473
test_阶跃_柏林粗糙,阶跃-柏林粗糙,cfocus_p2.5_risk0_min002,current_family,2.5,0.0,0.02,"clip(C_focus^p * (1 - lambda R), 0.02, 1)",160000,0.2011142075061798,0.22489435970783234,-0.19499798116731032,-0.6568802316627405,-0.9999999999999998,26.57219123840332,26.04371452331543,29.426124572753906,50.207210540771484,5.826305866241455,51.54289245605469,7.851813793182373,6.564456801154493,1.9397306000704448,0.2954898872560642
test_阶跃_柏林粗糙,阶跃-柏林粗糙,cfocus_p2.5_risk0.25_min002,current_family,2.5,0.25,0.02,"clip(C_focus^p * (1 - lambda R), 0.02, 1)",160000,0.1782369762659073,0.20548726618289948,-0.18333424351494368,-0.6410232247038339,-0.9999999999999998,26.57219123840332,26.04371452331543,29.426124572753906,47.534446716308594,6.456403732299805,49.8568115234375,8.41779613494873,5.922786763205588,1.876277762572407,0.3167896866097725
test_阶跃_柏林粗糙,阶跃-柏林粗糙,cfocus_p2.5_risk0.45_min002,current_family,2.5,0.45,0.02,"clip(C_focus^p * (1 - lambda R), 0.02, 1)",160000,0.16000613570213318,0.19397923350334167,-0.16874037217613375,-0.6187994557386348,-0.9999999999999998,26.57219123840332,26.04371452331543,29.426124572753906,46.18122482299805,7.242630481719971,48.360877990722656,9.304883003234863,5.197365509476034,1.8199808046251507,0.3501737180706057
test_阶跃_柏林粗糙,阶跃-柏林粗糙,cfocus_p2.5_risk0.65_min002,current_family,2.5,0.65,0.02,"clip(C_focus^p * (1 - lambda R), 0.02, 1)",160000,0.14191313087940216,0.18674084544181824,-0.14888410821707632,-0.578840204973527,-0.9999999999999998,26.57219123840332,26.04371452331543,29.426124572753906,44.09364700317383,8.346205711364746,45.30538558959961,10.664595603942871,4.248204739507374,1.7049924555759721,0.40134422894450344
test_阶跃_柏林粗糙,阶跃-柏林粗糙,cfocus_p2.5_risk0.85_min002,current_family,2.5,0.85,0.02,"clip(C_focus^p * (1 - lambda R), 0.02, 1)",160000,0.12428303062915802,0.18411915004253387,-0.12456563333895801,-0.488450782529835,-0.9999999999999998,26.57219123840332,26.04371452331543,29.426124572753906,41.001312255859375,8.5906343460083,40.13328170776367,12.567294120788574,3.1934703940266647,1.5103489715127918,0.47294910713369237
test_阶跃_柏林粗糙,阶跃-柏林粗糙,focus_only_p1,focus_only,1.0,0.0,0.02,"clip(C_focus^p, 0.02, 1)",160000,0.4291802644729614,0.24957169592380524,-0.2441083016429099,-0.6625235790468974,-1.0,26.57219123840332,26.04371452331543,29.426124572753906,60.15882873535156,5.826305866241455,53.14722442626953,7.851813793182373,6.768783089636763,2.0001069520175205,0.2954898872560642
test_阶跃_柏林粗糙,阶跃-柏林粗糙,focus_only_p1.5,focus_only,1.5,0.0,0.02,"clip(C_focus^p, 0.02, 1)",160000,0.3185584843158722,0.24859419465065002,-0.22802191882641798,-0.6622725062134989,-1.0,26.57219123840332,26.04371452331543,29.426124572753906,60.15883255004883,5.826305866241455,53.1472282409668,7.851813793182373,6.768783575473203,2.0001070955772757,0.2954898872560642
test_阶跃_柏林粗糙,阶跃-柏林粗糙,focus_only_p2,focus_only,2.0,0.0,0.02,"clip(C_focus^p, 0.02, 1)",160000,0.24838753044605255,0.2377193719148636,-0.21110261867505103,-0.6608768973994327,-1.0,26.57219123840332,26.04371452331543,29.426124572753906,56.60022735595703,5.826305866241455,53.14722442626953,7.851813793182373,6.768783089636763,2.0001069520175205,0.2954898872560642
test_阶跃_柏林粗糙,阶跃-柏林粗糙,baseline_cfocus1_1minusrisk_p0.5,baseline_family,1.0,0.5,0.0,"clip(C_focus * (1 - R)^q, 0, 1)",160000,0.25625041127204895,0.25191617012023926,-0.08843627740081023,-0.22340473277826484,-0.37142857142857144,26.57219123840332,26.04371452331543,29.426124572753906,17.783863067626953,8.867151260375977,22.13186264038086,13.564956665039062,1.6315468738224035,0.8328956555300905,0.5104944693245463
test_阶跃_柏林粗糙,阶跃-柏林粗糙,baseline_cfocus1_1minusrisk_p1,baseline_family,1.0,1.0,0.0,"clip(C_focus * (1 - R)^q, 0, 1)",160000,0.2177988588809967,0.25055748224258423,-0.06031309154064372,-0.13625385885632146,-0.02857142857142857,26.57219123840332,26.04371452331543,29.426124572753906,16.353546142578125,9.47923755645752,17.53917121887207,15.25468921661377,1.1497560500787056,0.6600573908832809,0.5740847293981164
test_阶跃_柏林粗糙,阶跃-柏林粗糙,baseline_cfocus1_1minusrisk_p1.5,baseline_family,1.0,1.5,0.0,"clip(C_focus * (1 - R)^q, 0, 1)",160000,0.19746597111225128,0.24741868674755096,-0.046798573224087966,-0.09602841694089662,-0.02857142857142857,26.57219123840332,26.04371452331543,29.426124572753906,16.089935302734375,10.325113296508789,16.723987579345703,16.445241928100586,1.0169499270648499,0.6293793172455965,0.6188891906036408
test_阶跃_柏林粗糙,阶跃-柏林粗糙,baseline_cfocus1_1minusrisk_p2,baseline_family,1.0,2.0,0.0,"clip(C_focus * (1 - R)^q, 0, 1)",160000,0.18412064015865326,0.24414893984794617,-0.0381294979584255,-0.07189405258157398,0.08571428571428572,26.57219123840332,26.04371452331543,29.426124572753906,15.958144187927246,10.930133819580078,16.482227325439453,17.65418815612793,0.9336157052182726,0.6202810742088368,0.6643858610581316
test_阶跃_柏林粗糙,阶跃-柏林粗糙,risk_only_coeff1,risk_only,0.0,1.0,0.0,"clip(1 - R, 0, 1)",160000,0.5025951862335205,0.41765931248664856,0.18086748604997357,0.1581353518226381,1.0,26.57219123840332,26.04371452331543,29.426124572753906,15.62060260772705,99.56400299072266,15.869507789611816,62.282798767089844,0.25479760228753956,0.5972223986810878,2.3439090215893055
test_周期_条纹粗糙,周期-条纹粗糙,cfocus_p0.75_risk0_min002,current_family,0.75,0.0,0.02,"clip(C_focus^p * (1 - lambda R), 0.02, 1)",160000,0.36109352111816406,0.22659608721733093,-0.058329869218551815,-0.07214894644155757,-0.942857142857143,245.42234802246094,247.8502960205078,254.7456512451172,257.8044128417969,212.605712890625,254.33261108398438,227.71875,1.1168716281991904,1.0363058341398803,0.9278647679597593
test_周期_条纹粗糙,周期-条纹粗糙,cfocus_p0.75_risk0.25_min002,current_family,0.75,0.25,0.02,"clip(C_focus^p * (1 - lambda R), 0.02, 1)",160000,0.32644933462142944,0.20636847615242004,0.005991512604105195,-0.012245755873623856,0.4285714285714286,245.42234802246094,247.8502960205078,254.7456512451172,248.62692260742188,245.04388427734375,246.83493041992188,247.90902709960938,0.9956673756810964,1.0057557203280105,1.010132243853037
test_周期_条纹粗糙,周期-条纹粗糙,cfocus_p0.75_risk0.45_min002,current_family,0.75,0.45,0.02,"clip(C_focus^p * (1 - lambda R), 0.02, 1)",160000,0.29874321818351746,0.19828182458877563,0.06454058776531499,0.05127683371680671,0.8285714285714285,245.42234802246094,247.8502960205078,254.7456512451172,237.5459747314453,283.05364990234375,237.14999389648438,268.1164245605469,0.8845037907885812,0.9662933950692237,1.0924694785171274
test_周期_条纹粗糙,周期-条纹粗糙,cfocus_p0.75_risk0.65_min002,current_family,0.75,0.65,0.02,"clip(C_focus^p * (1 - lambda R), 0.02, 1)",160000,0.27106139063835144,0.19838273525238037,0.12274257190856867,0.1312307057624553,0.942857142857143,245.42234802246094,247.8502960205078,254.7456512451172,223.66464233398438,294.2693786621094,222.9824981689453,292.6941223144531,0.7618277278878398,0.9085663957079331,1.192613976163515
test_周期_条纹粗糙,周期-条纹粗糙,cfocus_p0.75_risk0.85_min002,current_family,0.75,0.85,0.02,"clip(C_focus^p * (1 - lambda R), 0.02, 1)",160000,0.24351255595684052,0.20654834806919098,0.17362666776268237,0.22445179866903134,1.0,245.42234802246094,247.8502960205078,254.7456512451172,200.046875,294.8536682128906,196.71095275878906,296.77117919921875,0.6628371167630785,0.80152013190252,1.2092263870446647
test_周期_条纹粗糙,周期-条纹粗糙,cfocus_p1_risk0_min002,current_family,1.0,0.0,0.02,"clip(C_focus^p * (1 - lambda R), 0.02, 1)",160000,0.27961790561676025,0.22542506456375122,-0.061608352202375545,-0.07215351710956361,-0.942857142857143,245.42234802246094,247.8502960205078,254.7456512451172,257.8044128417969,212.605712890625,254.33261108398438,227.71875,1.1168716281991904,1.0363058341398803,0.9278647679597593
test_周期_条纹粗糙,周期-条纹粗糙,cfocus_p1_risk0.25_min002,current_family,1.0,0.25,0.02,"clip(C_focus^p * (1 - lambda R), 0.02, 1)",160000,0.2524474859237671,0.20402522385120392,-0.009327050013510248,-0.02738193697940652,-0.6571428571428573,245.42234802246094,247.8502960205078,254.7456512451172,250.7377471923828,237.85519409179688,248.91580200195312,242.91197204589844,1.0247160726805193,1.0142344574878424,0.9897712005577717
test_周期_条纹粗糙,周期-条纹粗糙,cfocus_p1_risk0.45_min002,current_family,1.0,0.45,0.02,"clip(C_focus^p * (1 - lambda R), 0.02, 1)",160000,0.23073486983776093,0.19291387498378754,0.039803901124814245,0.020934402770930054,0.6571428571428573,245.42234802246094,247.8502960205078,254.7456512451172,242.55323791503906,261.98974609375,241.7985382080078,259.3630065917969,0.9322784362558181,0.9852343935112157,1.0568027267348126
test_周期_条纹粗糙,周期-条纹粗糙,cfocus_p1_risk0.65_min002,current_family,1.0,0.65,0.02,"clip(C_focus^p * (1 - lambda R), 0.02, 1)",160000,0.20907920598983765,0.1881725788116455,0.09161464171378643,0.086119377664032,0.942857142857143,245.42234802246094,247.8502960205078,254.7456512451172,231.89646911621094,292.41876220703125,231.26014709472656,278.114501953125,0.8315285447923333,0.9422945748753155,1.133207730241714
test_周期_条纹粗糙,周期-条纹粗糙,cfocus_p1_risk0.85_min002,current_family,1.0,0.85,0.02,"clip(C_focus^p * (1 - lambda R), 0.02, 1)",160000,0.18766996264457703,0.1901240050792694,0.14049480863514896,0.17590856788444467,0.942857142857143,245.42234802246094,247.8502960205078,254.7456512451172,212.91783142089844,294.2667541503906,210.91329956054688,295.19573974609375,0.7144862583110427,0.859389135749138,1.202807087963634
test_周期_条纹粗糙,周期-条纹粗糙,cfocus_p1.25_risk0_min002,current_family,1.25,0.0,0.02,"clip(C_focus^p * (1 - lambda R), 0.02, 1)",160000,0.2234841287136078,0.21866509318351746,-0.06440500778430118,-0.07225626616775806,-0.942857142857143,245.42234802246094,247.8502960205078,254.7456512451172,257.8044128417969,212.605712890625,254.33262634277344,227.71875,1.1168716952063606,1.0363058963134728,0.9278647679597593
test_周期_条纹粗糙,周期-条纹粗糙,cfocus_p1.25_risk0.25_min002,current_family,1.25,0.25,0.02,"clip(C_focus^p * (1 - lambda R), 0.02, 1)",160000,0.20159181952476501,0.1970701366662979,-0.01980202229077334,-0.03651970180315702,-0.6571428571428573,245.42234802246094,247.8502960205078,254.7456512451172,251.47512817382812,233.13308715820312,249.74734497070312,239.69384765625,1.0419430761897195,1.01762266958609,0.9766586033734521
test_周期_条纹粗糙,周期-条纹粗糙,cfocus_p1.25_risk0.45_min002,current_family,1.25,0.45,0.02,"clip(C_focus^p * (1 - lambda R), 0.02, 1)",160000,0.18411913514137268,0.18462495505809784,0.022896151407847915,0.0022252424378076266,0.6571428571428573,245.42234802246094,247.8502960205078,254.7456512451172,245.19149780273438,252.3506317138672,244.35586547851562,252.94888305664062,0.9660286399596363,0.9956545010976436,1.0306676840753348
test_周期_条纹粗糙,周期-条纹粗糙,cfocus_p1.25_risk0.65_min002,current_family,1.25,0.65,0.02,"clip(C_focus^p * (1 - lambda R), 0.02, 1)",160000,0.16673587262630463,0.17744217813014984,0.06945632775854887,0.055727864800303825,0.8285714285714285,245.42234802246094,247.8502960205078,254.7456512451172,240.20225524902344,285.1789855957031,236.21751403808594,269.35321044921875,0.8769805031992374,0.9624939046564228,1.0975088968856563
test_周期_条纹粗糙,周期-条纹粗糙,cfocus_p1.25_risk0.85_min002,current_family,1.25,0.85,0.02,"clip(C_focus^p * (1 - lambda R), 0.02, 1)",160000,0.1496715545654297,0.17601452767848969,0.11536014571990841,0.13645404752761636,0.9999999999999998,245.42234802246094,247.8502960205078,254.7456512451172,238.64288330078125,294.007080078125,221.06590270996094,291.8466796875,0.7574727351589923,0.9007570194452262,1.1891609791818565
test_周期_条纹粗糙,周期-条纹粗糙,cfocus_p1.5_risk0_min002,current_family,1.5,0.0,0.02,"clip(C_focus^p * (1 - lambda R), 0.02, 1)",160000,0.18371336162090302,0.21013063192367554,-0.06679839786324503,-0.07212505498137499,-0.8999999999999998,245.42234802246094,247.8502960205078,254.7456512451172,260.05792236328125,212.605712890625,254.33261108398438,227.71875,1.1168716281991904,1.0363058341398803,0.9278647679597593
test_周期_条纹粗糙,周期-条纹粗糙,cfocus_p1.5_risk0.25_min002,current_family,1.5,0.25,0.02,"clip(C_focus^p * (1 - lambda R), 0.02, 1)",160000,0.16566479206085205,0.1887424886226654,-0.02761315763925317,-0.0427229022825839,-0.6999999999999998,245.42234802246094,247.8502960205078,254.7456512451172,258.27593994140625,229.92739868164062,250.70806884765625,237.7296905517578,1.0545930054667396,1.0215372433186547,0.9686554320228445
test_周期_条纹粗糙,周期-条纹粗糙,cfocus_p1.5_risk0.45_min002,current_family,1.5,0.45,0.02,"clip(C_focus^p * (1 - lambda R), 0.02, 1)",160000,0.1512833684682846,0.17573076486587524,0.010409915905757025,-0.010695551787242014,0.5999999999999999,245.42234802246094,247.8502960205078,254.7456512451172,256.2479553222656,245.8101806640625,246.56300354003906,248.50653076171875,0.9921791704398174,1.0046477247356207,1.0125668373891343
test_周期_条纹粗糙,周期-条纹粗糙,cfocus_p1.5_risk0.65_min002,current_family,1.5,0.65,0.02,"clip(C_focus^p * (1 - lambda R), 0.02, 1)",160000,0.1370147168636322,0.16727031767368317,0.05278494920593473,0.03450650266455787,0.9999999999999998,245.42234802246094,247.8502960205078,254.7456512451172,252.89450073242188,267.4178161621094,238.44390869140625,263.7984924316406,0.9038865479991148,0.9715655913681666,1.0748755953043767
test_周期_条纹粗糙,周期-条纹粗糙,cfocus_p1.5_risk0.85_min002,current_family,1.5,0.85,0.02,"clip(C_focus^p * (1 - lambda R), 0.02, 1)",160000,0.12310468405485153,0.1639297902584076,0.0956995443063059,0.10571856382207495,0.9999999999999998,245.42234802246094,247.8502960205078,254.7456512451172,242.02456665039062,292.66632080078125,230.5561981201172,285.8428039550781,0.806583880825457,0.9394262583577629,1.164697535731008
test_周期_条纹粗糙,周期-条纹粗糙,cfocus_p1.75_risk0_min002,current_family,1.75,0.0,0.02,"clip(C_focus^p * (1 - lambda R), 0.02, 1)",160000,0.15484893321990967,0.2014697790145874,-0.06883072473157593,-0.07238807875954152,-0.8999999999999998,245.42234802246094,247.8502960205078,254.7456512451172,265.291259765625,212.605712890625,253.47935485839844,227.71875,1.1131246542430013,1.0328291490194697,0.9278647679597593
test_周期_条纹粗糙,周期-条纹粗糙,cfocus_p1.75_risk0.25_min002,current_family,1.75,0.25,0.02,"clip(C_focus^p * (1 - lambda R), 0.02, 1)",160000,0.13966985046863556,0.1804509162902832,-0.0337147839178632,-0.04700608066931469,-0.6999999999999998,245.42234802246094,247.8502960205078,254.7456512451172,262.1363525390625,227.2274627685547,251.0541534423828,236.30323791503906,1.0624236707778305,1.0229474025707164,0.9628431958992288
test_周期_条纹粗糙,周期-条纹粗糙,cfocus_p1.75_risk0.45_min002,current_family,1.75,0.45,0.02,"clip(C_focus^p * (1 - lambda R), 0.02, 1)",160000,0.1275956779718399,0.16724830865859985,0.0007070196480571103,-0.019867064619811213,0.19999999999999996,245.42234802246094,247.8502960205078,254.7456512451172,258.47601318359375,241.64894104003906,248.41099548339844,245.52972412109375,1.0117349187460645,1.0121775685263348,1.0004375155705991
test_周期_条纹粗糙,周期-条纹粗糙,cfocus_p1.75_risk0.65_min002,current_family,1.75,0.65,0.02,"clip(C_focus^p * (1 - lambda R), 0.02, 1)",160000,0.11564479768276215,0.15811824798583984,0.03967290114361225,0.018500435667048842,0.8999999999999998,245.42234802246094,247.8502960205078,254.7456512451172,255.43060302734375,261.5885009765625,244.73497009277344,258.9036865234375,0.9452741804455479,0.9971992040039296,1.0549311772526224
test_周期_条纹粗糙,周期-条纹粗糙,cfocus_p1.75_risk0.85_min002,current_family,1.75,0.85,0.02,"clip(C_focus^p * (1 - lambda R), 0.02, 1)",160000,0.10406813770532608,0.15366604924201965,0.07986103354056624,0.08130719858591044,0.9999999999999998,245.42234802246094,247.8502960205078,254.7456512451172,249.84768676757812,290.40155029296875,241.56381225585938,277.5237121582031,0.8704258471368216,0.9842779771374022,1.1308004930863276
test_周期_条纹粗糙,周期-条纹粗糙,cfocus_p2_risk0_min002,current_family,2.0,0.0,0.02,"clip(C_focus^p * (1 - lambda R), 0.02, 1)",160000,0.1334346979856491,0.19336701929569244,-0.0705243012957367,-0.07292598987991507,-0.7999999999999998,245.42234802246094,247.8502960205078,254.7456512451172,266.06805419921875,212.605712890625,257.80804443359375,227.71875,1.132133583350487,1.0504668646149506,0.9278647679597593
test_周期_条纹粗糙,周期-条纹粗糙,cfocus_p2_risk0.25_min002,current_family,2.0,0.25,0.02,"clip(C_focus^p * (1 - lambda R), 0.02, 1)",160000,0.12044350802898407,0.172771155834198,-0.038613854002404906,-0.05124416678710036,-0.7999999999999998,245.42234802246094,247.8502960205078,254.7456512451172,263.1620788574219,225.4885711669922,255.75494384765625,235.12318420410156,1.0877487250497808,1.0421012833935142,0.9580349389477082
test_周期_条纹粗糙,周期-条纹粗糙,cfocus_p2_risk0.45_min002,current_family,2.0,0.45,0.02,"clip(C_focus^p * (1 - lambda R), 0.02, 1)",160000,0.11012116819620132,0.1595696359872818,-0.007054297592770377,-0.027686647016824675,-0.3999999999999999,245.42234802246094,247.8502960205078,254.7456512451172,261.0617370605469,238.687744140625,254.3902130126953,243.34754943847656,1.045378158110487,1.0365405394516625,0.991546007929993
test_周期_条纹粗糙,周期-条纹粗糙,cfocus_p2_risk0.65_min002,current_family,2.0,0.65,0.02,"clip(C_focus^p * (1 - lambda R), 0.02, 1)",160000,0.09993051737546921,0.15009886026382446,0.029116971320837744,0.005817048191488947,0.9999999999999998,245.42234802246094,247.8502960205078,254.7456512451172,258.577392578125,255.5748748779297,252.26658630371094,255.15830993652344,0.9886669431478368,1.0278875918855752,1.0396702337521906
test_周期_条纹粗糙,周期-条纹粗糙,cfocus_p2_risk0.85_min002,current_family,2.0,0.85,0.02,"clip(C_focus^p * (1 - lambda R), 0.02, 1)",160000,0.09010540693998337,0.14499182999134064,0.06693928006295145,0.06055395852233902,0.9999999999999998,245.42234802246094,247.8502960205078,254.7456512451172,252.72486877441406,286.35504150390625,247.87258911132812,272.0901794433594,0.9109942505768659,1.0099837733140868,1.1086609741768823
test_周期_条纹粗糙,周期-条纹粗糙,cfocus_p2.5_risk0_min002,current_family,2.5,0.0,0.02,"clip(C_focus^p * (1 - lambda R), 0.02, 1)",160000,0.10472020506858826,0.1795792430639267,-0.07300621018011734,-0.073439216032899,-0.7999999999999998,245.42234802246094,247.8502960205078,254.7456512451172,268.2078857421875,212.605712890625,262.76007080078125,227.71875,1.1538798223720323,1.070644433638674,0.9278647679597593
test_周期_条纹粗糙,周期-条纹粗糙,cfocus_p2.5_risk0.25_min002,current_family,2.5,0.25,0.02,"clip(C_focus^p * (1 - lambda R), 0.02, 1)",160000,0.09475217014551163,0.159824401140213,-0.04583045733174559,-0.05582653410498151,-0.7999999999999998,245.42234802246094,247.8502960205078,254.7456512451172,266.4032897949219,223.02542114257812,260.91943359375,233.43699645996094,1.1177295696507252,1.0631445575195573,0.9511643839321303
test_周期_条纹粗糙,周期-条纹粗糙,cfocus_p2.5_risk0.45_min002,current_family,2.5,0.45,0.02,"clip(C_focus^p * (1 - lambda R), 0.02, 1)",160000,0.08685165643692017,0.14685818552970886,-0.018567052726781864,-0.036756035140309805,-0.5,245.42234802246094,247.8502960205078,254.7456512451172,264.7488708496094,233.95452880859375,259.284912109375,240.00347900390625,1.080338140036524,1.0564845222882693,0.9779202299129712
test_周期_条纹粗糙,周期-条纹粗糙,cfocus_p2.5_risk0.65_min002,current_family,2.5,0.65,0.02,"clip(C_focus^p * (1 - lambda R), 0.02, 1)",160000,0.0790763571858406,0.13718335330486298,0.013233395719457997,-0.011070540625466623,1.0,245.42234802246094,247.8502960205078,254.7456512451172,261.796630859375,246.96124267578125,256.2228088378906,249.39662170410156,1.027370808341935,1.0440076500875186,1.0161936095619006
test_周期_条纹粗糙,周期-条纹粗糙,cfocus_p2.5_risk0.85_min002,current_family,2.5,0.85,0.02,"clip(C_focus^p * (1 - lambda R), 0.02, 1)",160000,0.07161493599414825,0.13146258890628815,0.0472541073802612,0.03191590387788441,1.0,245.42234802246094,247.8502960205078,254.7456512451172,255.7325439453125,274.7824401855469,250.35934448242188,265.03302001953125,0.9446345382321493,1.0201163280350862,1.079905811981212
test_周期_条纹粗糙,周期-条纹粗糙,focus_only_p1,focus_only,1.0,0.0,0.02,"clip(C_focus^p, 0.02, 1)",160000,0.27961790561676025,0.22542506456375122,-0.061608352202375545,-0.07215351710956361,-0.942857142857143,245.42234802246094,247.8502960205078,254.7456512451172,257.8044128417969,212.605712890625,254.33261108398438,227.71875,1.1168716281991904,1.0363058341398803,0.9278647679597593
test_周期_条纹粗糙,周期-条纹粗糙,focus_only_p1.5,focus_only,1.5,0.0,0.02,"clip(C_focus^p, 0.02, 1)",160000,0.18371336162090302,0.21013063192367554,-0.06679839786324503,-0.07212505498137499,-0.8999999999999998,245.42234802246094,247.8502960205078,254.7456512451172,260.05792236328125,212.605712890625,254.33261108398438,227.71875,1.1168716281991904,1.0363058341398803,0.9278647679597593
test_周期_条纹粗糙,周期-条纹粗糙,focus_only_p2,focus_only,2.0,0.0,0.02,"clip(C_focus^p, 0.02, 1)",160000,0.1334346979856491,0.19336701929569244,-0.0705243012957367,-0.07292598987991507,-0.7999999999999998,245.42234802246094,247.8502960205078,254.7456512451172,266.06805419921875,212.605712890625,257.80804443359375,227.71875,1.132133583350487,1.0504668646149506,0.9278647679597593
test_周期_条纹粗糙,周期-条纹粗糙,baseline_cfocus1_1minusrisk_p0.5,baseline_family,1.0,0.5,0.0,"clip(C_focus * (1 - R)^q, 0, 1)",160000,0.19198401272296906,0.19814829528331757,0.13815386676967414,0.18170225122416123,1.0,245.42234802246094,247.8502960205078,254.7456512451172,207.02488708496094,292.78863525390625,201.87734985351562,290.43280029296875,0.6950914278617139,0.8225711777276286,1.1833999740984813
test_周期_条纹粗糙,周期-条纹粗糙,baseline_cfocus1_1minusrisk_p1,baseline_family,1.0,1.0,0.0,"clip(C_focus * (1 - R)^q, 0, 1)",160000,0.17039602994918823,0.19703984260559082,0.17284036434411942,0.26022129145108774,1.0,245.42234802246094,247.8502960205078,254.7456512451172,200.47793579101562,294.9884338378906,173.23666381835938,296.71868896484375,0.5838414304900257,0.7058715932523995,1.2090125098863784
test_周期_条纹粗糙,周期-条纹粗糙,baseline_cfocus1_1minusrisk_p1.5,baseline_family,1.0,1.5,0.0,"clip(C_focus * (1 - R)^q, 0, 1)",160000,0.15894700586795807,0.19600149989128113,0.17997689248186532,0.28937261368168743,1.0,245.42234802246094,247.8502960205078,254.7456512451172,199.78826904296875,294.74676513671875,160.72000122070312,297.1431884765625,0.5408840163717235,0.6548710926928061,1.2107421792304265
test_周期_条纹粗糙,周期-条纹粗糙,baseline_cfocus1_1minusrisk_p2,baseline_family,1.0,2.0,0.0,"clip(C_focus * (1 - R)^q, 0, 1)",160000,0.1514231264591217,0.19486798346042633,0.18010284046262626,0.3018392714109566,1.0,245.42234802246094,247.8502960205078,254.7456512451172,199.3956756591797,293.9695739746094,156.06455993652344,296.9283752441406,0.5255966520821863,0.6359019917869928,1.2098668993948583
test_周期_条纹粗糙,周期-条纹粗糙,risk_only_coeff1,risk_only,0.0,1.0,0.0,"clip(1 - R, 0, 1)",160000,0.6378917694091797,0.4031352698802948,0.31047207865503795,0.3128653185693912,0.7142857142857144,245.42234802246094,247.8502960205078,254.7456512451172,198.2132568359375,285.5097961425781,151.23097229003906,288.7776794433594,0.5236934259654281,0.616207014188449,1.1766560045172845
test_复合腐蚀凹坑,腐蚀凹坑-复合,cfocus_p0.75_risk0_min002,current_family,0.75,0.0,0.02,"clip(C_focus^p * (1 - lambda R), 0.02, 1)",160000,0.4414409101009369,0.24344377219676971,-0.24680906394276733,-0.414765607843776,-1.0,52.636837005615234,49.76689147949219,57.30203628540039,99.90287780761719,17.706666946411133,92.26144409179688,20.920839309692383,4.41002594236519,1.7527923283451574,0.39745623977102906
test_复合腐蚀凹坑,腐蚀凹坑-复合,cfocus_p0.75_risk0.25_min002,current_family,0.75,0.25,0.02,"clip(C_focus^p * (1 - lambda R), 0.02, 1)",160000,0.4119097590446472,0.23621422052383423,-0.23324940137182956,-0.39467104717251356,-1.0,52.636837005615234,49.76689147949219,57.30203628540039,96.6343002319336,18.728485107421875,90.4783706665039,22.06505012512207,4.100528671062937,1.7189173174834154,0.4191940735870622
test_复合腐蚀凹坑,腐蚀凹坑-复合,cfocus_p0.75_risk0.45_min002,current_family,0.75,0.45,0.02,"clip(C_focus^p * (1 - lambda R), 0.02, 1)",160000,0.38829004764556885,0.23832181096076965,-0.21443848632171167,-0.36214955835620993,-1.0,52.636837005615234,49.76689147949219,57.30203628540039,92.20130157470703,18.745559692382812,86.99734497070312,23.03112030029297,3.7773822478621013,1.6527844361435007,0.43754757334366495
test_复合腐蚀凹坑,腐蚀凹坑-复合,cfocus_p0.75_risk0.65_min002,current_family,0.75,0.65,0.02,"clip(C_focus^p * (1 - lambda R), 0.02, 1)",160000,0.3646857440471649,0.247276172041893,-0.19051466224230978,-0.3138249136142471,-1.0,52.636837005615234,49.76689147949219,57.30203628540039,85.88887023925781,18.672584533691406,79.70800018310547,23.136629104614258,3.4450999677912844,1.5143007201326006,0.43955204037328593
test_复合腐蚀凹坑,腐蚀凹坑-复合,cfocus_p0.75_risk0.85_min002,current_family,0.75,0.85,0.02,"clip(C_focus^p * (1 - lambda R), 0.02, 1)",160000,0.3411768972873688,0.2622816562652588,-0.1642913877303818,-0.2538722976217733,-0.8285714285714285,52.636837005615234,49.76689147949219,57.30203628540039,70.91101837158203,18.620630264282227,63.64054870605469,23.084074020385742,2.7569028174945713,1.209049637600101,0.4385535935208865
test_复合腐蚀凹坑,腐蚀凹坑-复合,cfocus_p1_risk0_min002,current_family,1.0,0.0,0.02,"clip(C_focus^p * (1 - lambda R), 0.02, 1)",160000,0.3597956895828247,0.2487564980983734,-0.23919207366343542,-0.41478268672518,-1.0,52.636837005615234,49.76689147949219,57.30203628540039,99.90287780761719,17.706666946411133,92.26144409179688,20.920839309692383,4.41002594236519,1.7527923283451574,0.39745623977102906
test_复合腐蚀凹坑,腐蚀凹坑-复合,cfocus_p1_risk0.25_min002,current_family,1.0,0.25,0.02,"clip(C_focus^p * (1 - lambda R), 0.02, 1)",160000,0.33619311451911926,0.23984159529209137,-0.22919325214077504,-0.40094748323047547,-1.0,52.636837005615234,49.76689147949219,57.30203628540039,97.5296859741211,18.588171005249023,90.81897735595703,21.688631057739258,4.187400168972382,1.7253881981219459,0.4120428257386655
test_复合腐蚀凹坑,腐蚀凹坑-复合,cfocus_p1_risk0.45_min002,current_family,1.0,0.45,0.02,"clip(C_focus^p * (1 - lambda R), 0.02, 1)",160000,0.3173265755176544,0.23850072920322418,-0.21526915757614448,-0.37835218196058895,-1.0,52.636837005615234,49.76689147949219,57.30203628540039,94.71007537841797,18.82329559326172,88.91307830810547,22.812902450561523,3.89749083882647,1.6891797335508654,0.43340184836957185
test_复合腐蚀凹坑,腐蚀凹坑-复合,cfocus_p1_risk0.65_min002,current_family,1.0,0.65,0.02,"clip(C_focus^p * (1 - lambda R), 0.02, 1)",160000,0.2984975576400757,0.24239787459373474,-0.19680980752927008,-0.3408489020183867,-1.0,52.636837005615234,49.76689147949219,57.30203628540039,90.1142578125,18.749650955200195,84.32779693603516,23.105934143066406,3.6496164324669866,1.6020680902053284,0.43896889436197495
test_复合腐蚀凹坑,腐蚀凹坑-复合,cfocus_p1_risk0.85_min002,current_family,1.0,0.85,0.02,"clip(C_focus^p * (1 - lambda R), 0.02, 1)",160000,0.27984896302223206,0.2511463165283203,-0.17538506082829172,-0.28207085098239243,-0.942857142857143,52.636837005615234,49.76689147949219,57.30203628540039,79.3143539428711,18.67352867126465,72.3779525756836,23.137714385986328,3.1281375233640314,1.3750437277977474,0.4395726586595244
test_复合腐蚀凹坑,腐蚀凹坑-复合,cfocus_p1.25_risk0_min002,current_family,1.25,0.0,0.02,"clip(C_focus^p * (1 - lambda R), 0.02, 1)",160000,0.3001919388771057,0.24655811488628387,-0.22999683549968475,-0.414799599878457,-1.0,52.636837005615234,49.76689147949219,57.30203628540039,99.90287780761719,17.706666946411133,92.26144409179688,20.920839309692383,4.41002594236519,1.7527923283451574,0.39745623977102906
test_复合腐蚀凹坑,腐蚀凹坑-复合,cfocus_p1.25_risk0.25_min002,current_family,1.25,0.25,0.02,"clip(C_focus^p * (1 - lambda R), 0.02, 1)",160000,0.28092777729034424,0.2370222508907318,-0.2220127946752096,-0.4043259956742774,-1.0,52.636837005615234,49.76689147949219,57.30203628540039,97.9168472290039,18.503923416137695,91.24142456054688,21.480297088623047,4.247679824171172,1.7334138932172796,0.4080848757369588
test_复合腐蚀凹坑,腐蚀凹坑-复合,cfocus_p1.25_risk0.45_min002,current_family,1.25,0.45,0.02,"clip(C_focus^p * (1 - lambda R), 0.02, 1)",160000,0.2655431032180786,0.2339341789484024,-0.21095079816541654,-0.3875112587863178,-1.0,52.636837005615234,49.76689147949219,57.30203628540039,96.01486206054688,18.835521697998047,89.9087142944336,22.49847984313965,3.9962128517695836,1.7080949276044501,0.4274284155930482
test_复合腐蚀凹坑,腐蚀凹坑-复合,cfocus_p1.25_risk0.65_min002,current_family,1.25,0.65,0.02,"clip(C_focus^p * (1 - lambda R), 0.02, 1)",160000,0.25022023916244507,0.2350352555513382,-0.19600971206359744,-0.35791723044855245,-1.0,52.636837005615234,49.76689147949219,57.30203628540039,91.83989715576172,18.775972366333008,86.3857421875,23.045867919921875,3.748426506984548,1.6411651440660173,0.43782775012608316
test_复合腐蚀凹坑,腐蚀凹坑-复合,cfocus_p1.25_risk0.85_min002,current_family,1.25,0.85,0.02,"clip(C_focus^p * (1 - lambda R), 0.02, 1)",160000,0.23514559864997864,0.2401072382926941,-0.17816388543689984,-0.30429951573430175,-1.0,52.636837005615234,49.76689147949219,57.30203628540039,86.43974304199219,18.677034378051758,77.9891586303711,23.153701782226562,3.3683235347808522,1.4816459929393422,0.4398763888444998
test_复合腐蚀凹坑,腐蚀凹坑-复合,cfocus_p1.5_risk0_min002,current_family,1.5,0.0,0.02,"clip(C_focus^p * (1 - lambda R), 0.02, 1)",160000,0.25547319650650024,0.2410057932138443,-0.22007752169455894,-0.41467311727418843,-1.0,52.636837005615234,49.76689147949219,57.30203628540039,103.05140686035156,17.706666946411133,92.26144409179688,20.920839309692383,4.41002594236519,1.7527923283451574,0.39745623977102906
test_复合腐蚀凹坑,腐蚀凹坑-复合,cfocus_p1.5_risk0.25_min002,current_family,1.5,0.25,0.02,"clip(C_focus^p * (1 - lambda R), 0.02, 1)",160000,0.2394731491804123,0.2313453108072281,-0.21337701043031235,-0.4062477860162948,-1.0,52.636837005615234,49.76689147949219,57.30203628540039,103.12275695800781,18.31023406982422,91.40584564208984,21.406394958496094,4.2700251873009245,1.7365375817004123,0.4066808755285293
test_复合腐蚀凹坑,腐蚀凹坑-复合,cfocus_p1.5_risk0.45_min002,current_family,1.5,0.45,0.02,"clip(C_focus^p * (1 - lambda R), 0.02, 1)",160000,0.2267104983329773,0.2273419052362442,-0.20418362245548707,-0.39289604562293734,-1.0,52.636837005615234,49.76689147949219,57.30203628540039,102.35906982421875,18.839406967163086,90.42218780517578,22.145263671875,4.0831389115503764,1.7178499497515334,0.4207179787325095
test_复合腐蚀凹坑,腐蚀凹坑-复合,cfocus_p1.5_risk0.65_min002,current_family,1.5,0.65,0.02,"clip(C_focus^p * (1 - lambda R), 0.02, 1)",160000,0.21402834355831146,0.22681349515914917,-0.19165330668609357,-0.3689088464105443,-1.0,52.636837005615234,49.76689147949219,57.30203628540039,100.479736328125,18.796506881713867,87.93894958496094,23.025436401367188,3.819208811162396,1.670673136677641,0.43743959005194144
test_复合腐蚀凹坑,腐蚀凹坑-复合,cfocus_p1.5_risk0.85_min002,current_family,1.5,0.85,0.02,"clip(C_focus^p * (1 - lambda R), 0.02, 1)",160000,0.20163989067077637,0.22962190210819244,-0.17647290264140325,-0.32090029303440726,-0.9999999999999998,52.636837005615234,49.76689147949219,57.30203628540039,92.46234130859375,18.750957489013672,81.42461395263672,23.123842239379883,3.5212406791969317,1.546913123673264,0.4393091142029119
test_复合腐蚀凹坑,腐蚀凹坑-复合,cfocus_p1.75_risk0_min002,current_family,1.75,0.0,0.02,"clip(C_focus^p * (1 - lambda R), 0.02, 1)",160000,0.22116099298000336,0.23410411179065704,-0.2099812063430939,-0.4141426659833962,-0.9999999999999998,52.636837005615234,49.76689147949219,57.30203628540039,109.21353912353516,17.706666946411133,92.26143646240234,20.920839309692383,4.41002557768601,1.7527921834011417,0.39745623977102906
test_复合腐蚀凹坑,腐蚀凹坑-复合,cfocus_p1.75_risk0.25_min002,current_family,1.75,0.25,0.02,"clip(C_focus^p * (1 - lambda R), 0.02, 1)",160000,0.20767121016979218,0.2245626449584961,-0.2041534154736533,-0.40694978229547557,-0.9999999999999998,52.636837005615234,49.76689147949219,57.30203628540039,108.08167266845703,18.20882797241211,91.4808578491211,21.329898834228516,4.288855683755983,1.7379626712631313,0.4052275943547495
test_复合腐蚀凹坑,腐蚀凹坑-复合,cfocus_p1.75_risk0.45_min002,current_family,1.75,0.45,0.02,"clip(C_focus^p * (1 - lambda R), 0.02, 1)",160000,0.19692571461200714,0.22008788585662842,-0.19625061576472558,-0.39603057581995144,-0.9999999999999998,52.636837005615234,49.76689147949219,57.30203628540039,105.54190826416016,18.679445266723633,90.58051300048828,21.881061553955078,4.139676348751715,1.7208578279660927,0.41569863993956996
test_复合腐蚀凹坑,腐蚀凹坑-复合,cfocus_p1.75_risk0.65_min002,current_family,1.75,0.65,0.02,"clip(C_focus^p * (1 - lambda R), 0.02, 1)",160000,0.1862749606370926,0.21857869625091553,-0.18546235349115647,-0.37549101691493714,-0.9999999999999998,52.636837005615234,49.76689147949219,57.30203628540039,95.52549743652344,18.836755752563477,89.0161361694336,22.897855758666992,3.8875315273020874,1.691137637315431,0.4350157999847954
test_复合腐蚀凹坑,腐蚀凹坑-复合,cfocus_p1.75_risk0.85_min002,current_family,1.75,0.85,0.02,"clip(C_focus^p * (1 - lambda R), 0.02, 1)",160000,0.17594528198242188,0.2199414223432541,-0.17234645828333706,-0.3318250619423535,-0.9999999999999998,52.636837005615234,49.76689147949219,57.30203628540039,87.19095611572266,18.778871536254883,85.7281494140625,23.09955596923828,3.7112466373044932,1.6286721294616757,0.4388477211648194
test_复合腐蚀凹坑,腐蚀凹坑-复合,cfocus_p2_risk0_min002,current_family,2.0,0.0,0.02,"clip(C_focus^p * (1 - lambda R), 0.02, 1)",160000,0.19431906938552856,0.22685660421848297,-0.20009452798574404,-0.4125430871524821,-0.9999999999999998,52.636837005615234,49.76689147949219,57.30203628540039,98.48912811279297,17.706666946411133,93.39158630371094,20.920839309692383,4.464045869347302,1.774262885396173,0.39745623977102906
test_复合腐蚀凹坑,腐蚀凹坑-复合,cfocus_p2_risk0.25_min002,current_family,2.0,0.25,0.02,"clip(C_focus^p * (1 - lambda R), 0.02, 1)",160000,0.18279634416103363,0.21755172312259674,-0.1949095946112086,-0.40603108666657833,-0.9999999999999998,52.636837005615234,49.76689147949219,57.30203628540039,97.17195892333984,18.125764846801758,93.00523376464844,21.279417037963867,4.370666433141521,1.7669229204392876,0.40426853603862645
test_复合腐蚀凹坑,腐蚀凹坑-复合,cfocus_p2_risk0.45_min002,current_family,2.0,0.45,0.02,"clip(C_focus^p * (1 - lambda R), 0.02, 1)",160000,0.17363087832927704,0.2128540426492691,-0.18797409207693302,-0.3962947002210965,-0.9999999999999998,52.636837005615234,49.76689147949219,57.30203628540039,94.80491638183594,18.606958389282227,92.63871765136719,21.738401412963867,4.261523922183227,1.7599598099233167,0.41298836802532113
test_复合腐蚀凹坑,腐蚀凹坑-复合,cfocus_p2_risk0.65_min002,current_family,2.0,0.65,0.02,"clip(C_focus^p * (1 - lambda R), 0.02, 1)",160000,0.16456688940525055,0.21074716746807098,-0.17851886623085997,-0.37847732602654793,-0.9999999999999998,52.636837005615234,49.76689147949219,57.30203628540039,90.82637023925781,18.859617233276367,90.93177795410156,22.658483505249023,4.013144919122079,1.7275311953946069,0.4304681814910695
test_复合腐蚀凹坑,腐蚀凹坑-复合,cfocus_p2_risk0.85_min002,current_family,2.0,0.85,0.02,"clip(C_focus^p * (1 - lambda R), 0.02, 1)",160000,0.15583805739879608,0.21116243302822113,-0.16702474787367064,-0.33770387912520033,-0.9999999999999998,52.636837005615234,49.76689147949219,57.30203628540039,86.4686050415039,18.801624298095703,86.54015350341797,23.083776473999023,3.748959950331116,1.644098666000504,0.43854794070427283
test_复合腐蚀凹坑,腐蚀凹坑-复合,cfocus_p2.5_risk0_min002,current_family,2.5,0.0,0.02,"clip(C_focus^p * (1 - lambda R), 0.02, 1)",160000,0.15570645034313202,0.21305327117443085,-0.18169305215267068,-0.40566090281385003,-0.9999999999999998,52.636837005615234,49.76689147949219,57.30203628540039,87.4676742553711,17.706666946411133,94.77881622314453,20.920839309692383,4.530354390668954,1.8006176209454539,0.39745623977102906
test_复合腐蚀凹坑,腐蚀凹坑-复合,cfocus_p2.5_risk0.25_min002,current_family,2.5,0.25,0.02,"clip(C_focus^p * (1 - lambda R), 0.02, 1)",160000,0.14700929820537567,0.2043459564447403,-0.1774058958302698,-0.3999362851104565,-0.9999999999999998,52.636837005615234,49.76689147949219,57.30203628540039,85.54244232177734,18.058019638061523,94.2547378540039,21.209857940673828,4.443911794112162,1.7906611266164971,0.4029470452111548
test_复合腐蚀凹坑,腐蚀凹坑-复合,cfocus_p2.5_risk0.45_min002,current_family,2.5,0.45,0.02,"clip(C_focus^p * (1 - lambda R), 0.02, 1)",160000,0.14011041820049286,0.19957363605499268,-0.17180682515902634,-0.3914214531339198,-0.9999999999999998,52.636837005615234,49.76689147949219,57.30203628540039,83.84889221191406,18.52161407470703,93.13420104980469,21.514644622802734,4.328874712208563,1.7693730540812938,0.4087374136958035
test_复合腐蚀凹坑,腐蚀凹坑-复合,cfocus_p2.5_risk0.65_min002,current_family,2.5,0.65,0.02,"clip(C_focus^p * (1 - lambda R), 0.02, 1)",160000,0.1333238035440445,0.1968776434659958,-0.16424417091948848,-0.3754865750176098,-0.9999999999999998,52.636837005615234,49.76689147949219,57.30203628540039,80.89010620117188,18.902841567993164,88.3494873046875,22.216636657714844,3.9767264805137676,1.6784725741644104,0.42207392999972243
test_复合腐蚀凹坑,腐蚀凹坑-复合,cfocus_p2.5_risk0.85_min002,current_family,2.5,0.85,0.02,"clip(C_focus^p * (1 - lambda R), 0.02, 1)",160000,0.1268523931503296,0.19623515009880066,-0.1551257004575026,-0.33953376890798476,-0.9999999999999998,52.636837005615234,49.76689147949219,57.30203628540039,79.03459930419922,18.851232528686523,79.53762817382812,23.087051391601562,3.4451185136080973,1.5110639753171937,0.4386101579230276
test_复合腐蚀凹坑,腐蚀凹坑-复合,focus_only_p1,focus_only,1.0,0.0,0.02,"clip(C_focus^p, 0.02, 1)",160000,0.3597956895828247,0.2487564980983734,-0.23919207366343542,-0.41478268672518,-1.0,52.636837005615234,49.76689147949219,57.30203628540039,99.90287780761719,17.706666946411133,92.26144409179688,20.920839309692383,4.41002594236519,1.7527923283451574,0.39745623977102906
test_复合腐蚀凹坑,腐蚀凹坑-复合,focus_only_p1.5,focus_only,1.5,0.0,0.02,"clip(C_focus^p, 0.02, 1)",160000,0.25547319650650024,0.2410057932138443,-0.22007752169455894,-0.41467311727418843,-1.0,52.636837005615234,49.76689147949219,57.30203628540039,103.05140686035156,17.706666946411133,92.26144409179688,20.920839309692383,4.41002594236519,1.7527923283451574,0.39745623977102906
test_复合腐蚀凹坑,腐蚀凹坑-复合,focus_only_p2,focus_only,2.0,0.0,0.02,"clip(C_focus^p, 0.02, 1)",160000,0.19431906938552856,0.22685660421848297,-0.20009452798574404,-0.4125430871524821,-0.9999999999999998,52.636837005615234,49.76689147949219,57.30203628540039,98.48912811279297,17.706666946411133,93.39158630371094,20.920839309692383,4.464045869347302,1.774262885396173,0.39745623977102906
test_复合腐蚀凹坑,腐蚀凹坑-复合,baseline_cfocus1_1minusrisk_p0.5,baseline_family,1.0,0.5,0.0,"clip(C_focus * (1 - R)^q, 0, 1)",160000,0.27878832817077637,0.2587642967700958,-0.16563084299116762,-0.2383090671034232,-0.6571428571428573,52.636837005615234,49.76689147949219,57.30203628540039,45.85270309448242,18.74755859375,55.710960388183594,23.110641479492188,2.4106193866414363,1.0584025096766436,0.4390583248196842
test_复合腐蚀凹坑,腐蚀凹坑-复合,baseline_cfocus1_1minusrisk_p1,baseline_family,1.0,1.0,0.0,"clip(C_focus * (1 - R)^q, 0, 1)",160000,0.2650143802165985,0.26156410574913025,-0.1588199515794289,-0.21174347221335132,-0.6571428571428573,52.636837005615234,49.76689147949219,57.30203628540039,43.98098373413086,18.63038444519043,46.264923095703125,23.04721450805664,2.007397600240595,0.87894572940938,0.43785333274486066
test_复合腐蚀凹坑,腐蚀凹坑-复合,baseline_cfocus1_1minusrisk_p1.5,baseline_family,1.0,1.5,0.0,"clip(C_focus * (1 - R)^q, 0, 1)",160000,0.25756752490997314,0.2626853287220001,-0.15662601527048298,-0.20071932544376736,-0.6,52.636837005615234,49.76689147949219,57.30203628540039,43.6590576171875,18.599647521972656,42.454288482666016,23.101837158203125,1.837701832626377,0.8065509042296186,0.43889105942552453
test_复合腐蚀凹坑,腐蚀凹坑-复合,baseline_cfocus1_1minusrisk_p2,baseline_family,1.0,2.0,0.0,"clip(C_focus * (1 - R)^q, 0, 1)",160000,0.2525463104248047,0.2632277011871338,-0.15555945495394183,-0.1943660246840055,-0.6,52.636837005615234,49.76689147949219,57.30203628540039,43.54425811767578,18.550233840942383,40.92292404174805,23.13287925720215,1.769037204005082,0.7774578863350478,0.43948080038955156
test_复合腐蚀凹坑,腐蚀凹坑-复合,risk_only_coeff1,risk_only,0.0,1.0,0.0,"clip(1 - R, 0, 1)",160000,0.7207353711128235,0.40539607405662537,0.04952042960458628,-0.015450296133644542,0.2571428571428572,52.636837005615234,49.76689147949219,57.30203628540039,43.08103942871094,36.65485763549805,39.01245880126953,43.78772735595703,0.8909450468651039,0.741162672770549,0.8318837119959508
