seed,roughness,exposure,specular_strength,score,auc_failure_top10,point_biserial_failure,mean_error_top10_score,mean_error_rest_top10,error_lift_top10,failure_rate_top10_score,failure_base_rate,sat_fraction,bright_fraction,global_mae,global_rmse
11,0.65,1.18,0.95,risk_mean,0.45482765690730625,-0.23159420089547036,0.06322813178877314,0.06882540398094028,-0.005597272192167144,0.0463980463980464,0.10003662109375,0.0,0.0,0.0682658134138767,0.08191077649827051
11,0.65,1.18,0.95,risk_max,0.456636317499174,-0.23570102800043818,0.06383704572352102,0.06875776522974558,-0.004920719506224566,0.05372405372405373,0.10003662109375,0.0,0.0,0.0682658134138767,0.08191077649827051
11,0.65,1.18,0.95,sat_persistence,0.49699001388460445,0.0,0.06802938606589647,0.0682920759932875,-0.00026268992739103547,0.0989010989010989,0.10003662109375,0.0,0.0,0.0682658134138767,0.08191077649827051
11,0.65,1.18,0.95,bright_persistence,0.49699001388460445,0.0,0.06802938606589647,0.0682920759932875,-0.00026268992739103547,0.0989010989010989,0.10003662109375,0.0,0.0,0.0682658134138767,0.08191077649827051
11,0.65,1.18,0.95,low_margin,0.6402239329533532,0.4891841411590576,0.0758283737995121,0.06742575686215618,0.008402616937355917,0.15323565323565325,0.10003662109375,0.0,0.0,0.0682658134138767,0.08191077649827051
11,0.65,1.18,0.95,focus_entropy,0.4121336670934874,-0.2917115390300751,0.07101818330763561,0.0679600774932218,0.0030581058144138057,0.07020757020757021,0.10003662109375,0.0,0.0,0.0682658134138767,0.08191077649827051
11,0.65,1.18,0.95,low_peak_strength,0.3597296402064712,-0.48156219720840454,0.06245951575122048,0.06891078259680297,-0.00645126684558249,0.021367521367521368,0.10003662109375,0.0,0.0,0.0682658134138767,0.08191077649827051
11,0.65,1.18,0.95,hybrid_confidence,0.5113147630110495,0.05134763941168785,0.07253004145541139,0.06779213882198508,0.004737902633426314,0.09096459096459096,0.10003662109375,0.0,0.0,0.0682658134138767,0.08191077649827051
11,0.65,1.18,0.95,hybrid_risk_confidence,0.48224258189506336,-0.06427175466994821,0.06621496718613726,0.06849362340445293,-0.002278656218315675,0.06532356532356533,0.10003662109375,0.0,0.0,0.0682658134138767,0.08191077649827051
11,0.65,1.18,1.35,risk_mean,0.44968085685243814,-0.24724717528338036,0.061964918887327074,0.06912012754287272,-0.007155208655545649,0.043345543345543344,0.10003662109375,0.0,0.0,0.06840478136502948,0.08210210765072552
11,0.65,1.18,1.35,risk_max,0.4514125945424463,-0.25632772187088904,0.06264723933887034,0.06904433472450654,-0.006397095385636195,0.04945054945054945,0.10003662109375,0.0,0.0,0.06840478136502948,0.08210210765072552
11,0.65,1.18,1.35,sat_persistence,0.49888486619490874,0.0,0.06824181020539977,0.0684228843597042,-0.00018107415430443363,0.09768009768009768,0.10003662109375,0.0,0.0,0.06840478136502948,0.08210210765072552
11,0.65,1.18,1.35,bright_persistence,0.49888486619490874,0.0,0.06824181020539977,0.0684228843597042,-0.00018107415430443363,0.09768009768009768,0.10003662109375,0.0,0.0,0.06840478136502948,0.08210210765072552
11,0.65,1.18,1.35,low_margin,0.6347677861452296,0.4735685884952545,0.07461918098918655,0.06771447981990746,0.00690470116927909,0.14774114774114774,0.10003662109375,0.0,0.0,0.06840478136502948,0.08210210765072552
11,0.65,1.18,1.35,focus_entropy,0.41854355030019175,-0.2749125063419342,0.07038957171654885,0.06818430892533134,0.0022052627912175077,0.0695970695970696,0.10003662109375,0.0,0.0,0.06840478136502948,0.08210210765072552
11,0.65,1.18,1.35,low_peak_strength,0.3600867379165562,-0.48015114665031433,0.06261108367610364,0.06904835093063781,-0.006437267254534168,0.02197802197802198,0.10003662109375,0.0,0.0,0.06840478136502948,0.08210210765072552
11,0.65,1.18,1.35,hybrid_confidence,0.510984106255396,0.04929935187101364,0.07251027059197135,0.0679487396348158,0.0045615309571555435,0.09035409035409035,0.10003662109375,0.0,0.0,0.06840478136502948,0.08210210765072552
11,0.65,1.18,1.35,hybrid_risk_confidence,0.4802820202958118,-0.07260258308932979,0.06578458192889386,0.06869583566289943,-0.002911253734005567,0.0641025641025641,0.10003662109375,0.0,0.0,0.06840478136502948,0.08210210765072552
11,0.65,1.18,1.75,risk_mean,0.43953315784649805,-0.27676791214729196,0.06043673798282065,0.06955378467452633,-0.009117046691705682,0.03663003663003663,0.10003662109375,0.0,0.0,0.06864230258950352,0.08235389497340517
11,0.65,1.18,1.75,risk_max,0.4419969251528579,-0.2854333879303601,0.06192648627857916,0.06938830198712281,-0.007461815708543651,0.04700854700854701,0.10003662109375,0.0,0.0,0.06864230258950352,0.08235389497340517
11,0.65,1.18,1.75,sat_persistence,0.5002187895877259,0.0,0.06868623277675498,0.06863742278164256,4.88099951124199e-05,0.0989010989010989,0.10003662109375,0.0,0.0,0.06864230258950352,0.08235389497340517
11,0.65,1.18,1.75,bright_persistence,0.5002187895877259,0.0,0.06868623277675498,0.06863742278164256,4.88099951124199e-05,0.0989010989010989,0.10003662109375,0.0,0.0,0.06864230258950352,0.08235389497340517
11,0.65,1.18,1.75,low_margin,0.6276992376605258,0.45376744866371155,0.07431521974451971,0.06801214944289315,0.006303070301626565,0.15018315018315018,0.10003662109375,0.0,0.0,0.06864230258950352,0.08235389497340517
11,0.65,1.18,1.75,focus_entropy,0.42007832563793973,-0.2713479697704315,0.07051022529675928,0.06843481192122162,0.0020754133755376547,0.06837606837606838,0.10003662109375,0.0,0.0,0.06864230258950352,0.08235389497340517
11,0.65,1.18,1.75,low_peak_strength,0.35959867679367635,-0.48042938113212585,0.06319442684474814,0.06924745791772197,-0.006053031072973822,0.021367521367521368,0.10003662109375,0.0,0.0,0.06864230258950352,0.08235389497340517
11,0.65,1.18,1.75,hybrid_confidence,0.50676774642173,0.03551029413938522,0.07240350842209477,0.06822450419307165,0.00417900422902312,0.09035409035409035,0.10003662109375,0.0,0.0,0.06864230258950352,0.08235389497340517
11,0.65,1.18,1.75,hybrid_risk_confidence,0.4742343657512262,-0.09435630893620933,0.06515543168171489,0.06902962759607871,-0.0038741959143638177,0.05616605616605617,0.10003662109375,0.0,0.0,0.06864230258950352,0.08235389497340517
11,0.65,1.38,0.95,risk_mean,0.46641409141494483,-0.20583126380064426,0.06502820849394078,0.0679729489906046,-0.0029447404966638224,0.051892551892551896,0.10003662109375,0.0,0.0,0.06767854683401675,0.08132134808526827
11,0.65,1.38,0.95,risk_max,0.46854140895529056,-0.19760402990635326,0.0653193425602726,0.06794060953579302,-0.0026212669755204254,0.061660561660561664,0.10003662109375,0.0,0.0,0.06767854683401675,0.08132134808526827
11,0.65,1.38,0.95,sat_persistence,0.4971321081530207,0.0,0.06757867212873231,0.06768964101326916,-0.0001109688845368495,0.09829059829059829,0.10003662109375,0.0,0.0,0.06767854683401675,0.08132134808526827
11,0.65,1.38,0.95,bright_persistence,0.4971321081530207,0.0,0.06757867212873231,0.06768964101326916,-0.0001109688845368495,0.09829059829059829,0.10003662109375,0.0,0.0,0.06767854683401675,0.08132134808526827
11,0.65,1.38,0.95,low_margin,0.6467208768300482,0.5097107291221619,0.0744884947088987,0.06692209121086087,0.0075664034980378325,0.16361416361416362,0.10003662109375,0.0,0.0,0.06767854683401675,0.08132134808526827
11,0.65,1.38,0.95,focus_entropy,0.4056510402281122,-0.3129250705242157,0.0704670148097566,0.06736880110336019,0.003098213706396416,0.06654456654456654,0.10003662109375,0.0,0.0,0.06767854683401675,0.08132134808526827
11,0.65,1.38,0.95,low_peak_strength,0.3565212227969026,-0.4905531406402588,0.06262335232882363,0.06824008274880765,-0.00561673041998402,0.021367521367521368,0.10003662109375,0.0,0.0,0.06767854683401675,0.08132134808526827
11,0.65,1.38,0.95,hybrid_confidence,0.5099005650460927,0.04413405433297157,0.07228149082812098,0.06716724734518299,0.005114243482937986,0.08547008547008547,0.10003662109375,0.0,0.0,0.06767854683401675,0.08132134808526827
11,0.65,1.38,0.95,hybrid_risk_confidence,0.48594626031181704,-0.05446476411187193,0.0666539374012006,0.06779236144482327,-0.001138424043622674,0.06715506715506715,0.10003662109375,0.0,0.0,0.06767854683401675,0.08132134808526827
11,0.65,1.38,1.35,risk_mean,0.45391811290204787,-0.23270622552582734,0.06388750467206311,0.06848330670092455,-0.004595802028861437,0.0463980463980464,0.10003662109375,0.0,0.0,0.06802383870023637,0.08166989287127542
11,0.65,1.38,1.35,risk_max,0.45622981368644216,-0.231356288523803,0.06439618615277275,0.06842680186806123,-0.0040306157152884825,0.05555555555555555,0.10003662109375,0.0,0.0,0.06802383870023637,0.08166989287127542
11,0.65,1.38,1.35,sat_persistence,0.4961828820267923,0.0,0.06768274695677999,0.0680617275023374,-0.0003789805455574058,0.09829059829059829,0.10003662109375,0.0,0.0,0.06802383870023637,0.08166989287127542
11,0.65,1.38,1.35,bright_persistence,0.4961828820267923,0.0,0.06768274695677999,0.0680617275023374,-0.0003789805455574058,0.09829059829059829,0.10003662109375,0.0,0.0,0.06802383870023637,0.08166989287127542
11,0.65,1.38,1.35,low_margin,0.6450425175926483,0.5023786425590515,0.07631185448983191,0.06710319785774639,0.009208656632085518,0.1623931623931624,0.10003662109375,0.0,0.0,0.06802383870023637,0.08166989287127542
11,0.65,1.38,1.35,focus_entropy,0.41037780565319193,-0.30161458253860474,0.07036354527211401,0.06776394182211787,0.0025996034499961435,0.06715506715506715,0.10003662109375,0.0,0.0,0.06802383870023637,0.08166989287127542
11,0.65,1.38,1.35,low_peak_strength,0.3579399724128571,-0.48722386360168457,0.062400983838782446,0.0686484308786618,-0.00624744703987936,0.018925518925518924,0.10003662109375,0.0,0.0,0.06802383870023637,0.08166989287127542
11,0.65,1.38,1.35,hybrid_confidence,0.5097917392086044,0.044412557035684586,0.0720780256555679,0.06757349567617338,0.004504529979394517,0.08547008547008547,0.10003662109375,0.0,0.0,0.06802383870023637,0.08166989287127542
11,0.65,1.38,1.35,hybrid_risk_confidence,0.4819962134401564,-0.06718350180399553,0.06648165767720472,0.0681951456659034,-0.0017134879886986781,0.0641025641025641,0.10003662109375,0.0,0.0,0.06802383870023637,0.08166989287127542
11,0.65,1.38,1.75,risk_mean,0.4504080037886288,-0.24736127160575258,0.06258839425323437,0.06885703911847678,-0.006268644865242409,0.042735042735042736,0.10003662109375,0.0,0.0,0.06823032767504006,0.08190247991148486
11,0.65,1.38,1.75,risk_max,0.45278040704587297,-0.24951515904303245,0.0634095250875932,0.06876582710798716,-0.005356302020393958,0.052503052503052504,0.10003662109375,0.0,0.0,0.06823032767504006,0.08190247991148486
11,0.65,1.38,1.75,sat_persistence,0.49816334675449697,0.0,0.0680796445248069,0.06824706570569801,-0.00016742118089110858,0.09829059829059829,0.10003662109375,0.0,0.0,0.06823032767504006,0.08190247991148486
11,0.65,1.38,1.75,bright_persistence,0.49816334675449697,0.0,0.0680796445248069,0.06824706570569801,-0.00016742118089110858,0.09829059829059829,0.10003662109375,0.0,0.0,0.06823032767504006,0.08190247991148486
11,0.65,1.38,1.75,low_margin,0.6378290610916391,0.4831628203392029,0.07613247290829704,0.06735254970867122,0.008779923199625825,0.1568986568986569,0.10003662109375,0.0,0.0,0.06823032767504006,0.08190247991148486
11,0.65,1.38,1.75,focus_entropy,0.41679360600619314,-0.2832290828227997,0.0701223173174149,0.06802016362823347,0.0021021536891814296,0.06654456654456654,0.10003662109375,0.0,0.0,0.06823032767504006,0.08190247991148486
11,0.65,1.38,1.75,low_peak_strength,0.3583309178549062,-0.485848069190979,0.06263155115343012,0.0688522452080929,-0.006220694054662773,0.019536019536019536,0.10003662109375,0.0,0.0,0.06823032767504006,0.08190247991148486
11,0.65,1.38,1.75,hybrid_confidence,0.5099360265452286,0.04558161646127701,0.0720656704722839,0.06780429407257937,0.004261376399704531,0.08852258852258853,0.10003662109375,0.0,0.0,0.06823032767504006,0.08190247991148486
11,0.65,1.38,1.75,hybrid_risk_confidence,0.4801600360490759,-0.07253328253979169,0.06609878082863736,0.06846710196870667,-0.00236832114006931,0.06288156288156288,0.10003662109375,0.0,0.0,0.06823032767504006,0.08190247991148486
11,0.65,1.58,0.95,risk_mean,0.47344473706043205,-0.18024583558722984,0.0673084125231688,0.06736240012169695,-5.398759852814905e-05,0.054945054945054944,0.10003662109375,0.00023681640625,0.01927490234375,0.06735700267990073,0.0808861438868187
11,0.65,1.58,0.95,risk_max,0.475649515425028,-0.16628724225420136,0.06737344577670283,0.06735517616473988,1.8269611962953847e-05,0.06532356532356533,0.10003662109375,0.00023681640625,0.01927490234375,0.06735700267990073,0.0808861438868187
11,0.65,1.58,0.95,sat_persistence,0.500449020370914,-0.0732112923259599,0.0662220842171979,0.06748307052486935,-0.0012609863076714495,0.09584859584859586,0.10003662109375,0.00023681640625,0.01927490234375,0.06735700267990073,0.0808861438868187
11,0.65,1.58,0.95,bright_persistence,0.4099233439904035,-0.34571511627617807,0.049523297147853446,0.06933798800890477,-0.019814690861051323,0.05311355311355311,0.10003662109375,0.00023681640625,0.01927490234375,0.06735700267990073,0.0808861438868187
11,0.65,1.58,0.95,low_margin,0.6510682414551545,0.5257524847984314,0.07478101411946468,0.06653233627965621,0.008248677839808469,0.1617826617826618,0.10003662109375,0.00023681640625,0.01927490234375,0.06735700267990073,0.0808861438868187
11,0.65,1.58,0.95,focus_entropy,0.4012022151644046,-0.32290831208229065,0.07063839415163292,0.066992502528626,0.003645891623006922,0.06837606837606838,0.10003662109375,0.00023681640625,0.01927490234375,0.06735700267990073,0.0808861438868187
11,0.65,1.58,0.95,low_peak_strength,0.3552942218238838,-0.49552133679389954,0.062272537454970474,0.06792179001466513,-0.005649252559694652,0.019536019536019536,0.10003662109375,0.00023681640625,0.01927490234375,0.06735700267990073,0.0808861438868187
11,0.65,1.58,0.95,hybrid_confidence,0.5096116593436809,0.05022788792848587,0.07299160084146672,0.0667311060442948,0.006260494797171917,0.08485958485958486,0.10003662109375,0.00023681640625,0.01927490234375,0.06735700267990073,0.0808861438868187
11,0.65,1.58,0.95,hybrid_risk_confidence,0.48949145851656317,-0.039651297482578805,0.0681415428253479,0.06726985519866904,0.0008716876266788576,0.07203907203907203,0.10003662109375,0.00023681640625,0.01927490234375,0.06735700267990073,0.0808861438868187
11,0.65,1.58,1.35,risk_mean,0.46646051825512047,-0.1930111540109727,0.06676022903785014,0.06765037442142074,-0.0008901453835706008,0.05616605616605617,0.10003662109375,0.00025390625,0.0195263671875,0.06756138161512872,0.08110407245924148
11,0.65,1.58,1.35,risk_max,0.4687445367257202,-0.18718503089159577,0.06706604613802555,0.06761640396095098,-0.0005503578229254236,0.06593406593406594,0.10003662109375,0.00025390625,0.0195263671875,0.06756138161512872,0.08110407245924148
11,0.65,1.58,1.35,sat_persistence,0.4996886877610863,-0.07598344602899063,0.06618900932937921,0.06771382606135533,-0.0015248167319761169,0.09523809523809523,0.10003662109375,0.00025390625,0.0195263671875,0.06756138161512872,0.08110407245924148
11,0.65,1.58,1.35,bright_persistence,0.4055836344147022,-0.36059031557409105,0.04922581380950151,0.06959811429284588,-0.020372300483344367,0.05311355311355311,0.10003662109375,0.00025390625,0.0195263671875,0.06756138161512872,0.08110407245924148
11,0.65,1.58,1.35,low_margin,0.6487260032304308,0.5176705121994019,0.07556610255695943,0.06667220943943912,0.008893893117520313,0.17155067155067155,0.10003662109375,0.00025390625,0.0195263671875,0.06756138161512872,0.08110407245924148
11,0.65,1.58,1.35,focus_entropy,0.4060491855544666,-0.3118519186973572,0.07070459330118962,0.06721223060863422,0.0034923626925554008,0.0695970695970696,0.10003662109375,0.00025390625,0.0195263671875,0.06756138161512872,0.08110407245924148
11,0.65,1.58,1.35,low_peak_strength,0.357656487312997,-0.48863333463668823,0.06274758001664561,0.06809610337142298,-0.005348523354777368,0.020757020757020756,0.10003662109375,0.00025390625,0.0195263671875,0.06756138161512872,0.08110407245924148
11,0.65,1.58,1.35,hybrid_confidence,0.5094659237544665,0.04757609963417053,0.07273098606632686,0.06698713693243086,0.005743849133896001,0.08485958485958486,0.10003662109375,0.00025390625,0.0195263671875,0.06756138161512872,0.08110407245924148
11,0.65,1.58,1.35,hybrid_risk_confidence,0.4861915529219427,-0.0502079775539196,0.06822457784164232,0.06748771313425056,0.00073686470739176,0.07326007326007326,0.10003662109375,0.00025390625,0.0195263671875,0.06756138161512872,0.08110407245924148
11,0.65,1.58,1.75,risk_mean,0.4608124572894794,-0.2161874953037029,0.06568826152238094,0.06802242231059095,-0.002334160788210013,0.05128205128205128,0.10003662109375,0.0002783203125,0.01979248046875,0.06778906321811734,0.08135838312761089
11,0.65,1.58,1.75,risk_max,0.4630676348442125,-0.2090327460877563,0.06595872434668619,0.06799237903741776,-0.002033654690731565,0.06043956043956044,0.10003662109375,0.0002783203125,0.01979248046875,0.06778906321811734,0.08135838312761089
11,0.65,1.58,1.75,sat_persistence,0.4971731971479355,-0.0794273242991959,0.06609225906068908,0.06797754587170932,-0.001885286811020237,0.09157509157509157,0.10003662109375,0.0002783203125,0.01979248046875,0.06778906321811734,0.08135838312761089
11,0.65,1.58,1.75,bright_persistence,0.39999308976621273,-0.37638233240849506,0.04853179477449236,0.06992817929777673,-0.021396384523284365,0.05067155067155067,0.10003662109375,0.0002783203125,0.01979248046875,0.06778906321811734,0.08135838312761089
11,0.65,1.58,1.75,low_margin,0.6472310341495892,0.5133024454116821,0.07431402451296798,0.06706426418102486,0.00724976033194312,0.1575091575091575,0.10003662109375,0.0002783203125,0.01979248046875,0.06778906321811734,0.08135838312761089
11,0.65,1.58,1.75,focus_entropy,0.4110499189909569,-0.29826828837394714,0.0701142073496846,0.06753078395001023,0.0025834233996743644,0.06715506715506715,0.10003662109375,0.0002783203125,0.01979248046875,0.06778906321811734,0.08135838312761089
11,0.65,1.58,1.75,low_peak_strength,0.356911713073852,-0.49089303612709045,0.06246920328050329,0.06837999842616098,-0.005910795145657691,0.020146520146520148,0.10003662109375,0.0002783203125,0.01979248046875,0.06778906321811734,0.08135838312761089
11,0.65,1.58,1.75,hybrid_confidence,0.5118344787976855,0.05306354910135269,0.07299058408041828,0.0672112732294798,0.005779310850938482,0.0873015873015873,0.10003662109375,0.0002783203125,0.01979248046875,0.06778906321811734,0.08135838312761089
11,0.65,1.58,1.75,hybrid_risk_confidence,0.48538214523863166,-0.054463508945694517,0.06737755080235389,0.06783477441688449,-0.0004572236145305997,0.07081807081807082,0.10003662109375,0.0002783203125,0.01979248046875,0.06778906321811734,0.08135838312761089
11,1.0,1.18,0.95,risk_mean,0.4691695367929605,-0.16162051188913987,0.06991273732954231,0.06585947405280287,0.004053263276739438,0.059218559218559216,0.10003662109375,0.0,0.0,0.06626470142385385,0.08229441115437416
11,1.0,1.18,0.95,risk_max,0.4703899171827101,-0.16733988704659708,0.068373088834061,0.06603049970285024,0.0023425891312107566,0.06288156288156288,0.10003662109375,0.0,0.0,0.06626470142385385,0.08229441115437416
11,1.0,1.18,0.95,sat_persistence,0.4830616308027602,0.0,0.06530917844626294,0.06637084184412334,-0.0010616633978604018,0.09035409035409035,0.10003662109375,0.0,0.0,0.06626470142385385,0.08229441115437416
11,1.0,1.18,0.95,bright_persistence,0.4830616308027602,0.0,0.06530917844626294,0.06637084184412334,-0.0010616633978604018,0.09035409035409035,0.10003662109375,0.0,0.0,0.06626470142385385,0.08229441115437416
11,1.0,1.18,0.95,low_margin,0.6125487776644692,0.4019123613834381,0.07169401646887257,0.06566160783618664,0.0060324086326859205,0.1391941391941392,0.10003662109375,0.0,0.0,0.06626470142385385,0.08229441115437416
11,1.0,1.18,0.95,focus_entropy,0.4930012779794642,-0.044254120439291,0.06640403178650482,0.06624922447186536,0.00015480731463946018,0.10012210012210013,0.10003662109375,0.0,0.0,0.06626470142385385,0.08229441115437416
11,1.0,1.18,0.95,low_peak_strength,0.38086655573051825,-0.4516393542289734,0.06204290475308486,0.06673366269787526,-0.0046907579447903955,0.0115995115995116,0.10003662109375,0.0,0.0,0.06626470142385385,0.08229441115437416
11,1.0,1.18,0.95,hybrid_confidence,0.5610815219314063,0.21547718346118927,0.06980310704874439,0.06587165189085707,0.003931455157887315,0.11904761904761904,0.10003662109375,0.0,0.0,0.06626470142385385,0.08229441115437416
11,1.0,1.18,0.95,hybrid_risk_confidence,0.5423159751984675,0.1195618024594474,0.06728603542178847,0.0661512506515348,0.00113478477025368,0.07997557997557997,0.10003662109375,0.0,0.0,0.06626470142385385,0.08229441115437416
11,1.0,1.18,1.35,risk_mean,0.46479862771860286,-0.16876634462338705,0.06875981202831652,0.06620651840659708,0.002553293621719438,0.056776556776556776,0.10003662109375,0.0,0.0,0.06646178543249898,0.08258890821035739
11,1.0,1.18,1.35,risk_max,0.46632227220072947,-0.17478577408679546,0.06778610375262026,0.06631467886744007,0.001471424885180192,0.06288156288156288,0.10003662109375,0.0,0.0,0.06646178543249898,0.08258890821035739
11,1.0,1.18,1.35,sat_persistence,0.48559520388396515,0.0,0.06593246699268294,0.0665205826388206,-0.0005881156461376574,0.0927960927960928,0.10003662109375,0.0,0.0,0.06646178543249898,0.08258890821035739
11,1.0,1.18,1.35,bright_persistence,0.48559520388396515,0.0,0.06593246699268294,0.0665205826388206,-0.0005881156461376574,0.0927960927960928,0.10003662109375,0.0,0.0,0.06646178543249898,0.08258890821035739
11,1.0,1.18,1.35,low_margin,0.611085877033838,0.39648759365081787,0.07331424385076885,0.06570060769690111,0.007613636153867731,0.1391941391941392,0.10003662109375,0.0,0.0,0.06646178543249898,0.08258890821035739
11,1.0,1.18,1.35,focus_entropy,0.4938720501939521,-0.040394898504018784,0.06665112988180368,0.06644075286719577,0.0002103770146079098,0.09706959706959707,0.10003662109375,0.0,0.0,0.06646178543249898,0.08258890821035739
11,1.0,1.18,1.35,low_peak_strength,0.3845944820334956,-0.437400221824646,0.062440361169978004,0.06690848914482837,-0.004468127974850369,0.014652014652014652,0.10003662109375,0.0,0.0,0.06646178543249898,0.08258890821035739
11,1.0,1.18,1.35,hybrid_confidence,0.5587946483342716,0.20990054309368134,0.07052426328904393,0.06601052144707781,0.0045137418419661235,0.11660561660561661,0.10003662109375,0.0,0.0,0.06646178543249898,0.08258890821035739
11,1.0,1.18,1.35,hybrid_risk_confidence,0.5394134287359382,0.11291120712753176,0.06715140135750093,0.06638518222585628,0.000766219131644652,0.08180708180708181,0.10003662109375,0.0,0.0,0.06646178543249898,0.08258890821035739
11,1.0,1.18,1.75,risk_mean,0.4582029957725507,-0.18506504133362514,0.06766708007270147,0.0664415505545969,0.0012255295181045761,0.054334554334554336,0.10003662109375,0.0,0.0,0.0665640735862531,0.08273366505153704
11,1.0,1.18,1.75,risk_max,0.4598054665742268,-0.18830950667365043,0.06677631203529248,0.06654049793322676,0.00023581410206571785,0.06043956043956044,0.10003662109375,0.0,0.0,0.0665640735862531,0.08273366505153704
11,1.0,1.18,1.75,sat_persistence,0.4845280486182532,0.0,0.06594931306035298,0.06663236178247069,-0.0006830487221177045,0.09218559218559219,0.10003662109375,0.0,0.0,0.0665640735862531,0.08273366505153704
11,1.0,1.18,1.75,bright_persistence,0.4845280486182532,0.0,0.06594931306035298,0.06663236178247069,-0.0006830487221177045,0.09218559218559219,0.10003662109375,0.0,0.0,0.0665640735862531,0.08273366505153704
11,1.0,1.18,1.75,low_margin,0.606954715831118,0.38370978832244873,0.07362924673750594,0.06577926729154593,0.007849979445960012,0.1391941391941392,0.10003662109375,0.0,0.0,0.0665640735862531,0.08273366505153704
11,1.0,1.18,1.75,focus_entropy,0.4950475761320525,-0.03825387731194496,0.06757894781019758,0.06645134037190202,0.0011276074382955553,0.10012210012210013,0.10003662109375,0.0,0.0,0.0665640735862531,0.08273366505153704
11,1.0,1.18,1.75,low_peak_strength,0.3865401059417459,-0.4301512837409973,0.06260499662522445,0.0670038516997866,-0.004398855074562155,0.014652014652014652,0.10003662109375,0.0,0.0,0.0665640735862531,0.08273366505153704
11,1.0,1.18,1.75,hybrid_confidence,0.556135491064178,0.19910773634910583,0.07092029973425164,0.06608017975535513,0.004840119978896509,0.11843711843711843,0.10003662109375,0.0,0.0,0.0665640735862531,0.08273366505153704
11,1.0,1.18,1.75,hybrid_risk_confidence,0.5353069292058962,0.09978731369756519,0.06742288318285591,0.0664686761822632,0.0009542070005927189,0.0811965811965812,0.10003662109375,0.0,0.0,0.0665640735862531,0.08273366505153704
11,1.0,1.38,0.95,risk_mean,0.4737914073518681,-0.1520471841059398,0.07190508291506512,0.06541874140168112,0.006486341513383995,0.06227106227106227,0.10003662109375,0.0,0.0,0.06606721719507243,0.0820506181452902
11,1.0,1.38,0.95,risk_max,0.4751989019762648,-0.1514561091946491,0.07028861040444653,0.06559830073793457,0.00469030966651196,0.06593406593406594,0.10003662109375,0.0,0.0,0.06606721719507243,0.0820506181452902
11,1.0,1.38,0.95,sat_persistence,0.48789895996843635,0.0,0.06496563963189078,0.06618958150054452,-0.0012239418686537384,0.08974358974358974,0.10003662109375,0.0,0.0,0.06606721719507243,0.0820506181452902
11,1.0,1.38,0.95,bright_persistence,0.48789895996843635,0.0,0.06496563963189078,0.06618958150054452,-0.0012239418686537384,0.08974358974358974,0.10003662109375,0.0,0.0,0.06606721719507243,0.0820506181452902
11,1.0,1.38,0.95,low_margin,0.6151803767567046,0.41299909353256226,0.07067029591403311,0.06555590274087077,0.00511439317316234,0.1330891330891331,0.10003662109375,0.0,0.0,0.06606721719507243,0.0820506181452902
11,1.0,1.38,0.95,focus_entropy,0.485746153182504,-0.06774882972240448,0.06539549385086649,0.06614183287646462,-0.0007463390255981334,0.09340659340659341,0.10003662109375,0.0,0.0,0.06606721719507243,0.0820506181452902
11,1.0,1.38,0.95,low_peak_strength,0.37997327353291493,-0.4546593427658081,0.062317600885192836,0.06648372821606678,-0.004166127330873945,0.01282051282051282,0.10003662109375,0.0,0.0,0.06606721719507243,0.0820506181452902
11,1.0,1.38,0.95,hybrid_confidence,0.5582061612389263,0.20601539313793182,0.06852643560281005,0.06579404482616734,0.0027323907766427097,0.1111111111111111,0.10003662109375,0.0,0.0,0.06606721719507243,0.0820506181452902
11,1.0,1.38,0.95,hybrid_risk_confidence,0.5412252754835043,0.11660453056374738,0.06802816706019936,0.0658493929797545,0.0021787740804448535,0.07997557997557997,0.10003662109375,0.0,0.0,0.06606721719507243,0.0820506181452902
11,1.0,1.38,1.35,risk_mean,0.46988853213600085,-0.1604806381187973,0.07071056220832754,0.06569857461501709,0.005011987593310452,0.06043956043956044,0.10003662109375,0.0,0.0,0.06619965101136979,0.08221052250262226
11,1.0,1.38,1.35,risk_max,0.4713504396791417,-0.15903119230345664,0.0693096274671385,0.06585419180653124,0.003455435660607256,0.0641025641025641,0.10003662109375,0.0,0.0,0.06619965101136979,0.08221052250262226
11,1.0,1.38,1.35,sat_persistence,0.4849604968416714,0.0,0.06533977195607711,0.06629516721186954,-0.0009553952557924267,0.09096459096459096,0.10003662109375,0.0,0.0,0.06619965101136979,0.08221052250262226
11,1.0,1.38,1.35,bright_persistence,0.4849604968416714,0.0,0.06533977195607711,0.06629516721186954,-0.0009553952557924267,0.09096459096459096,0.10003662109375,0.0,0.0,0.06619965101136979,0.08221052250262226
11,1.0,1.38,1.35,low_margin,0.6131026308335873,0.40475958585739136,0.07233426851495635,0.06551821174167802,0.006816056773278331,0.1343101343101343,0.10003662109375,0.0,0.0,0.06619965101136979,0.08221052250262226
11,1.0,1.38,1.35,focus_entropy,0.48389441742074074,-0.07704553753137589,0.06576547856459708,0.06624787930838684,-0.00048240074378975983,0.09157509157509157,0.10003662109375,0.0,0.0,0.06619965101136979,0.08221052250262226
11,1.0,1.38,1.35,low_peak_strength,0.3779809745126165,-0.4615451395511627,0.062176848699570644,0.06664650779875124,-0.004469659099180595,0.010378510378510378,0.10003662109375,0.0,0.0,0.06619965101136979,0.08221052250262226
11,1.0,1.38,1.35,hybrid_confidence,0.5536036972647267,0.1880674660205841,0.06941914363569053,0.06584202664417614,0.0035771169915143897,0.10989010989010989,0.10003662109375,0.0,0.0,0.06619965101136979,0.08221052250262226
11,1.0,1.38,1.35,hybrid_risk_confidence,0.5354611060387788,0.09908646260138394,0.06840544189794712,0.0659546296176214,0.0024508122803257176,0.07936507936507936,0.10003662109375,0.0,0.0,0.06619965101136979,0.08221052250262226
11,1.0,1.38,1.75,risk_mean,0.4657591502150345,-0.17036029511178616,0.06949239975914265,0.06604768940762415,0.0034447103515184985,0.056776556776556776,0.10003662109375,0.0,0.0,0.06639207634340219,0.08247632908691038
11,1.0,1.38,1.75,risk_max,0.4672538296453581,-0.17442519288626446,0.06832768140079702,0.06617706745393978,0.002150613946857241,0.06105006105006105,0.10003662109375,0.0,0.0,0.06639207634340219,0.08247632908691038
11,1.0,1.38,1.75,sat_persistence,0.4829918664065605,0.0,0.06554454687035038,0.06648622074031381,-0.0009416738699634247,0.09035409035409035,0.10003662109375,0.0,0.0,0.06639207634340219,0.08247632908691038
11,1.0,1.38,1.75,bright_persistence,0.4829918664065605,0.0,0.06554454687035038,0.06648622074031381,-0.0009416738699634247,0.09035409035409035,0.10003662109375,0.0,0.0,0.06639207634340219,0.08247632908691038
11,1.0,1.38,1.75,low_margin,0.6153057126737205,0.40770670771598816,0.07411951971826311,0.06553370442911884,0.008585815289144275,0.1446886446886447,0.10003662109375,0.0,0.0,0.06639207634340219,0.08247632908691038
11,1.0,1.38,1.75,focus_entropy,0.4841580407707931,-0.07570748776197433,0.06664362447471983,0.0663641341326943,0.00027949034202552625,0.09218559218559219,0.10003662109375,0.0,0.0,0.06639207634340219,0.08247632908691038
11,1.0,1.38,1.75,low_peak_strength,0.38226502981021065,-0.44619032740592957,0.06233909787507896,0.06684228512755473,-0.004503187252475775,0.01221001221001221,0.10003662109375,0.0,0.0,0.06639207634340219,0.08247632908691038
11,1.0,1.38,1.75,hybrid_confidence,0.5521454310423839,0.18662720918655396,0.07031127380241387,0.06595672808368015,0.004354545718733713,0.11355311355311355,0.10003662109375,0.0,0.0,0.06639207634340219,0.08247632908691038
11,1.0,1.38,1.75,hybrid_risk_confidence,0.5327095502534338,0.09286982963216689,0.06860213940922882,0.06614658039183403,0.00245555901739479,0.07692307692307693,0.10003662109375,0.0,0.0,0.06639207634340219,0.08247632908691038
11,1.0,1.58,0.95,risk_mean,0.48006341691199034,-0.13639863201451596,0.07405926699082123,0.06524471674637458,0.008814550244446648,0.06593406593406594,0.10003662109375,7.32421875e-05,0.0151953125,0.06612595657183867,0.08198748810269889
11,1.0,1.58,0.95,risk_max,0.4814920560242032,-0.13234595613646483,0.07247620235452219,0.06542056510350586,0.007055637251016336,0.06837606837606838,0.10003662109375,7.32421875e-05,0.0151953125,0.06612595657183867,0.08198748810269889
11,1.0,1.58,0.95,sat_persistence,0.48468599090787023,-0.04227722970594199,0.06433649524535473,0.06632473167374973,-0.0019882364283950044,0.08852258852258853,0.10003662109375,7.32421875e-05,0.0151953125,0.06612595657183867,0.08198748810269889
11,1.0,1.58,0.95,bright_persistence,0.38875622205519045,-0.4229043640618304,0.04667331370665957,0.06828677503197453,-0.021613461325314956,0.03235653235653236,0.10003662109375,7.32421875e-05,0.0151953125,0.06612595657183867,0.08198748810269889
11,1.0,1.58,0.95,low_margin,0.6249600127115199,0.44161349534988403,0.07417281671335431,0.06523210353292624,0.008940713180428064,0.15323565323565325,0.10003662109375,7.32421875e-05,0.0151953125,0.06612595657183867,0.08198748810269889
11,1.0,1.58,0.95,focus_entropy,0.479648264962363,-0.09214998781681061,0.0652836443636752,0.06621952142989995,-0.0009358770662247495,0.08913308913308914,0.10003662109375,7.32421875e-05,0.0151953125,0.06612595657183867,0.08198748810269889
11,1.0,1.58,0.95,low_peak_strength,0.378593006057213,-0.4610317051410675,0.0625768987054619,0.06652018936616426,-0.003943290660702356,0.01221001221001221,0.10003662109375,7.32421875e-05,0.0151953125,0.06612595657183867,0.08198748810269889
11,1.0,1.58,0.95,hybrid_confidence,0.5599004926334632,0.20937283337116241,0.06803236959066665,0.06591419036236897,0.002118179228297684,0.11172161172161173,0.10003662109375,7.32421875e-05,0.0151953125,0.06612595657183867,0.08198748810269889
11,1.0,1.58,0.95,hybrid_risk_confidence,0.5448074248186219,0.12435602511379623,0.06800840449773213,0.06591685242816489,0.0020915520695672374,0.07509157509157509,0.10003662109375,7.32421875e-05,0.0151953125,0.06612595657183867,0.08198748810269889
11,1.0,1.58,1.35,risk_mean,0.47546678732679676,-0.14623492001643768,0.07275902411924721,0.06530143875974877,0.007457585359498448,0.06288156288156288,0.10003662109375,7.8125e-05,0.0153466796875,0.06604701522574355,0.0819522857268649
11,1.0,1.58,1.35,risk_max,0.4768350549953232,-0.14483400412709313,0.07131477390754577,0.06546186747579155,0.005852906431754221,0.06593406593406594,0.10003662109375,7.8125e-05,0.0153466796875,0.06604701522574355,0.0819522857268649
11,1.0,1.58,1.35,sat_persistence,0.48476374138263845,-0.04395644225275521,0.06423067405464275,0.06624877616689798,-0.0020181021122552267,0.08852258852258853,0.10003662109375,7.8125e-05,0.0153466796875,0.06604701522574355,0.0819522857268649
11,1.0,1.58,1.35,bright_persistence,0.38579785579997233,-0.43744582629012496,0.045414877839742566,0.0683388530826722,-0.022923975242929627,0.029304029304029304,0.10003662109375,7.8125e-05,0.0153466796875,0.06604701522574355,0.0819522857268649
11,1.0,1.58,1.35,low_margin,0.6193131931052418,0.42680513858795166,0.072734915765793,0.06530411673906235,0.007430799026730647,0.1446886446886447,0.10003662109375,7.8125e-05,0.0153466796875,0.06604701522574355,0.0819522857268649
11,1.0,1.58,1.35,focus_entropy,0.4819834274387177,-0.0842893123626709,0.06503782563885939,0.06615911698508956,-0.001121291346230166,0.09096459096459096,0.10003662109375,7.8125e-05,0.0153466796875,0.06604701522574355,0.0819522857268649
11,1.0,1.58,1.35,low_peak_strength,0.37873774855893694,-0.4602164924144745,0.062269114042706276,0.066466668157916,-0.00419755411520973,0.0115995115995116,0.10003662109375,7.8125e-05,0.0153466796875,0.06604701522574355,0.0819522857268649
11,1.0,1.58,1.35,hybrid_confidence,0.5571311026519367,0.2012949138879776,0.06865169944027144,0.06575768437375679,0.0028940150665146547,0.115995115995116,0.10003662109375,7.8125e-05,0.0153466796875,0.06604701522574355,0.0819522857268649
11,1.0,1.58,1.35,hybrid_risk_confidence,0.5404091230809878,0.11334109809443017,0.06810794411294258,0.06581808524356315,0.0022898588693794214,0.07631257631257632,0.10003662109375,7.8125e-05,0.0153466796875,0.06604701522574355,0.0819522857268649
11,1.0,1.58,1.75,risk_mean,0.47203517350376367,-0.15314378966638803,0.07230891288726195,0.06548517099129372,0.0068237418959682244,0.061660561660561664,0.10003662109375,8.7890625e-05,0.0154931640625,0.06616737858562943,0.0821174213328398
11,1.0,1.58,1.75,risk_max,0.47357123157952014,-0.1514367627005003,0.07087850902057677,0.06564406164188578,0.0052344473786909845,0.06593406593406594,0.10003662109375,8.7890625e-05,0.0154931640625,0.06616737858562943,0.0821174213328398
11,1.0,1.58,1.75,sat_persistence,0.48545840608216434,-0.047155243178533895,0.06447656418059741,0.06635519589170853,-0.00187863171111112,0.08913308913308914,0.10003662109375,8.7890625e-05,0.0154931640625,0.06616737858562943,0.0821174213328398
11,1.0,1.58,1.75,bright_persistence,0.3833729430416739,-0.44554175850283867,0.04542787213267818,0.06847114310278216,-0.023043270970103974,0.028693528693528692,0.10003662109375,8.7890625e-05,0.0154931640625,0.06616737858562943,0.0821174213328398
11,1.0,1.58,1.75,low_margin,0.618604376908978,0.42328736186027527,0.07245433752102289,0.06546901708175214,0.006985320439270748,0.14102564102564102,0.10003662109375,8.7890625e-05,0.0154931640625,0.06616737858562943,0.0821174213328398
11,1.0,1.58,1.75,focus_entropy,0.480626414761749,-0.08896071463823318,0.06566243695730516,0.06622346799205794,-0.0005610310347527875,0.09035409035409035,0.10003662109375,8.7890625e-05,0.0154931640625,0.06616737858562943,0.0821174213328398
11,1.0,1.58,1.75,low_peak_strength,0.3800490378327024,-0.4572547674179077,0.06223021990316326,0.06660472199549512,-0.00437450209233186,0.01098901098901099,0.10003662109375,8.7890625e-05,0.0154931640625,0.06616737858562943,0.0821174213328398
11,1.0,1.58,1.75,hybrid_confidence,0.5539734154616688,0.1905173510313034,0.06945245479568775,0.06580246913004312,0.003649985665644631,0.11233211233211234,0.10003662109375,8.7890625e-05,0.0154931640625,0.06616737858562943,0.0821174213328398
11,1.0,1.58,1.75,hybrid_risk_confidence,0.5364421109646996,0.10216244896763142,0.0684931121358652,0.06590903384432424,0.0025840782915409616,0.07814407814407814,0.10003662109375,8.7890625e-05,0.0154931640625,0.06616737858562943,0.0821174213328398
11,1.35,1.18,0.95,risk_mean,0.5130997963963752,-0.019731999374068467,0.08083834858466435,0.06545991218801706,0.015378436396647294,0.10195360195360195,0.10003662109375,0.0,0.0,0.06699738037757445,0.08362555807116107
11,1.35,1.18,0.95,risk_max,0.513740917128711,0.005943915141504765,0.07950903274777013,0.06560757388209225,0.013901458865677882,0.10012210012210013,0.10003662109375,0.0,0.0,0.06699738037757445,0.08362555807116107
11,1.35,1.18,0.95,sat_persistence,0.4932921698568568,0.0,0.06738959609153768,0.0669538126751825,0.0004357834163551816,0.09523809523809523,0.10003662109375,0.0,0.0,0.06699738037757445,0.08362555807116107
11,1.35,1.18,0.95,bright_persistence,0.4932921698568568,0.0,0.06738959609153768,0.0669538126751825,0.0004357834163551816,0.09523809523809523,0.10003662109375,0.0,0.0,0.06699738037757445,0.08362555807116107
11,1.35,1.18,0.95,low_margin,0.6549546065914941,0.5281766653060913,0.07564724567792311,0.06603654494003401,0.009610700737889097,0.17216117216117216,0.10003662109375,0.0,0.0,0.06699738037757445,0.08362555807116107
11,1.35,1.18,0.95,focus_entropy,0.5157895324854435,0.05542299523949623,0.07044291257115007,0.0666146473155185,0.003828265255631569,0.12942612942612944,0.10003662109375,0.0,0.0,0.06699738037757445,0.08362555807116107
11,1.35,1.18,0.95,low_peak_strength,0.43326222413115706,-0.28805509209632874,0.07143590806895685,0.06650434441131346,0.004931563657643384,0.03785103785103785,0.10003662109375,0.0,0.0,0.06699738037757445,0.08362555807116107
11,1.35,1.18,0.95,hybrid_confidence,0.6135073553645656,0.39155879616737366,0.07503949407621135,0.0661040545781463,0.008935439498065051,0.16483516483516483,0.10003662109375,0.0,0.0,0.06699738037757445,0.08362555807116107
11,1.35,1.18,0.95,hybrid_risk_confidence,0.6056992877286869,0.3406617663873312,0.07538582551645995,0.06606558374543729,0.009320241771022655,0.1288156288156288,0.10003662109375,0.0,0.0,0.06699738037757445,0.08362555807116107
11,1.35,1.18,1.35,risk_mean,0.5050843803682327,-0.040212523542218034,0.07939152397068176,0.0655972548284419,0.013794269142239857,0.09645909645909646,0.10003662109375,0.0,0.0,0.0669763449685169,0.08368302337844462
11,1.35,1.18,1.35,risk_max,0.5057173495074183,-0.017184173830267668,0.07802659615119305,0.06574887233612686,0.012277723815066185,0.09401709401709402,0.10003662109375,0.0,0.0,0.0669763449685169,0.08368302337844462
11,1.35,1.18,1.35,sat_persistence,0.4923249853985105,0.0,0.0674593618080805,0.06692269098891532,0.0005366708191651831,0.09462759462759462,0.10003662109375,0.0,0.0,0.0669763449685169,0.08368302337844462
11,1.35,1.18,1.35,bright_persistence,0.4923249853985105,0.0,0.0674593618080805,0.06692269098891532,0.0005366708191651831,0.09462759462759462,0.10003662109375,0.0,0.0,0.0669763449685169,0.08368302337844462
11,1.35,1.18,1.35,low_margin,0.6549012695175312,0.5262573957443237,0.07608613000569364,0.0659644211999766,0.010121708805717042,0.1752136752136752,0.10003662109375,0.0,0.0,0.0669763449685169,0.08368302337844462
11,1.35,1.18,1.35,focus_entropy,0.5138582255885129,0.045376770198345184,0.06996074976328848,0.06664483438572592,0.0033159153775625533,0.1221001221001221,0.10003662109375,0.0,0.0,0.0669763449685169,0.08368302337844462
11,1.35,1.18,1.35,low_peak_strength,0.43410804502244893,-0.28566262125968933,0.07129960803753795,0.06649611270844256,0.004803495329095381,0.036019536019536016,0.10003662109375,0.0,0.0,0.0669763449685169,0.08368302337844462
11,1.35,1.18,1.35,hybrid_confidence,0.6103766884297652,0.3781491816043854,0.0740886853382369,0.0661862992933778,0.0079023860448591,0.15567765567765568,0.10003662109375,0.0,0.0,0.0669763449685169,0.08368302337844462
11,1.35,1.18,1.35,hybrid_risk_confidence,0.6003412496888844,0.31940643924020923,0.07460924874827482,0.06612847460426603,0.008480774144008787,0.11965811965811966,0.10003662109375,0.0,0.0,0.0669763449685169,0.08368302337844462
11,1.35,1.18,1.75,risk_mean,0.497467523452899,-0.06082769936089639,0.07818364874457882,0.06558960129877901,0.01259404744579981,0.09157509157509157,0.10003662109375,0.0,0.0,0.06684869857149753,0.08358370060191893
11,1.35,1.18,1.75,risk_max,0.4980702861809186,-0.04093262256646541,0.0765860261515698,0.06576706676787902,0.010818959383690777,0.08852258852258853,0.10003662109375,0.0,0.0,0.06684869857149753,0.08358370060191893
11,1.35,1.18,1.75,sat_persistence,0.49228133092757886,0.0,0.06722507585330471,0.06680689021753032,0.00041818563577439294,0.09523809523809523,0.10003662109375,0.0,0.0,0.06684869857149753,0.08358370060191893
11,1.35,1.18,1.75,bright_persistence,0.49228133092757886,0.0,0.06722507585330471,0.06680689021753032,0.00041818563577439294,0.09523809523809523,0.10003662109375,0.0,0.0,0.06684869857149753,0.08358370060191893
11,1.35,1.18,1.75,low_margin,0.6501402839526785,0.5129781365394592,0.07525632380090565,0.06591477139627912,0.00934155240462653,0.17216117216117216,0.10003662109375,0.0,0.0,0.06684869857149753,0.08358370060191893
11,1.35,1.18,1.75,focus_entropy,0.5110437742621101,0.03606189414858818,0.07022856186741712,0.06647326007436499,0.0037553017930521265,0.11721611721611722,0.10003662109375,0.0,0.0,0.06684869857149753,0.08358370060191893
11,1.35,1.18,1.75,low_peak_strength,0.4326971987277722,-0.2908492982387543,0.07093636377079898,0.06639463675158326,0.004541727019215722,0.03296703296703297,0.10003662109375,0.0,0.0,0.06684869857149753,0.08358370060191893
11,1.35,1.18,1.75,hybrid_confidence,0.6042282355049053,0.35819050669670105,0.07352154053074475,0.06610747280659539,0.007414067724149362,0.14835164835164835,0.10003662109375,0.0,0.0,0.06684869857149753,0.08358370060191893
11,1.35,1.18,1.75,hybrid_risk_confidence,0.5929600441592904,0.2930349726240143,0.07388128795510802,0.06606751171334249,0.007813776241765533,0.11172161172161173,0.10003662109375,0.0,0.0,0.06684869857149753,0.08358370060191893
11,1.35,1.38,0.95,risk_mean,0.5236679024399126,0.012655861265419047,0.08282261188323922,0.0653294610321175,0.017493150851121728,0.10927960927960928,0.10003662109375,0.0,0.0,0.06707834903835147,0.0836503442031829
11,1.35,1.38,0.95,risk_max,0.524218072909587,0.038665562035068726,0.0816200245013724,0.06546304560634086,0.016156978895031537,0.10866910866910867,0.10003662109375,0.0,0.0,0.06707834903835147,0.0836503442031829
11,1.35,1.38,0.95,sat_persistence,0.49406470916708717,0.0,0.06722679856634009,0.06706185912062156,0.00016493944571853436,0.09401709401709402,0.10003662109375,0.0,0.0,0.06707834903835147,0.0836503442031829
11,1.35,1.38,0.95,bright_persistence,0.49406470916708717,0.0,0.06722679856634009,0.06706185912062156,0.00016493944571853436,0.09401709401709402,0.10003662109375,0.0,0.0,0.06707834903835147,0.0836503442031829
11,1.35,1.38,0.95,low_margin,0.6600468282130363,0.5431692004203796,0.07698250748955202,0.06597818549955677,0.01100432198999525,0.18315018315018314,0.10003662109375,0.0,0.0,0.06707834903835147,0.0836503442031829
11,1.35,1.38,0.95,focus_entropy,0.5096839892158974,0.03338830545544624,0.07062876399610625,0.06668396549699772,0.003944798499108532,0.12515262515262515,0.10003662109375,0.0,0.0,0.06707834903835147,0.0836503442031829
11,1.35,1.38,0.95,low_peak_strength,0.43398506768822265,-0.2865790128707886,0.07150386350253347,0.0665867585940052,0.004917104908528272,0.03968253968253968,0.10003662109375,0.0,0.0,0.06707834903835147,0.0836503442031829
11,1.35,1.38,0.95,hybrid_confidence,0.6126712998335958,0.3874855041503906,0.07536709657631302,0.06615762691254236,0.009209469663770661,0.16605616605616605,0.10003662109375,0.0,0.0,0.06707834903835147,0.0836503442031829
11,1.35,1.38,0.95,hybrid_risk_confidence,0.6069260404298331,0.3489193233825526,0.07699834449451579,0.06597642630966591,0.011021918184849877,0.1330891330891331,0.10003662109375,0.0,0.0,0.06707834903835147,0.0836503442031829
11,1.35,1.38,1.35,risk_mean,0.5166597253988953,-0.0027305830687177897,0.08187385173217686,0.06528448575658469,0.01658936597559217,0.10622710622710622,0.10003662109375,0.0,0.0,0.06694301734032615,0.08355267416682534
11,1.35,1.38,1.35,risk_max,0.5172142820049858,0.02079613147885713,0.08071110724735886,0.06541364454311202,0.01529746270424684,0.10500610500610501,0.10003662109375,0.0,0.0,0.06694301734032615,0.08355267416682534
11,1.35,1.38,1.35,sat_persistence,0.49417254191708504,0.0,0.06711413214776757,0.06692400974134412,0.00019012240642345135,0.09340659340659341,0.10003662109375,0.0,0.0,0.06694301734032615,0.08355267416682534
11,1.35,1.38,1.35,bright_persistence,0.49417254191708504,0.0,0.06711413214776757,0.06692400974134412,0.00019012240642345135,0.09340659340659341,0.10003662109375,0.0,0.0,0.06694301734032615,0.08355267416682534
11,1.35,1.38,1.35,low_margin,0.6539894083081286,0.526604413986206,0.07654609689240158,0.06587629793802724,0.010669798954374338,0.1752136752136752,0.10003662109375,0.0,0.0,0.06694301734032615,0.08355267416682534
11,1.35,1.38,1.35,focus_entropy,0.5074691558404614,0.022504152730107307,0.07101686951631654,0.06649048988445524,0.0045263796318612964,0.11965811965811966,0.10003662109375,0.0,0.0,0.06694301734032615,0.08355267416682534
11,1.35,1.38,1.35,low_peak_strength,0.4336129909084909,-0.28752410411834717,0.07118515430554849,0.06647179664664418,0.0047133576589043075,0.038461538461538464,0.10003662109375,0.0,0.0,0.06694301734032615,0.08355267416682534
11,1.35,1.38,1.35,hybrid_confidence,0.6064045453614435,0.3646707832813263,0.07452907524298688,0.06610035066159575,0.008428724581391128,0.15384615384615385,0.10003662109375,0.0,0.0,0.06694301734032615,0.08355267416682534
11,1.35,1.38,1.35,hybrid_risk_confidence,0.59914718611763,0.3213564127777755,0.07630362156973361,0.06590323233233962,0.01040038923739399,0.12515262515262515,0.10003662109375,0.0,0.0,0.06694301734032615,0.08355267416682534
11,1.35,1.38,1.75,risk_mean,0.5089683869217826,-0.03074394007159027,0.08068866668147358,0.06536920979203452,0.01531945688943906,0.0995115995115995,0.10003662109375,0.0,0.0,0.06690078147080046,0.08358067619905396
11,1.35,1.38,1.75,risk_max,0.509461951404505,-0.00765735109641229,0.07940026204700508,0.06551232703001496,0.013887935016990122,0.09768009768009768,0.10003662109375,0.0,0.0,0.06690078147080046,0.08358067619905396
11,1.35,1.38,1.75,sat_persistence,0.493526331611361,0.0,0.06698916916555707,0.06689096327983267,9.820588572440059e-05,0.09340659340659341,0.10003662109375,0.0,0.0,0.06690078147080046,0.08358067619905396
11,1.35,1.38,1.75,bright_persistence,0.493526331611361,0.0,0.06698916916555707,0.06689096327983267,9.820588572440059e-05,0.09340659340659341,0.10003662109375,0.0,0.0,0.06690078147080046,0.08358067619905396
11,1.35,1.38,1.75,low_margin,0.6524254610253504,0.5208572149276733,0.07607077872536859,0.06588216927067958,0.01018860945468901,0.17338217338217338,0.10003662109375,0.0,0.0,0.06690078147080046,0.08358067619905396
11,1.35,1.38,1.75,focus_entropy,0.5061394944481237,0.0178097914904356,0.07038016733122854,0.06651428791055489,0.0038658794206736513,0.11355311355311355,0.10003662109375,0.0,0.0,0.06690078147080046,0.08358067619905396
11,1.35,1.38,1.75,low_peak_strength,0.43458385806628075,-0.28484874963760376,0.07120520560016169,0.06642264185843823,0.004782563741723464,0.03663003663003663,0.10003662109375,0.0,0.0,0.06690078147080046,0.08358067619905396
11,1.35,1.38,1.75,hybrid_confidence,0.6031116741365466,0.353977233171463,0.07406701727234896,0.0661047490387554,0.007962268233593556,0.14957264957264957,0.10003662109375,0.0,0.0,0.06690078147080046,0.08358067619905396
11,1.35,1.38,1.75,hybrid_risk_confidence,0.5937896860002181,0.30111185781279565,0.0753587164336039,0.06596126584154019,0.009397450592063705,0.11355311355311355,0.10003662109375,0.0,0.0,0.06690078147080046,0.08358067619905396
11,1.35,1.58,0.95,risk_mean,0.536630963102455,0.05305242631660424,0.08538234254324746,0.06521062699914094,0.020171715544106517,0.11843711843711843,0.10003662109375,1.46484375e-05,0.01161865234375,0.06722730608002758,0.08371041172254956
11,1.35,1.58,0.95,risk_max,0.5370919625912218,0.07281854603761724,0.08410609876867262,0.06535239339699485,0.018753705371677767,0.11721611721611722,0.10003662109375,1.46484375e-05,0.01161865234375,0.06722730608002758,0.08371041172254956
11,1.35,1.58,0.95,sat_persistence,0.4952435040181768,-0.02126741372112582,0.06739829659601371,0.0672083122874611,0.00018998430855260429,0.0927960927960928,0.10003662109375,1.46484375e-05,0.01161865234375,0.06722730608002758,0.08371041172254956
11,1.35,1.58,0.95,bright_persistence,0.48680850852534574,-0.024743219959324794,0.06144901892137402,0.06786916382896793,-0.006420144907593912,0.10500610500610501,0.10003662109375,1.46484375e-05,0.01161865234375,0.06722730608002758,0.08371041172254956
11,1.35,1.58,0.95,low_margin,0.6633103205996759,0.5540027022361755,0.07785121333704814,0.06604719214492656,0.01180402119212158,0.1855921855921856,0.10003662109375,1.46484375e-05,0.01161865234375,0.06722730608002758,0.08371041172254956
11,1.35,1.58,0.95,focus_entropy,0.5082644534056797,0.026397284120321274,0.07072686883437235,0.06683857125081175,0.0038882975835606015,0.12637362637362637,0.10003662109375,1.46484375e-05,0.01161865234375,0.06722730608002758,0.08371041172254956
11,1.35,1.58,0.95,low_peak_strength,0.4336863966254887,-0.2881697714328766,0.07168281210505524,0.06673238414397745,0.004950427961077794,0.040293040293040296,0.10003662109375,1.46484375e-05,0.01161865234375,0.06722730608002758,0.08371041172254956
11,1.35,1.58,0.95,hybrid_confidence,0.6149458425943914,0.3939090669155121,0.07668772089826577,0.06617643401490658,0.010511286883359186,0.1684981684981685,0.10003662109375,1.46484375e-05,0.01161865234375,0.06722730608002758,0.08371041172254956
11,1.35,1.58,0.95,hybrid_risk_confidence,0.6113005494463434,0.36720644888572307,0.07815045827368262,0.0660139517267652,0.01213650654691742,0.1343101343101343,0.10003662109375,1.46484375e-05,0.01161865234375,0.06722730608002758,0.08371041172254956
11,1.35,1.58,1.35,risk_mean,0.530489296275446,0.03704494611464674,0.08450479708844831,0.06530909522011359,0.01919570186833472,0.11538461538461539,0.10003662109375,1.708984375e-05,0.0117333984375,0.06722819676188192,0.08376935725942326
11,1.35,1.58,1.35,risk_max,0.5310322254821699,0.06051588384606533,0.08329509349160846,0.06544347027040681,0.01785162322120165,0.11477411477411477,0.10003662109375,1.708984375e-05,0.0117333984375,0.06722819676188192,0.08376935725942326
11,1.35,1.58,1.35,sat_persistence,0.4945784250501354,-0.022972155854019856,0.06705385222698956,0.06724756312212563,-0.0001937108951360622,0.09157509157509157,0.10003662109375,1.708984375e-05,0.0117333984375,0.06722819676188192,0.08376935725942326
11,1.35,1.58,1.35,bright_persistence,0.48132765866589866,-0.04645670855586175,0.06027128092340103,0.06800097772915656,-0.007729696805755526,0.10134310134310134,0.10003662109375,1.708984375e-05,0.0117333984375,0.06722819676188192,0.08376935725942326
11,1.35,1.58,1.35,low_margin,0.665183656014355,0.5577425360679626,0.07909642498172999,0.06590986244585648,0.013186562535873511,0.19719169719169719,0.10003662109375,1.708984375e-05,0.0117333984375,0.06722819676188192,0.08376935725942326
11,1.35,1.58,1.35,focus_entropy,0.508496132441458,0.024873053655028343,0.07117985410149993,0.0667892428271,0.004390611274399936,0.12332112332112333,0.10003662109375,1.708984375e-05,0.0117333984375,0.06722819676188192,0.08376935725942326
11,1.35,1.58,1.35,low_peak_strength,0.43520817906857084,-0.28392294049263,0.07171268022518625,0.06673005598384772,0.0049826242413385236,0.03907203907203907,0.10003662109375,1.708984375e-05,0.0117333984375,0.06722819676188192,0.08376935725942326
11,1.35,1.58,1.35,hybrid_confidence,0.6143237146603092,0.39183562994003296,0.07659249131467079,0.06618800182919048,0.010404489485480312,0.17277167277167277,0.10003662109375,1.708984375e-05,0.0117333984375,0.06722819676188192,0.08376935725942326
11,1.35,1.58,1.35,hybrid_risk_confidence,0.6090317996959084,0.3595023208553213,0.0781939320679211,0.066010112235143,0.012183819832778095,0.1349206349206349,0.10003662109375,1.708984375e-05,0.0117333984375,0.06722819676188192,0.08376935725942326
11,1.35,1.58,1.75,risk_mean,0.5233177977209056,0.013832082272153897,0.08322670499264515,0.06528849592472907,0.017938209067916072,0.10989010989010989,0.10003662109375,1.708984375e-05,0.0118603515625,0.06708187888696338,0.08365465936180765
11,1.35,1.58,1.75,risk_max,0.5238135138931905,0.03701091223549422,0.0819092386966289,0.06543484136029633,0.016474397336332575,0.10866910866910867,0.10003662109375,1.708984375e-05,0.0118603515625,0.06708187888696338,0.08365465936180765
11,1.35,1.58,1.75,sat_persistence,0.49447021989232864,-0.022972155854019856,0.06708355402062326,0.06708169281148968,1.8612091335773462e-06,0.09218559218559219,0.10003662109375,1.708984375e-05,0.0118603515625,0.06708187888696338,0.08365465936180765
11,1.35,1.58,1.75,bright_persistence,0.47731277145684486,-0.0673186100607388,0.05934168898025872,0.06794166669838221,-0.008599977718123493,0.09584859584859586,0.10003662109375,1.708984375e-05,0.0118603515625,0.06708187888696338,0.08365465936180765
11,1.35,1.58,1.75,low_margin,0.6593288259574863,0.5419712066650391,0.07713426387689173,0.0659652502003024,0.011169013676589332,0.1855921855921856,0.10003662109375,1.708984375e-05,0.0118603515625,0.06708187888696338,0.08365465936180765
11,1.35,1.58,1.75,focus_entropy,0.5067325331944666,0.020260751247406006,0.07109878255595882,0.06663567732655278,0.004463105229406045,0.12087912087912088,0.10003662109375,1.708984375e-05,0.0118603515625,0.06708187888696338,0.08365465936180765
11,1.35,1.58,1.75,low_peak_strength,0.43512053909754417,-0.2836085855960846,0.07151767786238676,0.066589146029121,0.004928531833265762,0.03907203907203907,0.10003662109375,1.708984375e-05,0.0118603515625,0.06708187888696338,0.08365465936180765
11,1.35,1.58,1.75,hybrid_confidence,0.6086314199227005,0.3747336268424988,0.07544216471373857,0.06615321021856124,0.009288954495177332,0.1617826617826618,0.10003662109375,1.708984375e-05,0.0118603515625,0.06708187888696338,0.08365465936180765
11,1.35,1.58,1.75,hybrid_risk_confidence,0.6024041820569366,0.3352630541312905,0.07766311348346228,0.06590650507243297,0.01175660841102931,0.12759462759462759,0.10003662109375,1.708984375e-05,0.0118603515625,0.06708187888696338,0.08365465936180765
17,0.65,1.18,0.95,risk_mean,0.45579794476406,-0.29647948262897744,0.060946279342642684,0.0663900620763108,-0.0054437827336681205,0.02442002442002442,0.10003662109375,0.0,0.0,0.0658458167077959,0.07988427881016792
17,0.65,1.18,0.95,risk_max,0.46009987563648114,-0.27286787200920015,0.06282797631792784,0.06618104134895986,-0.0033530650310320126,0.05067155067155067,0.10003662109375,0.0,0.0,0.0658458167077959,0.07988427881016792
17,0.65,1.18,0.95,sat_persistence,0.5036037696773562,0.0,0.06670729389506566,0.06575012298524416,0.0009571709098215031,0.10012210012210013,0.10003662109375,0.0,0.0,0.0658458167077959,0.07988427881016792
17,0.65,1.18,0.95,bright_persistence,0.5036037696773562,0.0,0.06670729389506566,0.06575012298524416,0.0009571709098215031,0.10012210012210013,0.10003662109375,0.0,0.0,0.0658458167077959,0.07988427881016792
17,0.65,1.18,0.95,low_margin,0.646558713918597,0.5178537964820862,0.0710910268119837,0.06526317367574247,0.0058278531362412345,0.1568986568986569,0.10003662109375,0.0,0.0,0.0658458167077959,0.07988427881016792
17,0.65,1.18,0.95,focus_entropy,0.3944628751827643,-0.3441573679447174,0.06954945705785395,0.06543441274106626,0.0041150443167876916,0.07020757020757021,0.10003662109375,0.0,0.0,0.0658458167077959,0.07988427881016792
17,0.65,1.18,0.95,low_peak_strength,0.35450773791014256,-0.48085731267929077,0.06646921871071483,0.06577656860791922,0.0006926501027956083,0.040293040293040296,0.10003662109375,0.0,0.0,0.0658458167077959,0.07988427881016792
17,0.65,1.18,0.95,hybrid_confidence,0.5088968018651838,0.058714233338832855,0.07067188392961163,0.06530973247415055,0.005362151455461081,0.08363858363858363,0.10003662109375,0.0,0.0,0.0658458167077959,0.07988427881016792
17,0.65,1.18,0.95,hybrid_risk_confidence,0.476729870478633,-0.07735925332964864,0.06378311824943099,0.06607494325565984,-0.002291825006228848,0.059218559218559216,0.10003662109375,0.0,0.0,0.0658458167077959,0.07988427881016792
17,0.65,1.18,1.35,risk_mean,0.447818900565253,-0.30820118089087817,0.06012914316456692,0.06705913950342848,-0.006929996338861565,0.0231990231990232,0.10003662109375,0.0,0.0,0.06636630905890607,0.08046696811074064
17,0.65,1.18,1.35,risk_max,0.4520557842070538,-0.28897147325947414,0.06212877363320539,0.06683701860910936,-0.004708244975903969,0.04822954822954823,0.10003662109375,0.0,0.0,0.06636630905890607,0.08046696811074064
17,0.65,1.18,1.35,sat_persistence,0.501551844028989,0.0,0.06694969040007906,0.06630150649300065,0.000648183907078409,0.09706959706959707,0.10003662109375,0.0,0.0,0.06636630905890607,0.08046696811074064
17,0.65,1.18,1.35,bright_persistence,0.501551844028989,0.0,0.06694969040007906,0.06630150649300065,0.000648183907078409,0.09706959706959707,0.10003662109375,0.0,0.0,0.06636630905890607,0.08046696811074064
17,0.65,1.18,1.35,low_margin,0.6440980913892901,0.5089240074157715,0.07321861421825779,0.06560514834745768,0.007613465870800112,0.15262515262515264,0.10003662109375,0.0,0.0,0.06636630905890607,0.08046696811074064
17,0.65,1.18,1.35,focus_entropy,0.39650251137343795,-0.3387576639652252,0.07034605083733315,0.06592423547738814,0.004421815359945014,0.06837606837606838,0.10003662109375,0.0,0.0,0.06636630905890607,0.08046696811074064
17,0.65,1.18,1.35,low_peak_strength,0.3538628103424269,-0.4818696081638336,0.0667814325153753,0.06632019674223061,0.00046123577314469144,0.040293040293040296,0.10003662109375,0.0,0.0,0.06636630905890607,0.08046696811074064
17,0.65,1.18,1.35,hybrid_confidence,0.5056407576347222,0.04852912575006485,0.0720607090196649,0.06573376958137163,0.0063269394382932664,0.08852258852258853,0.10003662109375,0.0,0.0,0.06636630905890607,0.08046696811074064
17,0.65,1.18,1.35,hybrid_risk_confidence,0.47174171615035426,-0.09157057417474207,0.0645894242942534,0.0665636871441157,-0.001974262849862296,0.05860805860805861,0.10003662109375,0.0,0.0,0.06636630905890607,0.08046696811074064
17,0.65,1.18,1.75,risk_mean,0.4435767618354822,-0.31926546096547437,0.0590058480602259,0.06760396002836322,-0.008598111968137319,0.022588522588522588,0.10003662109375,0.0,0.0,0.06674435874639245,0.08093097564666898
17,0.65,1.18,1.75,risk_max,0.44770643340696664,-0.3056601162285313,0.061015964373494144,0.06738067435623969,-0.006364709982745548,0.045177045177045176,0.10003662109375,0.0,0.0,0.06674435874639245,0.08093097564666898
17,0.65,1.18,1.75,sat_persistence,0.5002153965388004,0.0,0.06738467113842952,0.06667323222407069,0.0007114389143588334,0.09645909645909646,0.10003662109375,0.0,0.0,0.06674435874639245,0.08093097564666898
17,0.65,1.18,1.75,bright_persistence,0.5002153965388004,0.0,0.06738467113842952,0.06667323222407069,0.0007114389143588334,0.09645909645909646,0.10003662109375,0.0,0.0,0.06674435874639245,0.08093097564666898
17,0.65,1.18,1.75,low_margin,0.6435962925561265,0.5051459670066833,0.0739250047670562,0.06594672561321416,0.007978279153842041,0.16056166056166057,0.10003662109375,0.0,0.0,0.06674435874639245,0.08093097564666898
17,0.65,1.18,1.75,focus_entropy,0.39922539175749794,-0.331339955329895,0.07085484560689059,0.0662877618741901,0.004567083732700497,0.06898656898656899,0.10003662109375,0.0,0.0,0.06674435874639245,0.08093097564666898
17,0.65,1.18,1.75,low_peak_strength,0.3524947909457731,-0.48607340455055237,0.06690454097217338,0.06672656554919802,0.00017797542297535995,0.03968253968253968,0.10003662109375,0.0,0.0,0.06674435874639245,0.08093097564666898
17,0.65,1.18,1.75,hybrid_confidence,0.5050482981894153,0.046424802392721176,0.07155353772031943,0.06621015047572296,0.005343387244596473,0.08913308913308914,0.10003662109375,0.0,0.0,0.06674435874639245,0.08093097564666898
17,0.65,1.18,1.75,hybrid_risk_confidence,0.469964172299852,-0.09958956341320059,0.06448364486840666,0.0669954810393628,-0.0025118361709561415,0.06105006105006105,0.10003662109375,0.0,0.0,0.06674435874639245,0.08093097564666898
17,0.65,1.38,0.95,risk_mean,0.46526169613964136,-0.2590137603371387,0.06292192691370026,0.06556747475359602,-0.002645547839895762,0.03235653235653236,0.10003662109375,0.0,0.0,0.06530298455817676,0.07934093273214138
17,0.65,1.38,0.95,risk_max,0.4694801249055791,-0.2370524383217636,0.06401058709032756,0.0654465453239666,-0.0014359582336390397,0.057387057387057384,0.10003662109375,0.0,0.0,0.06530298455817676,0.07934093273214138
17,0.65,1.38,0.95,sat_persistence,0.5043113031356117,0.0,0.06614051997754732,0.06520995031045337,0.0009305696670939417,0.10012210012210013,0.10003662109375,0.0,0.0,0.06530298455817676,0.07934093273214138
17,0.65,1.38,0.95,bright_persistence,0.5043113031356117,0.0,0.06614051997754732,0.06520995031045337,0.0009305696670939417,0.10012210012210013,0.10003662109375,0.0,0.0,0.06530298455817676,0.07934093273214138
17,0.65,1.38,0.95,low_margin,0.649381689245959,0.5277624726295471,0.07158872467607776,0.06460475844173014,0.006983966234347619,0.15384615384615385,0.10003662109375,0.0,0.0,0.06530298455817676,0.07934093273214138
17,0.65,1.38,0.95,focus_entropy,0.3906729222902832,-0.358254611492157,0.06922998116205178,0.06486676996186946,0.004363211200182321,0.06898656898656899,0.10003662109375,0.0,0.0,0.06530298455817676,0.07934093273214138
17,0.65,1.38,0.95,low_peak_strength,0.3516295220911278,-0.491460382938385,0.0655037854549301,0.06528067939956547,0.00022310605536463024,0.038461538461538464,0.10003662109375,0.0,0.0,0.06530298455817676,0.07934093273214138
17,0.65,1.38,0.95,hybrid_confidence,0.5096672308644972,0.05707959085702896,0.07000452194958742,0.06478073321902508,0.00522378873056234,0.08241758241758242,0.10003662109375,0.0,0.0,0.06530298455817676,0.07934093273214138
17,0.65,1.38,0.95,hybrid_risk_confidence,0.48096042318768256,-0.0635177701769518,0.06398707983092118,0.06544915653316961,-0.0014620767022484327,0.05860805860805861,0.10003662109375,0.0,0.0,0.06530298455817676,0.07934093273214138
17,0.65,1.38,1.35,risk_mean,0.4555455350269199,-0.28748392062177375,0.06138966881955906,0.06594157655896375,-0.004551907739404691,0.026251526251526252,0.10003662109375,0.0,0.0,0.06548649691558334,0.07953959470711564
17,0.65,1.38,1.35,risk_max,0.45986438976532307,-0.26624504969996243,0.06317922775896304,0.06574279061411474,-0.002563562855151705,0.054334554334554336,0.10003662109375,0.0,0.0,0.06548649691558334,0.07953959470711564
17,0.65,1.38,1.35,sat_persistence,0.5007727668927803,0.0,0.0661274707671672,0.06541529691769277,0.0007121738494744317,0.09768009768009768,0.10003662109375,0.0,0.0,0.06548649691558334,0.07953959470711564
17,0.65,1.38,1.35,bright_persistence,0.5007727668927803,0.0,0.0661274707671672,0.06541529691769277,0.0007121738494744317,0.09768009768009768,0.10003662109375,0.0,0.0,0.06548649691558334,0.07953959470711564
17,0.65,1.38,1.35,low_margin,0.6462068299178365,0.5184101462364197,0.07131921833149608,0.06483859255648494,0.006480625775011142,0.15873015873015872,0.10003662109375,0.0,0.0,0.06548649691558334,0.07953959470711564
17,0.65,1.38,1.35,focus_entropy,0.3936907082803428,-0.35077333450317383,0.06923126551349469,0.06507052438314208,0.004160741130352613,0.06776556776556776,0.10003662109375,0.0,0.0,0.06548649691558334,0.07953959470711564
17,0.65,1.38,1.35,low_peak_strength,0.3530720644282061,-0.486685186624527,0.066118340732044,0.06541631109086052,0.0007020296411834881,0.03907203907203907,0.10003662109375,0.0,0.0,0.06548649691558334,0.07953959470711564
17,0.65,1.38,1.35,hybrid_confidence,0.5089510492693462,0.05771808326244354,0.06967849559371714,0.06502084563152101,0.004657649962196128,0.08424908424908426,0.10003662109375,0.0,0.0,0.06548649691558334,0.07953959470711564
17,0.65,1.38,1.35,hybrid_risk_confidence,0.4777222959106933,-0.07455705403611734,0.06403592107977522,0.06564762828809477,-0.001611707208319546,0.057387057387057384,0.10003662109375,0.0,0.0,0.06548649691558334,0.07953959470711564
17,0.65,1.38,1.75,risk_mean,0.45016337323683003,-0.2994031808347916,0.06082518250477602,0.06656655424955409,-0.005741371744778068,0.023809523809523808,0.10003662109375,0.0,0.0,0.0659925572452849,0.08016889675741748
17,0.65,1.38,1.75,risk_max,0.4546797696285294,-0.27736449737395796,0.0628663345422161,0.06633982109905043,-0.0034734865568343265,0.052503052503052504,0.10003662109375,0.0,0.0,0.0659925572452849,0.08016889675741748
17,0.65,1.38,1.75,sat_persistence,0.500184279797435,0.0,0.0664711872988216,0.06593939055413521,0.000531796744686383,0.09768009768009768,0.10003662109375,0.0,0.0,0.0659925572452849,0.08016889675741748
17,0.65,1.38,1.75,bright_persistence,0.500184279797435,0.0,0.0664711872988216,0.06593939055413521,0.000531796744686383,0.09768009768009768,0.10003662109375,0.0,0.0,0.0659925572452849,0.08016889675741748
17,0.65,1.38,1.75,low_margin,0.6479978632067499,0.5210330486297607,0.07230464159050269,0.06529140478648476,0.007013236804017928,0.16361416361416362,0.10003662109375,0.0,0.0,0.0659925572452849,0.08016889675741748
17,0.65,1.38,1.75,focus_entropy,0.39388117418526997,-0.34920382499694824,0.0702959992529053,0.06551452672795938,0.004781472524945929,0.06837606837606838,0.10003662109375,0.0,0.0,0.0659925572452849,0.08016889675741748
17,0.65,1.38,1.75,low_peak_strength,0.3551412863503642,-0.4776497185230255,0.0671725544744348,0.06586148200716287,0.0013110724672719398,0.04151404151404151,0.10003662109375,0.0,0.0,0.0659925572452849,0.08016889675741748
17,0.65,1.38,1.75,hybrid_confidence,0.5082666050952422,0.05943457782268524,0.07191999095349337,0.06533413215278214,0.006585858800711233,0.08791208791208792,0.10003662109375,0.0,0.0,0.0659925572452849,0.08016889675741748
17,0.65,1.38,1.75,hybrid_risk_confidence,0.47595526223613094,-0.0773915214763177,0.06437754559542494,0.06617195430770662,-0.0017944087122816754,0.059218559218559216,0.10003662109375,0.0,0.0,0.0659925572452849,0.08016889675741748
17,0.65,1.58,0.95,risk_mean,0.48182618858607307,-0.20229934223551704,0.0659196596987192,0.06510708676504594,0.0008125729336732612,0.04700854700854701,0.10003662109375,0.00023681640625,0.01973876953125,0.06518832422020687,0.07909291305443569
17,0.65,1.58,0.95,risk_max,0.4858750062843818,-0.17446691029425385,0.06638477569936731,0.06505542122801476,0.0013293544713525451,0.0695970695970696,0.10003662109375,0.00023681640625,0.01973876953125,0.06518832422020687,0.07909291305443569
17,0.65,1.58,0.95,sat_persistence,0.49646769124330625,-0.07253293089458519,0.06451972126484744,0.06526259328577576,-0.0007428720209283202,0.09035409035409035,0.10003662109375,0.00023681640625,0.01973876953125,0.06518832422020687,0.07909291305443569
17,0.65,1.58,0.95,bright_persistence,0.3980684862098423,-0.40245279225793695,0.04791727386078438,0.06710680926623522,-0.01918953540545084,0.038461538461538464,0.10003662109375,0.00023681640625,0.01973876953125,0.06518832422020687,0.07909291305443569
17,0.65,1.58,0.95,low_margin,0.6572994102922346,0.5503782629966736,0.07276510878669769,0.06434668763266367,0.008418421154034017,0.15934065934065933,0.10003662109375,0.00023681640625,0.01973876953125,0.06518832422020687,0.07909291305443569
17,0.65,1.58,0.95,focus_entropy,0.3917793458905109,-0.3547973334789276,0.06980397500614316,0.06467561324859669,0.005128361757546468,0.07081807081807082,0.10003662109375,0.00023681640625,0.01973876953125,0.06518832422020687,0.07909291305443569
17,0.65,1.58,0.95,low_peak_strength,0.35077608752907624,-0.4973335564136505,0.06532973917609898,0.06517261570957679,0.000157123466522191,0.03907203907203907,0.10003662109375,0.00023681640625,0.01973876953125,0.06518832422020687,0.07909291305443569
17,0.65,1.58,0.95,hybrid_confidence,0.5168206883296289,0.08240476250648499,0.07016666605645783,0.06463532517451455,0.005531340881943278,0.08485958485958486,0.10003662109375,0.00023681640625,0.01973876953125,0.06518832422020687,0.07909291305443569
17,0.65,1.58,0.95,hybrid_risk_confidence,0.49270082763497663,-0.019075404556484234,0.065732792243505,0.06512784418344013,0.0006049480600648777,0.06898656898656899,0.10003662109375,0.00023681640625,0.01973876953125,0.06518832422020687,0.07909291305443569
17,0.65,1.58,1.35,risk_mean,0.4730610742599791,-0.2345842141933375,0.064458709110834,0.06537526920078242,-0.0009165600899484205,0.03785103785103785,0.10003662109375,0.0002587890625,0.02,0.06528363556874289,0.07921017439666364
17,0.65,1.58,1.35,risk_max,0.47723175206908747,-0.2114825747809544,0.06521327181746618,0.06529145164256572,-7.817982509954191e-05,0.06288156288156288,0.10003662109375,0.0002587890625,0.02,0.06528363556874289,0.07921017439666364
17,0.65,1.58,1.35,sat_persistence,0.4959150794335512,-0.07694428972672229,0.06439237672260822,0.06538263746688264,-0.0009902607442744127,0.09157509157509157,0.10003662109375,0.0002587890625,0.02,0.06528363556874289,0.07921017439666364
17,0.65,1.58,1.35,bright_persistence,0.3908814292846191,-0.4280991420879483,0.04747522231983167,0.06726181140637456,-0.01978658908654289,0.03540903540903541,0.10003662109375,0.0002587890625,0.02,0.06528363556874289,0.07921017439666364
17,0.65,1.58,1.35,low_margin,0.6550331846391709,0.5436261892318726,0.07056333249161335,0.0646971617073797,0.005866170784233654,0.15506715506715507,0.10003662109375,0.0002587890625,0.02,0.06528363556874289,0.07921017439666364
17,0.65,1.58,1.35,focus_entropy,0.3910343233794933,-0.35845378041267395,0.06974344175549116,0.0647882359665529,0.004955205788938252,0.06898656898656899,0.10003662109375,0.0002587890625,0.02,0.06528363556874289,0.07921017439666364
17,0.65,1.58,1.35,low_peak_strength,0.34991470826710164,-0.49989351630210876,0.06533155357748398,0.06527831278979825,5.324078768573215e-05,0.03785103785103785,0.10003662109375,0.0002587890625,0.02,0.06528363556874289,0.07921017439666364
17,0.65,1.58,1.35,hybrid_confidence,0.5144702571331096,0.07220720499753952,0.0702036294728248,0.06473711786801821,0.005466511604806587,0.08302808302808302,0.10003662109375,0.0002587890625,0.02,0.06528363556874289,0.07921017439666364
17,0.65,1.58,1.35,hybrid_risk_confidence,0.48696140262022,-0.04399697842226857,0.06450977958113226,0.06536959624334661,-0.0008598166622143522,0.06227106227106227,0.10003662109375,0.0002587890625,0.02,0.06528363556874289,0.07921017439666364
17,0.65,1.58,1.75,risk_mean,0.46273565397190514,-0.2619947789814573,0.06331680626425602,0.06579561911559038,-0.002478812851334361,0.03235653235653236,0.10003662109375,0.0002880859375,0.0202685546875,0.06554779834834883,0.07944159998878013
17,0.65,1.58,1.75,risk_max,0.467076563528324,-0.24111461542988602,0.06445087675518676,0.06566964546414969,-0.001218768708962925,0.05860805860805861,0.10003662109375,0.0002880859375,0.0202685546875,0.06554779834834883,0.07944159998878013
17,0.65,1.58,1.75,sat_persistence,0.49994569052786947,-0.08125154730835238,0.06488831852004423,0.06562105400810489,-0.0007327354880606596,0.09096459096459096,0.10003662109375,0.0002880859375,0.0202685546875,0.06554779834834883,0.07944159998878013
17,0.65,1.58,1.75,bright_persistence,0.3849289042458835,-0.45726622575913217,0.046930493825892684,0.06761582661416891,-0.02068533278827623,0.03296703296703297,0.10003662109375,0.0002880859375,0.0202685546875,0.06554779834834883,0.07944159998878013
17,0.65,1.58,1.75,low_margin,0.6510717172613709,0.5322912931442261,0.07184851645312187,0.06484790846257517,0.007000607990546706,0.15262515262515264,0.10003662109375,0.0002880859375,0.0202685546875,0.06554779834834883,0.07944159998878013
17,0.65,1.58,1.75,focus_entropy,0.39218829104332326,-0.35708191990852356,0.06979769648386201,0.06507571553633401,0.004721980947528001,0.06593406593406594,0.10003662109375,0.0002880859375,0.0202685546875,0.06554779834834883,0.07944159998878013
17,0.65,1.58,1.75,low_peak_strength,0.3513442163308686,-0.4961223900318146,0.06536942290296437,0.06556761246604445,-0.00019818956308008395,0.03540903540903541,0.10003662109375,0.0002880859375,0.0202685546875,0.06554779834834883,0.07944159998878013
17,0.65,1.58,1.75,hybrid_confidence,0.5118401890507552,0.06322453916072845,0.07043273141626033,0.06500517523935391,0.00542755617690642,0.07997557997557997,0.10003662109375,0.0002880859375,0.0202685546875,0.06554779834834883,0.07944159998878013
17,0.65,1.58,1.75,hybrid_risk_confidence,0.4811413720041602,-0.06438274407518313,0.06441192368068391,0.06567397240949321,-0.0012620487288093063,0.057997557997558,0.10003662109375,0.0002880859375,0.0202685546875,0.06554779834834883,0.07944159998878013
17,1.0,1.18,0.95,risk_mean,0.5237630319457626,-0.053547254934818656,0.06956554053893925,0.06360616342500851,0.005959377113930742,0.08363858363858363,0.10003662109375,0.0,0.0,0.06420195564379626,0.08003641589534542
17,1.0,1.18,0.95,risk_max,0.5249265994553329,-0.021919565880877682,0.07062317375273705,0.0634886805005408,0.007134493252196256,0.09157509157509157,0.10003662109375,0.0,0.0,0.06420195564379626,0.08003641589534542
17,1.0,1.18,0.95,sat_persistence,0.49068361867012755,0.0,0.06349413592392458,0.06428058094565099,-0.0007864450217264091,0.07326007326007326,0.10003662109375,0.0,0.0,0.06420195564379626,0.08003641589534542
17,1.0,1.18,0.95,bright_persistence,0.49068361867012755,0.0,0.06349413592392458,0.06428058094565099,-0.0007864450217264091,0.07326007326007326,0.10003662109375,0.0,0.0,0.06420195564379626,0.08003641589534542
17,1.0,1.18,0.95,low_margin,0.6548744561552907,0.5370349287986755,0.07154589544578586,0.06338618367881192,0.008159711766973943,0.1575091575091575,0.10003662109375,0.0,0.0,0.06420195564379626,0.08003641589534542
17,1.0,1.18,0.95,focus_entropy,0.4440022170678223,-0.17164914309978485,0.06592160190972593,0.06401093566660972,0.001910666243116213,0.09706959706959707,0.10003662109375,0.0,0.0,0.06420195564379626,0.08003641589534542
17,1.0,1.18,0.95,low_peak_strength,0.39837001239911113,-0.3558897078037262,0.06255071098583583,0.06438537750394405,-0.0018346665181082217,0.04151404151404151,0.10003662109375,0.0,0.0,0.06420195564379626,0.08003641589534542
17,1.0,1.18,0.95,hybrid_confidence,0.5465301005852803,0.1861177682876587,0.06870871880609318,0.06370134001516191,0.005007378790931272,0.1227106227106227,0.10003662109375,0.0,0.0,0.06420195564379626,0.08003641589534542
17,1.0,1.18,0.95,hybrid_risk_confidence,0.546516114603124,0.147247736662088,0.06563851604961883,0.06404238111885815,0.001596134930760676,0.09829059829059829,0.10003662109375,0.0,0.0,0.06420195564379626,0.08003641589534542
17,1.0,1.18,1.35,risk_mean,0.5136250155428537,-0.06987860510747705,0.06804251717600739,0.06359383368556212,0.004448683490445263,0.07936507936507936,0.10003662109375,0.0,0.0,0.06403859342416987,0.0799122794320377
17,1.0,1.18,1.35,risk_max,0.5149818627052407,-0.040943334160316945,0.06964586584225503,0.06341573215868612,0.006230133683568909,0.08913308913308914,0.10003662109375,0.0,0.0,0.06403859342416987,0.0799122794320377
17,1.0,1.18,1.35,sat_persistence,0.48957955365268957,0.0,0.0632363229030105,0.06412771041275384,-0.0008913875097433382,0.07264957264957266,0.10003662109375,0.0,0.0,0.06403859342416987,0.0799122794320377
17,1.0,1.18,1.35,bright_persistence,0.48957955365268957,0.0,0.0632363229030105,0.06412771041275384,-0.0008913875097433382,0.07264957264957266,0.10003662109375,0.0,0.0,0.06403859342416987,0.0799122794320377
17,1.0,1.18,1.35,low_margin,0.6482523418761615,0.5188496112823486,0.06979445007076561,0.0633992272782914,0.006395222792474203,0.15079365079365079,0.10003662109375,0.0,0.0,0.06403859342416987,0.0799122794320377
17,1.0,1.18,1.35,focus_entropy,0.44806080012645316,-0.161411315202713,0.06615620053156625,0.06380336757024913,0.0023528329613171223,0.09768009768009768,0.10003662109375,0.0,0.0,0.06403859342416987,0.0799122794320377
17,1.0,1.18,1.35,low_peak_strength,0.3963442794333029,-0.3646497130393982,0.06255686738810709,0.06420318499117589,-0.0016463176030687976,0.040293040293040296,0.10003662109375,0.0,0.0,0.06403859342416987,0.0799122794320377
17,1.0,1.18,1.35,hybrid_confidence,0.5438075926090291,0.17407919466495514,0.06841907788991279,0.06355200495577933,0.004867072934133465,0.11660561660561661,0.10003662109375,0.0,0.0,0.06403859342416987,0.0799122794320377
17,1.0,1.18,1.35,hybrid_risk_confidence,0.5419198160470938,0.1300835400922241,0.06533017771038228,0.06389512298738594,0.0014350547229963484,0.09157509157509157,0.10003662109375,0.0,0.0,0.06403859342416987,0.0799122794320377
17,1.0,1.18,1.75,risk_mean,0.5073358338448768,-0.07962429207497819,0.06724735447194022,0.06374411147841343,0.0035032429935267922,0.07875457875457875,0.10003662109375,0.0,0.0,0.06409435024937271,0.08000010726103034
17,1.0,1.18,1.75,risk_max,0.5085915929764715,-0.05440026673276198,0.0687174645651815,0.06358081022161638,0.005136654343565125,0.08669108669108669,0.10003662109375,0.0,0.0,0.06409435024937271,0.08000010726103034
17,1.0,1.18,1.75,sat_persistence,0.491848055131252,0.0,0.06349294461043863,0.06416115497177703,-0.0006682103613384061,0.07203907203907203,0.10003662109375,0.0,0.0,0.06409435024937271,0.08000010726103034
17,1.0,1.18,1.75,bright_persistence,0.491848055131252,0.0,0.06349294461043863,0.06416115497177703,-0.0006682103613384061,0.07203907203907203,0.10003662109375,0.0,0.0,0.06409435024937271,0.08000010726103034
17,1.0,1.18,1.75,low_margin,0.645671390245936,0.5098886489868164,0.07069431440109065,0.06336121982210335,0.007333094578987301,0.15934065934065933,0.10003662109375,0.0,0.0,0.06409435024937271,0.08000010726103034
17,1.0,1.18,1.75,focus_entropy,0.45430156880927364,-0.1412915289402008,0.06709868236766697,0.06376062612013318,0.003338056247533791,0.10195360195360195,0.10003662109375,0.0,0.0,0.06409435024937271,0.08000010726103034
17,1.0,1.18,1.75,low_peak_strength,0.39639658204113,-0.3654124438762665,0.06291153606375487,0.06422573839775478,-0.0013142023339999115,0.03968253968253968,0.10003662109375,0.0,0.0,0.06409435024937271,0.08000010726103034
17,1.0,1.18,1.75,hybrid_confidence,0.5444589338667868,0.17720074951648712,0.06915523433674935,0.06353218233026767,0.00562305200648168,0.12087912087912088,0.10003662109375,0.0,0.0,0.06409435024937271,0.08000010726103034
17,1.0,1.18,1.75,hybrid_risk_confidence,0.5406110922493452,0.1282796087872424,0.06621042591538259,0.06385929450944838,0.0023511314059342092,0.09462759462759462,0.10003662109375,0.0,0.0,0.06409435024937271,0.08000010726103034
17,1.0,1.38,0.95,risk_mean,0.5278825657491159,-0.04350253088121968,0.07129832299774835,0.06327587488076039,0.008022448116987962,0.08608058608058608,0.10003662109375,0.0,0.0,0.06407792383190945,0.07974509180389619
17,1.0,1.38,0.95,risk_max,0.5287039732396024,-0.016273382906258082,0.07224382041346292,0.06317084810964006,0.009072972303822854,0.09340659340659341,0.10003662109375,0.0,0.0,0.06407792383190945,0.07974509180389619
17,1.0,1.38,0.95,sat_persistence,0.488992183780771,0.0,0.06311601366869884,0.06418477374696026,-0.0010687600782614132,0.07081807081807082,0.10003662109375,0.0,0.0,0.06407792383190945,0.07974509180389619
17,1.0,1.38,0.95,bright_persistence,0.488992183780771,0.0,0.06311601366869884,0.06418477374696026,-0.0010687600782614132,0.07081807081807082,0.10003662109375,0.0,0.0,0.06407792383190945,0.07974509180389619
17,1.0,1.38,0.95,low_margin,0.6631615643693449,0.5595003366470337,0.07157123874771852,0.06324555913422227,0.008325679613496256,0.16666666666666666,0.10003662109375,0.0,0.0,0.06407792383190945,0.07974509180389619
17,1.0,1.38,0.95,focus_entropy,0.43735722039776875,-0.195639505982399,0.06498574000899668,0.0639770827293685,0.0010086572796281779,0.09401709401709402,0.10003662109375,0.0,0.0,0.06407792383190945,0.07974509180389619
17,1.0,1.38,0.95,low_peak_strength,0.4000312822559472,-0.3500939905643463,0.06231589536561336,0.06427365166507051,-0.0019577562994571515,0.040903540903540904,0.10003662109375,0.0,0.0,0.06407792383190945,0.07974509180389619
17,1.0,1.38,0.95,hybrid_confidence,0.5470573886640304,0.18676872551441193,0.06822717493789025,0.0636170209896745,0.004610153948215748,0.12454212454212454,0.10003662109375,0.0,0.0,0.06407792383190945,0.07974509180389619
17,1.0,1.38,0.95,hybrid_risk_confidence,0.5471128360489104,0.1493674213119933,0.06643160459239256,0.06381647468735016,0.002615129905042396,0.10195360195360195,0.10003662109375,0.0,0.0,0.06407792383190945,0.07974509180389619
17,1.0,1.38,1.35,risk_mean,0.5247037340710318,-0.05597997844652376,0.07007204206723042,0.06338660790151532,0.006685434165715098,0.08241758241758242,0.10003662109375,0.0,0.0,0.06405498809947927,0.07988683243260944
17,1.0,1.38,1.35,risk_max,0.5259576725422275,-0.022648854243371146,0.07110582666827413,0.06327177410411197,0.007834052564162156,0.09096459096459096,0.10003662109375,0.0,0.0,0.06405498809947927,0.07988683243260944
17,1.0,1.38,1.35,sat_persistence,0.4899956159325164,0.0,0.06318272004727736,0.06415188048178679,-0.0009691604345094251,0.07203907203907203,0.10003662109375,0.0,0.0,0.06405498809947927,0.07988683243260944
17,1.0,1.38,1.35,bright_persistence,0.4899956159325164,0.0,0.06318272004727736,0.06415188048178679,-0.0009691604345094251,0.07203907203907203,0.10003662109375,0.0,0.0,0.06405498809947927,0.07988683243260944
17,1.0,1.38,1.35,low_margin,0.6596900201534692,0.5504358410835266,0.07163294148839831,0.06321322167800568,0.008419719810392634,0.16483516483516483,0.10003662109375,0.0,0.0,0.06405498809947927,0.07988683243260944
17,1.0,1.38,1.35,focus_entropy,0.4393546089914555,-0.18868803977966309,0.06606706757516309,0.06383148435736817,0.0022355832177949203,0.09462759462759462,0.10003662109375,0.0,0.0,0.06405498809947927,0.07988683243260944
17,1.0,1.38,1.35,low_peak_strength,0.3985884088897054,-0.35523903369903564,0.06296376616125983,0.0641762020920741,-0.0012124359308142707,0.040903540903540904,0.10003662109375,0.0,0.0,0.06405498809947927,0.07988683243260944
17,1.0,1.38,1.35,hybrid_confidence,0.544547773818531,0.1801130473613739,0.0685845781453665,0.06355183683844826,0.005032741306918248,0.12515262515262515,0.10003662109375,0.0,0.0,0.06405498809947927,0.07988683243260944
17,1.0,1.38,1.35,hybrid_risk_confidence,0.5438206682609859,0.14130231965076331,0.06623544420303508,0.06381278091803179,0.0024226632850032903,0.0995115995115995,0.10003662109375,0.0,0.0,0.06405498809947927,0.07988683243260944
17,1.0,1.38,1.75,risk_mean,0.5206216893204406,-0.06271714076949464,0.06934712625628081,0.06341562590734161,0.005931500348939203,0.0811965811965812,0.10003662109375,0.0,0.0,0.0640086311302153,0.07988086807748411
17,1.0,1.38,1.75,risk_max,0.5218772001801626,-0.032241448445430206,0.07064226527144228,0.06327176060781399,0.007370504663628291,0.09035409035409035,0.10003662109375,0.0,0.0,0.0640086311302153,0.07988086807748411
17,1.0,1.38,1.75,sat_persistence,0.4918678341237689,0.0,0.06324592850304792,0.06409335287870982,-0.0008474243756619038,0.07326007326007326,0.10003662109375,0.0,0.0,0.0640086311302153,0.07988086807748411
17,1.0,1.38,1.75,bright_persistence,0.4918678341237689,0.0,0.06324592850304792,0.06409335287870982,-0.0008474243756619038,0.07326007326007326,0.10003662109375,0.0,0.0,0.0640086311302153,0.07988086807748411
17,1.0,1.38,1.75,low_margin,0.6518525323006878,0.5295314192771912,0.07180637811242109,0.0631424498229555,0.008663928289465592,0.1581196581196581,0.10003662109375,0.0,0.0,0.0640086311302153,0.07988086807748411
17,1.0,1.38,1.75,focus_entropy,0.44494742946544374,-0.17175030708312988,0.0663289243189798,0.06375089070954554,0.0025780336094342604,0.09706959706959707,0.10003662109375,0.0,0.0,0.0640086311302153,0.07988086807748411
17,1.0,1.38,1.75,low_peak_strength,0.4003918143936032,-0.34829944372177124,0.06305735337388921,0.06411429998718411,-0.001056946613294904,0.04212454212454213,0.10003662109375,0.0,0.0,0.0640086311302153,0.07988086807748411
17,1.0,1.38,1.75,hybrid_confidence,0.5432225399412547,0.17464323341846466,0.06886763682733028,0.06346888805874681,0.0053987487685834695,0.1221001221001221,0.10003662109375,0.0,0.0,0.0640086311302153,0.07988086807748411
17,1.0,1.38,1.75,hybrid_risk_confidence,0.5416154761099357,0.13335904222020664,0.06648143427222154,0.06373394975583538,0.0027474845163861644,0.09706959706959707,0.10003662109375,0.0,0.0,0.0640086311302153,0.07988086807748411
17,1.0,1.58,0.95,risk_mean,0.538696833354333,-0.02028595389324895,0.0736898990368202,0.0630785642462493,0.0106113347905709,0.08974358974358974,0.10003662109375,0.00011962890625,0.015498046875,0.06413943865951562,0.07969785528989394
17,1.0,1.58,0.95,risk_max,0.539180797991315,0.005475716636537319,0.07397816009636772,0.06304654392782133,0.01093161616854639,0.09462759462759462,0.10003662109375,0.00011962890625,0.015498046875,0.06413943865951562,0.07969785528989394
17,1.0,1.58,0.95,sat_persistence,0.48828080210849023,-0.04657275854254085,0.0625006897701384,0.06432147247755439,-0.0018207827074159938,0.0695970695970696,0.10003662109375,0.00011962890625,0.015498046875,0.06413943865951562,0.07969785528989394
17,1.0,1.58,0.95,bright_persistence,0.4476830544722971,-0.20721318640001737,0.05126940781140424,0.0655690541843499,-0.01429964637294566,0.047619047619047616,0.10003662109375,0.00011962890625,0.015498046875,0.06413943865951562,0.07969785528989394
17,1.0,1.58,0.95,low_margin,0.6660040704173512,0.567592978477478,0.07219740315314611,0.06324435213838671,0.008953051014759406,0.16910866910866912,0.10003662109375,0.00011962890625,0.015498046875,0.06413943865951562,0.07969785528989394
17,1.0,1.58,0.95,focus_entropy,0.4301731427350167,-0.21825860440731049,0.06403467878299739,0.06415107548833271,-0.00011639670533532265,0.09096459096459096,0.10003662109375,0.00011962890625,0.015498046875,0.06413943865951562,0.07969785528989394
17,1.0,1.58,0.95,low_peak_strength,0.4004044348804602,-0.3498819172382355,0.06200193546694369,0.06437687458989895,-0.0023749391229552566,0.042735042735042736,0.10003662109375,0.00011962890625,0.015498046875,0.06413943865951562,0.07969785528989394
17,1.0,1.58,0.95,hybrid_confidence,0.5477242882924709,0.18916800618171692,0.06767891381000947,0.06374627032257618,0.003932643487433288,0.1221001221001221,0.10003662109375,0.00011962890625,0.015498046875,0.06413943865951562,0.07969785528989394
17,1.0,1.58,0.95,hybrid_risk_confidence,0.5489822818709189,0.157332061210146,0.06696248595880638,0.06382585182401865,0.003136634134787736,0.09768009768009768,0.10003662109375,0.00011962890625,0.015498046875,0.06413943865951562,0.07969785528989394
17,1.0,1.58,1.35,risk_mean,0.5320248578074573,-0.03797658040419917,0.07228956725076391,0.06320665718729923,0.009082910063464678,0.08485958485958486,0.10003662109375,0.00013427734375,0.01565185546875,0.06411472644291172,0.07970392949201684
17,1.0,1.58,1.35,risk_max,0.5325380771467604,-0.013759664898069261,0.07303903656905626,0.06312340540760557,0.009915631161450694,0.09157509157509157,0.10003662109375,0.00013427734375,0.01565185546875,0.06411472644291172,0.07970392949201684
17,1.0,1.58,1.35,sat_persistence,0.48673382007033955,-0.050096176593805365,0.0623353028463576,0.06431238654403446,-0.0019770836976768583,0.06776556776556776,0.10003662109375,0.00013427734375,0.01565185546875,0.06411472644291172,0.07970392949201684
17,1.0,1.58,1.35,bright_persistence,0.44077058623816595,-0.23216208733293237,0.05019289296072492,0.06566117722575603,-0.015468284265031107,0.043345543345543344,0.10003662109375,0.00013427734375,0.01565185546875,0.06411472644291172,0.07970392949201684
17,1.0,1.58,1.35,low_margin,0.6636080813322103,0.5609300136566162,0.07226622299044451,0.06320925029040537,0.009056972700039134,0.16971916971916973,0.10003662109375,0.00013427734375,0.01565185546875,0.06411472644291172,0.07970392949201684
17,1.0,1.58,1.35,focus_entropy,0.4321476903164246,-0.2145601063966751,0.06423443501010545,0.06410142909901757,0.0001330059110878773,0.08791208791208792,0.10003662109375,0.00013427734375,0.01565185546875,0.06411472644291172,0.07970392949201684
17,1.0,1.58,1.35,low_peak_strength,0.3984030325581665,-0.35733190178871155,0.062033846390480894,0.06434587261990085,-0.002312026229419957,0.040903540903540904,0.10003662109375,0.00013427734375,0.01565185546875,0.06411472644291172,0.07970392949201684
17,1.0,1.58,1.35,hybrid_confidence,0.5462757874304502,0.18272753059864044,0.06789355114045074,0.0636949709258516,0.004198580214599151,0.12393162393162394,0.10003662109375,0.00013427734375,0.01565185546875,0.06411472644291172,0.07970392949201684
17,1.0,1.58,1.35,hybrid_risk_confidence,0.5459108277777329,0.14412282365927104,0.06656220645230215,0.06384285798669434,0.0027193484656078126,0.09584859584859586,0.10003662109375,0.00013427734375,0.01565185546875,0.06411472644291172,0.07970392949201684
17,1.0,1.58,1.75,risk_mean,0.526666943903591,-0.05386639625761672,0.07132599947298991,0.06334907803232145,0.007976921440668458,0.08241758241758242,0.10003662109375,0.000146484375,0.01584228515625,0.0641465754273297,0.07985831351326309
17,1.0,1.58,1.75,risk_max,0.527627300885441,-0.023347868619627024,0.07239998449787005,0.06322977873279931,0.009170205765070744,0.09035409035409035,0.10003662109375,0.000146484375,0.01584228515625,0.0641465754273297,0.07985831351326309
17,1.0,1.58,1.75,sat_persistence,0.48798142760878394,-0.05272464286222117,0.06242124802383447,0.06433822647079403,-0.0019169784469595594,0.06715506715506715,0.10003662109375,0.000146484375,0.01584228515625,0.0641465754273297,0.07985831351326309
17,1.0,1.58,1.75,bright_persistence,0.43516092465548656,-0.25589142604828286,0.050225948582628875,0.06569289217571025,-0.01546694359308138,0.04212454212454213,0.10003662109375,0.000146484375,0.01584228515625,0.0641465754273297,0.07985831351326309
17,1.0,1.58,1.75,low_margin,0.661708925642781,0.55619215965271,0.07252631386171923,0.06321574594438312,0.009310567917336116,0.16483516483516483,0.10003662109375,0.000146484375,0.01584228515625,0.0641465754273297,0.07985831351326309
17,1.0,1.58,1.75,focus_entropy,0.4375336589418942,-0.19522283971309662,0.06518564462219681,0.06403115461211252,0.0011544900100842886,0.08974358974358974,0.10003662109375,0.000146484375,0.01584228515625,0.0641465754273297,0.07985831351326309
17,1.0,1.58,1.75,low_peak_strength,0.4003779111687378,-0.3488021194934845,0.06254734360345668,0.06432421965135682,-0.0017768760479001389,0.04212454212454213,0.10003662109375,0.000146484375,0.01584228515625,0.0641465754273297,0.07985831351326309
17,1.0,1.58,1.75,hybrid_confidence,0.5473001985554301,0.18922756612300873,0.06849493476816515,0.06366355544901094,0.004831379319154214,0.12515262515262515,0.10003662109375,0.000146484375,0.01584228515625,0.0641465754273297,0.07985831351326309
17,1.0,1.58,1.75,hybrid_risk_confidence,0.5459793921932151,0.14596559849891938,0.0665499845421628,0.06387960240887747,0.002670382133285326,0.09829059829059829,0.10003662109375,0.000146484375,0.01584228515625,0.0641465754273297,0.07985831351326309
17,1.35,1.18,0.95,risk_mean,0.6419245952806414,0.1547941099060654,0.08186252808007344,0.06611856257310224,0.0157439655069712,0.1385836385836386,0.10003662109375,0.0,0.0,0.06769257474964148,0.08346489553477351
17,1.35,1.18,0.95,risk_max,0.6411787865753605,0.17939321362252267,0.08037421977525136,0.06628388530491415,0.01409033447033721,0.13003663003663005,0.10003662109375,0.0,0.0,0.06769257474964148,0.08346489553477351
17,1.35,1.18,0.95,sat_persistence,0.5052663222722007,0.0,0.06875382844273274,0.06757468965881797,0.0011791387839147766,0.09523809523809523,0.10003662109375,0.0,0.0,0.06769257474964148,0.08346489553477351
17,1.35,1.18,0.95,bright_persistence,0.5052663222722007,0.0,0.06875382844273274,0.06757468965881797,0.0011791387839147766,0.09523809523809523,0.10003662109375,0.0,0.0,0.06769257474964148,0.08346489553477351
17,1.35,1.18,0.95,low_margin,0.639706865400025,0.48462042212486267,0.07473514053173258,0.06691027970345503,0.007824860828277547,0.16971916971916973,0.10003662109375,0.0,0.0,0.06769257474964148,0.08346489553477351
17,1.35,1.18,0.95,focus_entropy,0.393010774378591,-0.3171750605106354,0.061896904672808006,0.06833636341001399,-0.006439458737205986,0.07142857142857142,0.10003662109375,0.0,0.0,0.06769257474964148,0.08346489553477351
17,1.35,1.18,0.95,low_peak_strength,0.40095439845690756,-0.3384481370449066,0.063633413961299,0.06814347027190548,-0.004510056310606483,0.05982905982905983,0.10003662109375,0.0,0.0,0.06769257474964148,0.08346489553477351
17,1.35,1.18,0.95,hybrid_confidence,0.5180353584663088,0.08463874459266663,0.06505741674755161,0.06798529065954403,-0.0029278739119924235,0.09035409035409035,0.10003662109375,0.0,0.0,0.06769257474964148,0.08346489553477351
17,1.35,1.18,0.95,hybrid_risk_confidence,0.5376758566569241,0.1307745564529493,0.07086937492220752,0.06733969270144784,0.0035296822207596806,0.10500610500610501,0.10003662109375,0.0,0.0,0.06769257474964148,0.08346489553477351
17,1.35,1.18,1.35,risk_mean,0.6376527466834498,0.13960991852920668,0.08045592354125115,0.06612312372859082,0.014332799812660335,0.1349206349206349,0.10003662109375,0.0,0.0,0.06755605378798642,0.08354642262874548
17,1.35,1.18,1.35,risk_max,0.6369636681010574,0.16340280439581023,0.07913087099396747,0.06627031185231592,0.012860559141651545,0.12698412698412698,0.10003662109375,0.0,0.0,0.06755605378798642,0.08354642262874548
17,1.35,1.18,1.35,sat_persistence,0.5052669015732368,0.0,0.06853447168356742,0.06744737017799309,0.0010871015055743394,0.09462759462759462,0.10003662109375,0.0,0.0,0.06755605378798642,0.08354642262874548
17,1.35,1.18,1.35,bright_persistence,0.5052669015732368,0.0,0.06853447168356742,0.06744737017799309,0.0010871015055743394,0.09462759462759462,0.10003662109375,0.0,0.0,0.06755605378798642,0.08354642262874548
17,1.35,1.18,1.35,low_margin,0.6393985944915506,0.4831429123878479,0.07418757917254346,0.06681941750832383,0.007368161664219622,0.16483516483516483,0.10003662109375,0.0,0.0,0.06755605378798642,0.08354642262874548
17,1.35,1.18,1.35,focus_entropy,0.3926411389389398,-0.3189484477043152,0.06292965825547119,0.06806995829648092,-0.005140300041009738,0.07326007326007326,0.10003662109375,0.0,0.0,0.06755605378798642,0.08354642262874548
17,1.35,1.18,1.35,low_peak_strength,0.39988554666673287,-0.34112876653671265,0.06407560531694444,0.06794266538405089,-0.003867060067106451,0.059218559218559216,0.10003662109375,0.0,0.0,0.06755605378798642,0.08354642262874548
17,1.35,1.18,1.35,hybrid_confidence,0.5132757383967554,0.07230370491743088,0.06548234469303575,0.06778640340805486,-0.002304058715019111,0.09035409035409035,0.10003662109375,0.0,0.0,0.06755605378798642,0.08354642262874548
17,1.35,1.18,1.35,hybrid_risk_confidence,0.5317170420640827,0.11322631950441665,0.07049777529355201,0.06722928450641064,0.0032684907871413788,0.10073260073260074,0.10003662109375,0.0,0.0,0.06755605378798642,0.08354642262874548
17,1.35,1.18,1.75,risk_mean,0.6311416926886623,0.11328544103643169,0.07857839926832981,0.06595464804583713,0.01262375122249268,0.12759462759462759,0.10003662109375,0.0,0.0,0.06721671497103507,0.08325070823358471
17,1.35,1.18,1.75,risk_max,0.630746899032588,0.13855175833854558,0.0775410472121183,0.0660698781196249,0.011471169092493391,0.12087912087912088,0.10003662109375,0.0,0.0,0.06721671497103507,0.08325070823358471
17,1.35,1.18,1.75,sat_persistence,0.5062700440744642,0.0,0.0683027651832927,0.06709607545878239,0.0012066897245103098,0.09523809523809523,0.10003662109375,0.0,0.0,0.06721671497103507,0.08325070823358471
17,1.35,1.18,1.75,bright_persistence,0.5062700440744642,0.0,0.0683027651832927,0.06709607545878239,0.0012066897245103098,0.09523809523809523,0.10003662109375,0.0,0.0,0.06721671497103507,0.08325070823358471
17,1.35,1.18,1.75,low_margin,0.6336013635091243,0.4680894613265991,0.07198908818842838,0.06668659511954379,0.005302493068884584,0.1581196581196581,0.10003662109375,0.0,0.0,0.06721671497103507,0.08325070823358471
17,1.35,1.18,1.75,focus_entropy,0.3923528952948549,-0.32242491841316223,0.06334894794823058,0.06764635028795855,-0.004297402339727974,0.07631257631257632,0.10003662109375,0.0,0.0,0.06721671497103507,0.08325070823358471
17,1.35,1.18,1.75,low_peak_strength,0.3996032201689449,-0.3407869040966034,0.06394002970406715,0.06758069235251435,-0.0036406626484472016,0.061660561660561664,0.10003662109375,0.0,0.0,0.06721671497103507,0.08325070823358471
17,1.35,1.18,1.75,hybrid_confidence,0.5065470741056368,0.05131549388170242,0.06525500961398553,0.0674346231071294,-0.00217961349314387,0.09035409035409035,0.10003662109375,0.0,0.0,0.06721671497103507,0.08325070823358471
17,1.35,1.18,1.75,hybrid_risk_confidence,0.5235698350502368,0.0857048906986748,0.06958137225706498,0.06695404654335863,0.0026273257137063577,0.09706959706959707,0.10003662109375,0.0,0.0,0.06721671497103507,0.08325070823358471
17,1.35,1.38,0.95,risk_mean,0.6471715316574568,0.17229943459172528,0.08350447346977068,0.06609085184522466,0.017413621624546016,0.14285714285714285,0.10003662109375,0.0,0.0,0.06783178887043258,0.08358205892407303
17,1.35,1.38,0.95,risk_max,0.646432509050027,0.19906160490239583,0.08179312076721075,0.06628095056533813,0.015512170201872622,0.1336996336996337,0.10003662109375,0.0,0.0,0.06783178887043258,0.08358205892407303
17,1.35,1.38,0.95,sat_persistence,0.5064762338646558,0.0,0.06904662345071631,0.06769684386551567,0.0013497795852006472,0.09706959706959707,0.10003662109375,0.0,0.0,0.06783178887043258,0.08358205892407303
17,1.35,1.38,0.95,bright_persistence,0.5064762338646558,0.0,0.06904662345071631,0.06769684386551567,0.0013497795852006472,0.09706959706959707,0.10003662109375,0.0,0.0,0.06783178887043258,0.08358205892407303
17,1.35,1.38,0.95,low_margin,0.6391649292807916,0.4840603470802307,0.073297693139003,0.06722463091628106,0.006073062222721942,0.15995115995115994,0.10003662109375,0.0,0.0,0.06783178887043258,0.08358205892407303
17,1.35,1.38,0.95,focus_entropy,0.3912061688939757,-0.3224572539329529,0.0618025805350023,0.06850151918736155,-0.0066989386523592515,0.06898656898656899,0.10003662109375,0.0,0.0,0.06783178887043258,0.08358205892407303
17,1.35,1.38,0.95,low_peak_strength,0.4008011733328699,-0.3393006920814514,0.06369733531553347,0.06829104798632331,-0.00459371267078984,0.05982905982905983,0.10003662109375,0.0,0.0,0.06783178887043258,0.08358205892407303
17,1.35,1.38,0.95,hybrid_confidence,0.5184430208811127,0.08398398756980896,0.06425120603002663,0.06822952348948758,-0.0039783174594609505,0.08791208791208792,0.10003662109375,0.0,0.0,0.06783178887043258,0.08358205892407303
17,1.35,1.38,0.95,hybrid_risk_confidence,0.5393300921440366,0.13738214464472565,0.07144676136783262,0.06743023421488252,0.004016527152950103,0.10622710622710622,0.10003662109375,0.0,0.0,0.06783178887043258,0.08358205892407303
17,1.35,1.38,1.35,risk_mean,0.6438396403699168,0.15306664527162148,0.0825638566622678,0.06597721362256614,0.016586643039701657,0.1385836385836386,0.10003662109375,0.0,0.0,0.06763547297919648,0.08345577726155597
17,1.35,1.38,1.35,risk_max,0.6432652220140187,0.1814538799461682,0.08096541773932878,0.06615476977038753,0.014810647968941243,0.13064713064713065,0.10003662109375,0.0,0.0,0.06763547297919648,0.08345577726155597
17,1.35,1.38,1.35,sat_persistence,0.5076658285422034,0.0,0.06896300905312551,0.0674880089829198,0.0014750000702057064,0.09706959706959707,0.10003662109375,0.0,0.0,0.06763547297919648,0.08345577726155597
17,1.35,1.38,1.35,bright_persistence,0.5076658285422034,0.0,0.06896300905312551,0.0674880089829198,0.0014750000702057064,0.09706959706959707,0.10003662109375,0.0,0.0,0.06763547297919648,0.08345577726155597
17,1.35,1.38,1.35,low_margin,0.6380671124388139,0.48119115829467773,0.07380733717227829,0.06694989631106492,0.006857440861213371,0.16117216117216118,0.10003662109375,0.0,0.0,0.06763547297919648,0.08345577726155597
17,1.35,1.38,1.35,focus_entropy,0.39207553423451885,-0.32286354899406433,0.062322638696094355,0.06822562777071427,-0.005902989074619912,0.06898656898656899,0.10003662109375,0.0,0.0,0.06763547297919648,0.08345577726155597
17,1.35,1.38,1.35,low_peak_strength,0.4003698837115238,-0.3399896025657654,0.06363634599543237,0.06807969988814844,-0.004443353892716065,0.05860805860805861,0.10003662109375,0.0,0.0,0.06763547297919648,0.08345577726155597
17,1.35,1.38,1.35,hybrid_confidence,0.5151510599864154,0.07458049058914185,0.0645845793750502,0.0679743692035008,-0.003389789828450604,0.0873015873015873,0.10003662109375,0.0,0.0,0.06763547297919648,0.08345577726155597
17,1.35,1.38,1.35,hybrid_risk_confidence,0.5343848888497171,0.12191237936507798,0.07181565071774172,0.06717113477658308,0.004644515941158639,0.10866910866910867,0.10003662109375,0.0,0.0,0.06763547297919648,0.08345577726155597
17,1.35,1.38,1.75,risk_mean,0.6394815172969979,0.13801608195062404,0.0815926051028763,0.06605301973623019,0.015539585366646111,0.1343101343101343,0.10003662109375,0.0,0.0,0.06760659888848644,0.08360641911495661
17,1.35,1.38,1.75,risk_max,0.6388729615586177,0.16561637662596085,0.0800904154880333,0.06621988441743953,0.013870531070593772,0.12637362637362637,0.10003662109375,0.0,0.0,0.06760659888848644,0.08360641911495661
17,1.35,1.38,1.75,sat_persistence,0.5046952969652281,0.0,0.06863423800413862,0.06749244773756835,0.0011417902665702695,0.09523809523809523,0.10003662109375,0.0,0.0,0.06760659888848644,0.08360641911495661
17,1.35,1.38,1.75,bright_persistence,0.5046952969652281,0.0,0.06863423800413862,0.06749244773756835,0.0011417902665702695,0.09523809523809523,0.10003662109375,0.0,0.0,0.06760659888848644,0.08360641911495661
17,1.35,1.38,1.75,low_margin,0.6402014229702377,0.48610010743141174,0.07476538009791617,0.06681139451977317,0.007953985578143002,0.1684981684981685,0.10003662109375,0.0,0.0,0.06760659888848644,0.08360641911495661
17,1.35,1.38,1.75,focus_entropy,0.39379444454444285,-0.3156967759132385,0.06361070145442421,0.06805046705592127,-0.004439765601497059,0.07326007326007326,0.10003662109375,0.0,0.0,0.06760659888848644,0.08360641911495661
17,1.35,1.38,1.75,low_peak_strength,0.40109694789042355,-0.3374654948711395,0.06431962055649092,0.0679717196336247,-0.0036520990771337775,0.05860805860805861,0.10003662109375,0.0,0.0,0.06760659888848644,0.08360641911495661
17,1.35,1.38,1.75,hybrid_confidence,0.5140259746170975,0.07554545998573303,0.06603321877575517,0.06778137147933506,-0.0017481527035798916,0.09035409035409035,0.10003662109375,0.0,0.0,0.06760659888848644,0.08360641911495661
17,1.35,1.38,1.75,hybrid_risk_confidence,0.5318981977737876,0.1164328088292495,0.0717754106151003,0.06714352323351604,0.004631887381584265,0.10561660561660562,0.10003662109375,0.0,0.0,0.06760659888848644,0.08360641911495661
17,1.35,1.58,0.95,risk_mean,0.6537096472863574,0.18714578027157172,0.08624128274932504,0.0663345678500816,0.019906714899243436,0.1452991452991453,0.10003662109375,6.591796875e-05,0.0126416015625,0.06832475333622422,0.08399315613516155
17,1.35,1.58,0.95,risk_max,0.6528773985907674,0.21537186591602897,0.08448816604962556,0.0665293057555548,0.01795886029407076,0.13614163614163613,0.10003662109375,6.591796875e-05,0.0126416015625,0.06832475333622422,0.08399315613516155
17,1.35,1.58,0.95,sat_persistence,0.504325289117768,-0.027430862769899707,0.06905644412376659,0.06824347641299118,0.0008129677107754085,0.09645909645909646,0.10003662109375,6.591796875e-05,0.0126416015625,0.06832475333622422,0.08399315613516155
17,1.35,1.58,0.95,bright_persistence,0.5384674301440535,0.16998358524965845,0.07175624099270467,0.06794358035498761,0.003812660637717055,0.13614163614163613,0.10003662109375,6.591796875e-05,0.0126416015625,0.06832475333622422,0.08399315613516155
17,1.35,1.58,0.95,low_margin,0.6409670934253263,0.4896920323371887,0.07487892730418982,0.0675967093270334,0.007282217977156419,0.1617826617826618,0.10003662109375,6.591796875e-05,0.0126416015625,0.06832475333622422,0.08399315613516155
17,1.35,1.58,0.95,focus_entropy,0.38911741625117335,-0.32895007729530334,0.06231061782656366,0.06899280934902931,-0.006682191522465644,0.06288156288156288,0.10003662109375,6.591796875e-05,0.0126416015625,0.06832475333622422,0.08399315613516155
17,1.35,1.58,0.95,low_peak_strength,0.40012541867430684,-0.3439384996891022,0.06488410229655436,0.06870694419496416,-0.0038228418984097984,0.05860805860805861,0.10003662109375,6.591796875e-05,0.0126416015625,0.06832475333622422,0.08399315613516155
17,1.35,1.58,0.95,hybrid_confidence,0.5221286168298124,0.09195578843355179,0.06562839286451637,0.06862426767588632,-0.002995874811369953,0.08424908424908426,0.10003662109375,6.591796875e-05,0.0126416015625,0.06832475333622422,0.08399315613516155
17,1.35,1.58,0.95,hybrid_risk_confidence,0.5444580235365873,0.15030015477040415,0.07339836827685721,0.0677611712615764,0.005637197015280815,0.10500610500610501,0.10003662109375,6.591796875e-05,0.0126416015625,0.06832475333622422,0.08399315613516155
17,1.35,1.58,1.35,risk_mean,0.6501568354108517,0.17379430230745702,0.08501673649066392,0.06615054827094015,0.018866188219723773,0.14285714285714285,0.10003662109375,7.32421875e-05,0.01276611328125,0.0680367064926142,0.08373644922525934
17,1.35,1.58,1.35,risk_max,0.6493027387904732,0.20154615510595855,0.08328910917697364,0.06634245479066242,0.016946654386311225,0.1336996336996337,0.10003662109375,7.32421875e-05,0.01276611328125,0.0680367064926142,0.08373644922525934
17,1.35,1.58,1.35,sat_persistence,0.5046673663795609,-0.030723472783094997,0.06868324401238755,0.0679648884770582,0.0007183555353293541,0.09584859584859586,0.10003662109375,7.32421875e-05,0.01276611328125,0.0680367064926142,0.08373644922525934
17,1.35,1.58,1.35,bright_persistence,0.5361662395355992,0.15792724178832346,0.07020998617406646,0.06779529647510309,0.002414689698963371,0.1343101343101343,0.10003662109375,7.32421875e-05,0.01276611328125,0.0680367064926142,0.08373644922525934
17,1.35,1.58,1.35,low_margin,0.6381534696718322,0.48203450441360474,0.07283034628891846,0.0675042243288853,0.005326121960033167,0.15445665445665446,0.10003662109375,7.32421875e-05,0.01276611328125,0.0680367064926142,0.08373644922525934
17,1.35,1.58,1.35,focus_entropy,0.39063112985839604,-0.3257398009300232,0.061800232128596005,0.06872946012127701,-0.006929227992681003,0.0641025641025641,0.10003662109375,7.32421875e-05,0.01276611328125,0.0680367064926142,0.08373644922525934
17,1.35,1.58,1.35,low_peak_strength,0.4014500732505471,-0.3378433287143707,0.06417519117373667,0.06846564736419437,-0.004290456190457703,0.05982905982905983,0.10003662109375,7.32421875e-05,0.01276611328125,0.0680367064926142,0.08373644922525934
17,1.35,1.58,1.35,hybrid_confidence,0.5185333504640925,0.08221164345741272,0.06470019995971325,0.06840732887840639,-0.0037071289186931394,0.08302808302808302,0.10003662109375,7.32421875e-05,0.01276611328125,0.0680367064926142,0.08373644922525934
17,1.35,1.58,1.35,hybrid_risk_confidence,0.5394429730887773,0.13580464737023307,0.07233435597686506,0.06755931941440974,0.004775036562455329,0.1043956043956044,0.10003662109375,7.32421875e-05,0.01276611328125,0.0680367064926142,0.08373644922525934
17,1.35,1.58,1.75,risk_mean,0.6477444190034739,0.16770769712754152,0.08400935175401673,0.06602352026869114,0.017985831485325593,0.14163614163614163,0.10003662109375,7.32421875e-05,0.0129150390625,0.06782166431000972,0.08353876541940895
17,1.35,1.58,1.75,risk_max,0.6469893001029707,0.19515130388251095,0.08232343657689432,0.06621079336377636,0.016112643213117964,0.1330891330891331,0.10003662109375,7.32421875e-05,0.0129150390625,0.06782166431000972,0.08353876541940895
17,1.35,1.58,1.75,sat_persistence,0.5058441750556698,-0.046076775353650366,0.06845380179698425,0.06775144586408104,0.0007023559329032147,0.09523809523809523,0.10003662109375,7.32421875e-05,0.0129150390625,0.06782166431000972,0.08353876541940895
17,1.35,1.58,1.75,bright_persistence,0.5331400950591622,0.13948016066256885,0.06866121275176539,0.06772840645380493,0.0009328062979604562,0.12942612942612944,0.10003662109375,7.32421875e-05,0.0129150390625,0.06782166431000972,0.08353876541940895
17,1.35,1.58,1.75,low_margin,0.6367060860332382,0.4785652756690979,0.07290063204749787,0.06725748764148905,0.0056431444060088265,0.15323565323565325,0.10003662109375,7.32421875e-05,0.0129150390625,0.06782166431000972,0.08353876541940895
17,1.35,1.58,1.75,focus_entropy,0.3893471918692617,-0.3322875499725342,0.061965905357194366,0.06847212770107926,-0.006506222343884892,0.06532356532356533,0.10003662109375,7.32421875e-05,0.0129150390625,0.06782166431000972,0.08353876541940895
17,1.35,1.58,1.75,low_peak_strength,0.3994262437024288,-0.3443785011768341,0.06384220864418262,0.06826370610986221,-0.004421497465679589,0.05860805860805861,0.10003662109375,7.32421875e-05,0.0129150390625,0.06782166431000972,0.08353876541940895
17,1.35,1.58,1.75,hybrid_confidence,0.5141528829226399,0.06828954070806503,0.06476523551655342,0.06816117538851789,-0.0033959398719644734,0.08302808302808302,0.10003662109375,7.32421875e-05,0.0129150390625,0.06782166431000972,0.08353876541940895
17,1.35,1.58,1.75,hybrid_risk_confidence,0.5342249603851194,0.12018908785007408,0.0717055050935086,0.06739024350413889,0.0043152615893697205,0.10317460317460317,0.10003662109375,7.32421875e-05,0.0129150390625,0.06782166431000972,0.08353876541940895
23,0.65,1.18,0.95,risk_mean,0.4572622936472814,-0.25446644146421693,0.06510533445966163,0.06696206157959994,-0.0018567271199383117,0.04884004884004884,0.10003662109375,0.0,0.0,0.06677643419785806,0.08049752884143653
23,0.65,1.18,0.95,risk_max,0.4599969669452898,-0.23937010410365525,0.06560879435965046,0.06690613676499384,-0.0012973424053433769,0.05616605616605617,0.10003662109375,0.0,0.0,0.06677643419785806,0.08049752884143653
23,0.65,1.18,0.95,sat_persistence,0.49219046342220846,0.0,0.06597716579468597,0.06686521770826061,-0.0008880519135746334,0.0989010989010989,0.10003662109375,0.0,0.0,0.06677643419785806,0.08049752884143653
23,0.65,1.18,0.95,bright_persistence,0.49219046342220846,0.0,0.06597716579468597,0.06686521770826061,-0.0008880519135746334,0.0989010989010989,0.10003662109375,0.0,0.0,0.06677643419785806,0.08049752884143653
23,0.65,1.18,0.95,low_margin,0.6404952527314561,0.4894668161869049,0.07203682630468344,0.06619210473420827,0.005844721570475178,0.1575091575091575,0.10003662109375,0.0,0.0,0.06677643419785806,0.08049752884143653
23,0.65,1.18,0.95,focus_entropy,0.411446698822012,-0.2995833158493042,0.06802998495671449,0.06663718856222761,0.0013927963944868754,0.0641025641025641,0.10003662109375,0.0,0.0,0.06677643419785806,0.08049752884143653
23,0.65,1.18,0.95,low_peak_strength,0.3431759475864974,-0.5279732346534729,0.06499991663099544,0.06697377149438058,-0.0019738548633851383,0.023809523809523808,0.10003662109375,0.0,0.0,0.06677643419785806,0.08049752884143653
23,0.65,1.18,0.95,hybrid_confidence,0.5063311603337685,0.03836233168840408,0.07039894681507444,0.06637404197847652,0.004024904836597926,0.08547008547008547,0.10003662109375,0.0,0.0,0.06677643419785806,0.08049752884143653
23,0.65,1.18,0.95,hybrid_risk_confidence,0.4807799295363047,-0.07265085690486991,0.06427903935285392,0.06705384724248825,-0.0027748078896343287,0.05982905982905983,0.10003662109375,0.0,0.0,0.06677643419785806,0.08049752884143653
23,0.65,1.18,1.35,risk_mean,0.4473728387674874,-0.28444226931196437,0.0629027016859256,0.06761208688266547,-0.004709385196739871,0.03907203907203907,0.10003662109375,0.0,0.0,0.06714126333821602,0.08093219939754694
23,0.65,1.18,1.35,risk_max,0.4505656564277277,-0.27221086259458815,0.06432624106128555,0.067453958746436,-0.0031277176851504523,0.05067155067155067,0.10003662109375,0.0,0.0,0.06714126333821602,0.08093219939754694
23,0.65,1.18,1.35,sat_persistence,0.48988542459972884,0.0,0.06657916655891159,0.06720370159431942,-0.000624535035407825,0.10012210012210013,0.10003662109375,0.0,0.0,0.06714126333821602,0.08093219939754694
23,0.65,1.18,1.35,bright_persistence,0.48988542459972884,0.0,0.06657916655891159,0.06720370159431942,-0.000624535035407825,0.10012210012210013,0.10003662109375,0.0,0.0,0.06714126333821602,0.08093219939754694
23,0.65,1.18,1.35,low_margin,0.6374897148204446,0.4801063537597656,0.07354378869652117,0.0664300646038539,0.0071137240926672785,0.1575091575091575,0.10003662109375,0.0,0.0,0.06714126333821602,0.08093219939754694
23,0.65,1.18,1.35,focus_entropy,0.4213907321351319,-0.26684534549713135,0.06895625781091476,0.06693965198962788,0.0020166058212868765,0.0695970695970696,0.10003662109375,0.0,0.0,0.06714126333821602,0.08093219939754694
23,0.65,1.18,1.35,low_peak_strength,0.3468760674397439,-0.5180497765541077,0.06557835030325872,0.06731487323590081,-0.0017365229326420928,0.023809523809523808,0.10003662109375,0.0,0.0,0.06714126333821602,0.08093219939754694
23,0.65,1.18,1.35,hybrid_confidence,0.5108677908830844,0.054187435656785965,0.07149244151112505,0.06665793024129311,0.004834511269831934,0.08485958485958486,0.10003662109375,0.0,0.0,0.06714126333821602,0.08093219939754694
23,0.65,1.18,1.35,hybrid_risk_confidence,0.4809863262197235,-0.07127051543796488,0.0648208599044096,0.0673990160050121,-0.0025781561006024967,0.06288156288156288,0.10003662109375,0.0,0.0,0.06714126333821602,0.08093219939754694
23,0.65,1.18,1.75,risk_mean,0.4408599227336554,-0.30267754106622374,0.06168340852859984,0.06816732130080923,-0.006483912772209388,0.03540903540903541,0.10003662109375,0.0,0.0,0.06751908832223995,0.08134881162895231
23,0.65,1.18,1.75,risk_max,0.44355673457109274,-0.29846876002661893,0.06332291832658057,0.06798520296030383,-0.004662284633723257,0.045177045177045176,0.10003662109375,0.0,0.0,0.06751908832223995,0.08134881162895231
23,0.65,1.18,1.75,sat_persistence,0.4896722831971045,0.0,0.06672840268062817,0.06760691845115356,-0.0008785157705253899,0.09829059829059829,0.10003662109375,0.0,0.0,0.06751908832223995,0.08134881162895231
23,0.65,1.18,1.75,bright_persistence,0.4896722831971045,0.0,0.06672840268062817,0.06760691845115356,-0.0008785157705253899,0.09829059829059829,0.10003662109375,0.0,0.0,0.06751908832223995,0.08134881162895231
23,0.65,1.18,1.75,low_margin,0.6339769160950725,0.4696560502052307,0.07563001038177405,0.0666181192232628,0.009011891158511254,0.16056166056166057,0.10003662109375,0.0,0.0,0.06751908832223995,0.08134881162895231
23,0.65,1.18,1.75,focus_entropy,0.4262095650462996,-0.2513209581375122,0.07014556037742177,0.06722733725575494,0.002918223121666827,0.07142857142857142,0.10003662109375,0.0,0.0,0.06751908832223995,0.08134881162895231
23,0.65,1.18,1.75,low_peak_strength,0.3499162392769827,-0.5070734024047852,0.06645829133641155,0.06763692268157719,-0.0011786313451656316,0.027472527472527472,0.10003662109375,0.0,0.0,0.06751908832223995,0.08134881162895231
23,0.65,1.18,1.75,hybrid_confidence,0.5112951909117598,0.05639665201306343,0.07223660490580652,0.06699506199890602,0.005241542906900501,0.08669108669108669,0.10003662109375,0.0,0.0,0.06751908832223995,0.08134881162895231
23,0.65,1.18,1.75,hybrid_risk_confidence,0.47864640519914403,-0.0787851437391748,0.06505008858453282,0.06779334721077679,-0.0027432586262439718,0.05982905982905983,0.10003662109375,0.0,0.0,0.06751908832223995,0.08134881162895231
23,0.65,1.38,0.95,risk_mean,0.46719929259067766,-0.22058368832418063,0.06665815713725211,0.066257216272885,0.0004009408643671081,0.054945054945054944,0.10003662109375,0.0,2.44140625e-06,0.0662973005707264,0.07998728677651164
23,0.65,1.38,0.95,risk_max,0.4697839269203467,-0.20099315023650505,0.06738621214287245,0.06617634321583861,0.0012098689270338414,0.06227106227106227,0.10003662109375,0.0,2.44140625e-06,0.0662973005707264,0.07998728677651164
23,0.65,1.38,0.95,sat_persistence,0.4942359340018881,0.0,0.06557033802924336,0.06637805227579552,-0.0008077142465521547,0.10012210012210013,0.10003662109375,0.0,2.44140625e-06,0.0662973005707264,0.07998728677651164
23,0.65,1.38,0.95,bright_persistence,0.4941940588127101,-0.00868089591793066,0.06549187803736717,0.06638676768788647,-0.000894889650519301,0.0995115995115995,0.10003662109375,0.0,2.44140625e-06,0.0662973005707264,0.07998728677651164
23,0.65,1.38,0.95,low_margin,0.6405501208153,0.49384772777557373,0.07279005517361282,0.0655760790842536,0.007213976089359225,0.15445665445665446,0.10003662109375,0.0,2.44140625e-06,0.0662973005707264,0.07998728677651164
23,0.65,1.38,0.95,focus_entropy,0.4021407656001114,-0.33337846398353577,0.06685749067125835,0.06623507411035265,0.0006224165609056975,0.05616605616605617,0.10003662109375,0.0,2.44140625e-06,0.0662973005707264,0.07998728677651164
23,0.65,1.38,0.95,low_peak_strength,0.33804176801848634,-0.5448107719421387,0.06500662596935992,0.06644066995883424,-0.0014340439894743179,0.025030525030525032,0.10003662109375,0.0,2.44140625e-06,0.0662973005707264,0.07998728677651164
23,0.65,1.38,0.95,hybrid_confidence,0.5015275961427654,0.01784767024219036,0.06938201998071175,0.06595464694306086,0.0034273730376508937,0.07936507936507936,0.10003662109375,0.0,2.44140625e-06,0.0662973005707264,0.07998728677651164
23,0.65,1.38,0.95,hybrid_risk_confidence,0.4806327043158548,-0.07456462475696499,0.06400760339264575,0.06655164235681728,-0.0025440389641715327,0.054945054945054944,0.10003662109375,0.0,2.44140625e-06,0.0662973005707264,0.07998728677651164
23,0.65,1.38,1.35,risk_mean,0.4582996149096363,-0.2479894162873498,0.06555342949592166,0.06662586982122276,-0.0010724403253010995,0.04884004884004884,0.10003662109375,0.0,4.8828125e-06,0.06651865197131779,0.08022461816684344
23,0.65,1.38,1.35,risk_max,0.4610497638210365,-0.23075503825677157,0.06624289037977955,0.06654928383670092,-0.0003063934569213639,0.057387057387057384,0.10003662109375,0.0,4.8828125e-06,0.06651865197131779,0.08022461816684344
23,0.65,1.38,1.35,sat_persistence,0.49332514863726673,0.0,0.06565417979368943,0.06661467838030702,-0.0009604985866175919,0.0989010989010989,0.10003662109375,0.0,4.8828125e-06,0.06651865197131779,0.08022461816684344
23,0.65,1.38,1.35,bright_persistence,0.493273549466412,-0.012277130493826735,0.06551766784002742,0.06662984226068802,-0.0011121744206605971,0.09768009768009768,0.10003662109375,0.0,4.8828125e-06,0.06651865197131779,0.08022461816684344
23,0.65,1.38,1.35,low_margin,0.6413316392915893,0.4926583170890808,0.07317830033599938,0.06577889176371243,0.00739940857228695,0.15506715506715507,0.10003662109375,0.0,4.8828125e-06,0.06651865197131779,0.08022461816684344
23,0.65,1.38,1.35,focus_entropy,0.40800987128965444,-0.3156205117702484,0.06740962941076184,0.06641968133210652,0.0009899480786553227,0.05860805860805861,0.10003662109375,0.0,4.8828125e-06,0.06651865197131779,0.08022461816684344
23,0.65,1.38,1.35,low_peak_strength,0.34172074338391667,-0.5335131287574768,0.0651385979557965,0.06667194971154727,-0.0015333517557507698,0.025030525030525032,0.10003662109375,0.0,4.8828125e-06,0.06651865197131779,0.08022461816684344
23,0.65,1.38,1.35,hybrid_confidence,0.5032157207404874,0.026824183762073517,0.07053109596724286,0.06607294579572269,0.004458150171520167,0.08547008547008547,0.10003662109375,0.0,4.8828125e-06,0.06651865197131779,0.08022461816684344
23,0.65,1.38,1.35,hybrid_risk_confidence,0.47894201424211597,-0.07849742504598503,0.06409286693038592,0.06678811052937057,-0.0026952435989846535,0.056776556776556776,0.10003662109375,0.0,4.8828125e-06,0.06651865197131779,0.08022461816684344
23,0.65,1.38,1.75,risk_mean,0.4501451666328396,-0.27002793782912266,0.06422632961501705,0.06707792130198746,-0.0028515916869704117,0.04212454212454213,0.10003662109375,0.0,1.220703125e-05,0.06679283175222808,0.08055911794158142
23,0.65,1.38,1.75,risk_max,0.4531369668335674,-0.25541039324342335,0.06520196693543241,0.06696954656098378,-0.001767579625551366,0.05311355311355311,0.10003662109375,0.0,1.220703125e-05,0.06679283175222808,0.08055911794158142
23,0.65,1.38,1.75,sat_persistence,0.49123887871319033,0.0,0.06588260757738781,0.06689394033749788,-0.001011332760110062,0.0989010989010989,0.10003662109375,0.0,1.220703125e-05,0.06679283175222808,0.08055911794158142
23,0.65,1.38,1.75,bright_persistence,0.4911392389349881,-0.014469253591510071,0.06577322154805954,0.06690609104386162,-0.0011328694958020885,0.09768009768009768,0.10003662109375,0.0,1.220703125e-05,0.06679283175222808,0.08055911794158142
23,0.65,1.38,1.75,low_margin,0.639222528355234,0.48601630330085754,0.0722450427621024,0.06618719485855021,0.0060578479035521965,0.1514041514041514,0.10003662109375,0.0,1.220703125e-05,0.06679283175222808,0.08055911794158142
23,0.65,1.38,1.75,focus_entropy,0.41553379176734606,-0.28988009691238403,0.06840835233463216,0.06661337815708514,0.0017949741775470235,0.0641025641025641,0.10003662109375,0.0,1.220703125e-05,0.06679283175222808,0.08055911794158142
23,0.65,1.38,1.75,low_peak_strength,0.34389539809463754,-0.5259264707565308,0.06565249669831487,0.06691950127740848,-0.0012670045790936085,0.026251526251526252,0.10003662109375,0.0,1.220703125e-05,0.06679283175222808,0.08055911794158142
23,0.65,1.38,1.75,hybrid_confidence,0.5068790549779442,0.04089285060763359,0.07039681771491431,0.06639249749162318,0.004004320223291127,0.0811965811965812,0.10003662109375,0.0,1.220703125e-05,0.06679283175222808,0.08055911794158142
23,0.65,1.38,1.75,hybrid_risk_confidence,0.47908369472407786,-0.07615681613164399,0.06471480402086965,0.06702366109062258,-0.002308857069752923,0.06105006105006105,0.10003662109375,0.0,1.220703125e-05,0.06679283175222808,0.08055911794158142
23,0.65,1.58,0.95,risk_mean,0.48086475575944193,-0.17879747647453198,0.07024344015997076,0.06578423092984187,0.004459209230128894,0.0641025641025641,0.10003662109375,0.0002734375,0.018994140625,0.06623004298544191,0.07990145799809616
23,0.65,1.58,0.95,risk_max,0.48303469330458343,-0.15682499484613002,0.07001560700147601,0.0658095388583387,0.004206068143137301,0.06898656898656899,0.10003662109375,0.0002734375,0.018994140625,0.06623004298544191,0.07990145799809616
23,0.65,1.58,0.95,sat_persistence,0.48944354204515195,-0.07789161438056438,0.06312440997600087,0.0665750197160444,-0.0034506097400435337,0.08852258852258853,0.10003662109375,0.0002734375,0.018994140625,0.06623004298544191,0.07990145799809616
23,0.65,1.58,0.95,bright_persistence,0.40462691875365037,-0.34474809235545933,0.04983733082230401,0.06805096137166325,-0.01821363054935924,0.04700854700854701,0.10003662109375,0.0002734375,0.018994140625,0.06623004298544191,0.07990145799809616
23,0.65,1.58,0.95,low_margin,0.6535601048617633,0.5286849737167358,0.07494839140151578,0.06526160037690203,0.009686791024613756,0.16666666666666666,0.10003662109375,0.0002734375,0.018994140625,0.06623004298544191,0.07990145799809616
23,0.65,1.58,0.95,focus_entropy,0.39641905064559996,-0.35192856192588806,0.06766404903806049,0.06607075220053826,0.0015932968375222262,0.051892551892551896,0.10003662109375,0.0002734375,0.018994140625,0.06623004298544191,0.07990145799809616
23,0.65,1.58,0.95,low_peak_strength,0.3375728652084418,-0.5460671186447144,0.06539224647913006,0.06632310623495627,-0.0009308597558262133,0.027472527472527472,0.10003662109375,0.0002734375,0.018994140625,0.06623004298544191,0.07990145799809616
23,0.65,1.58,0.95,hybrid_confidence,0.504919486466183,0.027792982757091522,0.07019164090073539,0.06578998484186055,0.004401656058874839,0.07692307692307693,0.10003662109375,0.0002734375,0.018994140625,0.06623004298544191,0.07990145799809616
23,0.65,1.58,0.95,hybrid_risk_confidence,0.48724823939036016,-0.05283962954107833,0.06541327685263953,0.06632077016064403,-0.0009074933080044922,0.057387057387057384,0.10003662109375,0.0002734375,0.018994140625,0.06623004298544191,0.07990145799809616
23,0.65,1.58,1.35,risk_mean,0.4755121383221911,-0.1945338731394858,0.06868056194788799,0.06615440489657284,0.0025261570513151477,0.06043956043956044,0.10003662109375,0.0002783203125,0.01924560546875,0.06640695892794822,0.08007224243492443
23,0.65,1.58,1.35,risk_max,0.47811158620692507,-0.17209528929689216,0.06922825147099854,0.06609356701247851,0.003134684458520026,0.06776556776556776,0.10003662109375,0.0002783203125,0.01924560546875,0.06640695892794822,0.08007224243492443
23,0.65,1.58,1.35,sat_persistence,0.4900288843634444,-0.07881964147761931,0.0638987957406676,0.06668556813049574,-0.002786772389828135,0.09157509157509157,0.10003662109375,0.0002783203125,0.01924560546875,0.06640695892794822,0.08007224243492443
23,0.65,1.58,1.35,bright_persistence,0.3991191313960265,-0.3671379974273833,0.04971684156667687,0.06826091337239162,-0.018544071805714754,0.04456654456654457,0.10003662109375,0.0002783203125,0.01924560546875,0.06640695892794822,0.08007224243492443
23,0.65,1.58,1.35,low_margin,0.6513352578541324,0.5216145515441895,0.07482747261204138,0.0654716000906673,0.009355872521374084,0.16361416361416362,0.10003662109375,0.0002783203125,0.01924560546875,0.06640695892794822,0.08007224243492443
23,0.65,1.58,1.35,focus_entropy,0.3986578008780962,-0.3458961844444275,0.06735621985895313,0.06630151410189465,0.0010547057570584745,0.05067155067155067,0.10003662109375,0.0002783203125,0.01924560546875,0.06640695892794822,0.08007224243492443
23,0.65,1.58,1.35,low_peak_strength,0.3378033028848571,-0.5459117889404297,0.06543059670097696,0.0665154141922761,-0.001084817491299142,0.026251526251526252,0.10003662109375,0.0002783203125,0.01924560546875,0.06640695892794822,0.08007224243492443
23,0.65,1.58,1.35,hybrid_confidence,0.504439163149999,0.026304321363568306,0.07021625712560961,0.06598381838490135,0.004232438740708264,0.07509157509157509,0.10003662109375,0.0002783203125,0.01924560546875,0.06640695892794822,0.08007224243492443
23,0.65,1.58,1.35,hybrid_risk_confidence,0.4853913726765632,-0.05976254724685884,0.06537793562651069,0.06652126383556756,-0.001143328209056868,0.056776556776556776,0.10003662109375,0.0002783203125,0.01924560546875,0.06640695892794822,0.08007224243492443
23,0.65,1.58,1.75,risk_mean,0.4662073637023626,-0.2258945047237501,0.06745282393151926,0.06647672865085874,0.0009760952806605189,0.052503052503052504,0.10003662109375,0.00029541015625,0.0194970703125,0.0665743143484736,0.08027532758988806
23,0.65,1.58,1.75,risk_max,0.4691579507722393,-0.20460478690677297,0.0682620974903345,0.06638683375805125,0.00187526373228325,0.06288156288156288,0.10003662109375,0.00029541015625,0.0194970703125,0.0665743143484736,0.08027532758988806
23,0.65,1.58,1.75,sat_persistence,0.4927478337761883,-0.081996333675361,0.06399229600746294,0.066861127453219,-0.0028688314457560593,0.0927960927960928,0.10003662109375,0.00029541015625,0.0194970703125,0.0665743143484736,0.08027532758988806
23,0.65,1.58,1.75,bright_persistence,0.3931092969333665,-0.392955714500059,0.049935322662996516,0.06842258970320109,-0.01848726704020457,0.043345543345543344,0.10003662109375,0.00029541015625,0.0194970703125,0.0665743143484736,0.08027532758988806
23,0.65,1.58,1.75,low_margin,0.6466399815782271,0.5087282657623291,0.07351791690953442,0.06580301223298346,0.007714904676550963,0.15873015873015872,0.10003662109375,0.00029541015625,0.0194970703125,0.0665743143484736,0.08027532758988806
23,0.65,1.58,1.75,focus_entropy,0.40143765965691725,-0.3371364176273346,0.06785412203433393,0.06643215206789317,0.001421969966440756,0.05311355311355311,0.10003662109375,0.00029541015625,0.0194970703125,0.0665743143484736,0.08027532758988806
23,0.65,1.58,1.75,low_peak_strength,0.337219615712382,-0.5488595366477966,0.06572253276656868,0.06666893107376591,-0.0009463983071972271,0.02442002442002442,0.10003662109375,0.00029541015625,0.0194970703125,0.0665743143484736,0.08027532758988806
23,0.65,1.58,1.75,hybrid_confidence,0.5026384886366998,0.023836877197027206,0.07094868534726056,0.06608840496992939,0.004860280377331175,0.07875457875457875,0.10003662109375,0.00029541015625,0.0194970703125,0.0665743143484736,0.08027532758988806
23,0.65,1.58,1.75,hybrid_risk_confidence,0.4809449475742907,-0.07470869805997511,0.0657079190885126,0.06667055437531588,-0.0009626352868032789,0.05616605616605617,0.10003662109375,0.00029541015625,0.0194970703125,0.0665743143484736,0.08027532758988806
23,1.0,1.18,0.95,risk_mean,0.5140100438386059,-0.1201160639193682,0.07059831630683168,0.06442816965897259,0.006170146647859087,0.06776556776556776,0.10003662109375,0.0,0.0,0.06504503368541259,0.08085349525901059
23,1.0,1.18,0.95,risk_max,0.5143963548723666,-0.11941173604146756,0.0708641738065438,0.06439863794972747,0.006465535856816335,0.06654456654456654,0.10003662109375,0.0,0.0,0.06504503368541259,0.08085349525901059
23,1.0,1.18,0.95,sat_persistence,0.4980048665424894,0.0,0.06576819725218441,0.06496470397414363,0.0008034932780407872,0.11294261294261294,0.10003662109375,0.0,0.0,0.06504503368541259,0.08085349525901059
23,1.0,1.18,0.95,bright_persistence,0.4980048665424894,0.0,0.06576819725218441,0.06496470397414363,0.0008034932780407872,0.11294261294261294,0.10003662109375,0.0,0.0,0.06504503368541259,0.08085349525901059
23,1.0,1.18,0.95,low_margin,0.6317334486969968,0.4642254412174225,0.07066314723885429,0.0644209681760855,0.006242179062768791,0.14407814407814407,0.10003662109375,0.0,0.0,0.06504503368541259,0.08085349525901059
23,1.0,1.18,0.95,focus_entropy,0.4505241122677132,-0.16671939194202423,0.06432592041490122,0.06512491348583967,-0.0007989930709384474,0.09035409035409035,0.10003662109375,0.0,0.0,0.06504503368541259,0.08085349525901059
23,1.0,1.18,0.95,low_peak_strength,0.37645046117534803,-0.4413488209247589,0.06072978045061689,0.06552437620532278,-0.004794595754705894,0.02564102564102564,0.10003662109375,0.0,0.0,0.06504503368541259,0.08085349525901059
23,1.0,1.18,0.95,hybrid_confidence,0.5367146721021655,0.14228345453739166,0.0670676091867533,0.06482036403457875,0.0022472451521745457,0.10744810744810745,0.10003662109375,0.0,0.0,0.06504503368541259,0.08085349525901059
23,1.0,1.18,0.95,hybrid_risk_confidence,0.5261823172082821,0.06761541740934728,0.06562867508558146,0.06498020223190137,0.0006484728536800821,0.07631257631257632,0.10003662109375,0.0,0.0,0.06504503368541259,0.08085349525901059
23,1.0,1.18,1.35,risk_mean,0.5052823358079832,-0.13747471334672678,0.06959521074845301,0.06458877941480484,0.00500643133364817,0.06471306471306472,0.10003662109375,0.0,0.0,0.06508930032084217,0.08093829086590347
23,1.0,1.18,1.35,risk_max,0.5057847139421828,-0.13674814796485107,0.06999733088748256,0.06454411151925822,0.005453219368224335,0.06471306471306472,0.10003662109375,0.0,0.0,0.06508930032084217,0.08093829086590347
23,1.0,1.18,1.35,sat_persistence,0.49647998070099975,0.0,0.06544954803980528,0.0650492836543793,0.0004002643854259802,0.10927960927960928,0.10003662109375,0.0,0.0,0.06508930032084217,0.08093829086590347
23,1.0,1.18,1.35,bright_persistence,0.49647998070099975,0.0,0.06544954803980528,0.0650492836543793,0.0004002643854259802,0.10927960927960928,0.10003662109375,0.0,0.0,0.06508930032084217,0.08093829086590347
23,1.0,1.18,1.35,low_margin,0.6287502138758736,0.4544633626937866,0.0710278940885687,0.0644296355580905,0.006598258530478199,0.14285714285714285,0.10003662109375,0.0,0.0,0.06508930032084217,0.08093829086590347
23,1.0,1.18,1.35,focus_entropy,0.4542728934079887,-0.1568763107061386,0.06521704649754297,0.06507511015147856,0.00014193634606440853,0.09096459096459096,0.10003662109375,0.0,0.0,0.06508930032084217,0.08093829086590347
23,1.0,1.18,1.35,low_peak_strength,0.3760708121035021,-0.4434506595134735,0.0611035318410757,0.06553204335419749,-0.004428511513121791,0.0231990231990232,0.10003662109375,0.0,0.0,0.06508930032084217,0.08093829086590347
23,1.0,1.18,1.35,hybrid_confidence,0.5343211657357506,0.13418275117874146,0.06844711768248794,0.06471631070749782,0.0037308069749901196,0.10805860805860806,0.10003662109375,0.0,0.0,0.06508930032084217,0.08093829086590347
23,1.0,1.18,1.35,hybrid_risk_confidence,0.522152492308227,0.055053116930088145,0.06546350863955318,0.065047732897402,0.00041577574215118096,0.07387057387057387,0.10003662109375,0.0,0.0,0.06508930032084217,0.08093829086590347
23,1.0,1.18,1.75,risk_mean,0.4969754072227667,-0.16838217227824898,0.06820951298502588,0.06477343745143112,0.0034360755335947624,0.05860805860805861,0.10003662109375,0.0,0.0,0.06511696111622775,0.08102590706693598
23,1.0,1.18,1.75,risk_max,0.49780000086895154,-0.16112748293256643,0.06919051234862815,0.06466446708946308,0.004526045259165071,0.061660561660561664,0.10003662109375,0.0,0.0,0.06511696111622775,0.08102590706693598
23,1.0,1.18,1.75,sat_persistence,0.49533263362043906,0.0,0.06537743417940196,0.06508802751542216,0.00028940666397980763,0.10744810744810745,0.10003662109375,0.0,0.0,0.06511696111622775,0.08102590706693598
23,1.0,1.18,1.75,bright_persistence,0.49533263362043906,0.0,0.06537743417940196,0.06508802751542216,0.00028940666397980763,0.10744810744810745,0.10003662109375,0.0,0.0,0.06511696111622775,0.08102590706693598
23,1.0,1.18,1.75,low_margin,0.6271565153470292,0.4471754729747772,0.0723049230450072,0.0643185153248714,0.0079864077201358,0.15262515262515264,0.10003662109375,0.0,0.0,0.06511696111622775,0.08102590706693598
23,1.0,1.18,1.75,focus_entropy,0.45732353404252196,-0.14694182574748993,0.06550692526701861,0.06507364351965951,0.00043328174735909886,0.09218559218559219,0.10003662109375,0.0,0.0,0.06511696111622775,0.08102590706693598
23,1.0,1.18,1.75,low_peak_strength,0.3768928402736701,-0.43905511498451233,0.06120052219873749,0.06555200295447874,-0.004351480755741252,0.025030525030525032,0.10003662109375,0.0,0.0,0.06511696111622775,0.08102590706693598
23,1.0,1.18,1.75,hybrid_confidence,0.5318799911697971,0.12910200655460358,0.06880173187426704,0.06470765320210403,0.004094078672163007,0.10989010989010989,0.10003662109375,0.0,0.0,0.06511696111622775,0.08102590706693598
23,1.0,1.18,1.75,hybrid_risk_confidence,0.5183458638216365,0.04262270407871395,0.06501045675692256,0.06512879172388691,-0.00011833496696435353,0.06837606837606838,0.10003662109375,0.0,0.0,0.06511696111622775,0.08102590706693598
23,1.0,1.38,0.95,risk_mean,0.5209295464424606,-0.09546678794657706,0.07258390770711134,0.06413287158650126,0.008451036120610086,0.07326007326007326,0.10003662109375,0.0,0.0,0.06497776887443824,0.08072368174880286
23,1.0,1.38,0.95,risk_max,0.5212145211735563,-0.0952017176010905,0.07279995215301253,0.06410887315964746,0.008691078993365076,0.07020757020757021,0.10003662109375,0.0,0.0,0.06497776887443824,0.08072368174880286
23,1.0,1.38,0.95,sat_persistence,0.49852085825103637,0.0,0.06609742155540191,0.06485339676732997,0.0012440247880719374,0.11477411477411477,0.10003662109375,0.0,0.0,0.06497776887443824,0.08072368174880286
23,1.0,1.38,0.95,bright_persistence,0.49852085825103637,0.0,0.06609742155540191,0.06485339676732997,0.0012440247880719374,0.11477411477411477,0.10003662109375,0.0,0.0,0.06497776887443824,0.08072368174880286
23,1.0,1.38,0.95,low_margin,0.6363787395692193,0.47751033306121826,0.07194698767945414,0.06420362128169335,0.007743366397760784,0.15506715506715507,0.10003662109375,0.0,0.0,0.06497776887443824,0.08072368174880286
23,1.0,1.38,0.95,focus_entropy,0.4458136914075794,-0.18269455432891846,0.06350538380189488,0.06514132283814542,-0.0016359390362505333,0.08669108669108669,0.10003662109375,0.0,0.0,0.06497776887443824,0.08072368174880286
23,1.0,1.38,0.95,low_peak_strength,0.3774408590537821,-0.4377565383911133,0.06073876255801741,0.06544864181261112,-0.004709879254593707,0.026862026862026864,0.10003662109375,0.0,0.0,0.06497776887443824,0.08072368174880286
23,1.0,1.38,0.95,hybrid_confidence,0.5377484348010132,0.14565886557102203,0.06681789317882302,0.06477336607974256,0.0020445270990804565,0.10256410256410256,0.10003662109375,0.0,0.0,0.06497776887443824,0.08072368174880286
23,1.0,1.38,0.95,hybrid_risk_confidence,0.529171262282475,0.0798745631489059,0.06697424550684766,0.06475599831131015,0.0022182471955375094,0.08241758241758242,0.10003662109375,0.0,0.0,0.06497776887443824,0.08072368174880286
23,1.0,1.38,1.35,risk_mean,0.516377564415689,-0.10762384293693905,0.07151724168855947,0.06423838624121923,0.007278855447340235,0.0695970695970696,0.10003662109375,0.0,0.0,0.06496609407952145,0.08075296313147846
23,1.0,1.38,1.35,risk_max,0.516772606343636,-0.10879215678943245,0.07178756500680329,0.06420835846451482,0.007579206542288469,0.06837606837606838,0.10003662109375,0.0,0.0,0.06496609407952145,0.08075296313147846
23,1.0,1.38,1.35,sat_persistence,0.4997327560184723,0.0,0.06591535733186338,0.06486064899561149,0.0010547083362518889,0.11355311355311355,0.10003662109375,0.0,0.0,0.06496609407952145,0.08075296313147846
23,1.0,1.38,1.35,bright_persistence,0.4997327560184723,0.0,0.06591535733186338,0.06486064899561149,0.0010547083362518889,0.11355311355311355,0.10003662109375,0.0,0.0,0.06496609407952145,0.08075296313147846
23,1.0,1.38,1.35,low_margin,0.6335730191370028,0.4686507284641266,0.07228805273925043,0.06415276380116554,0.008135288938084892,0.14835164835164835,0.10003662109375,0.0,0.0,0.06496609407952145,0.08075296313147846
23,1.0,1.38,1.35,focus_entropy,0.4462144849672416,-0.18462081253528595,0.06414081542220947,0.06505776683421269,-0.0009169514120032224,0.0873015873015873,0.10003662109375,0.0,0.0,0.06496609407952145,0.08075296313147846
23,1.0,1.38,1.35,low_peak_strength,0.37510466211129156,-0.44638216495513916,0.06045058374743518,0.06546768135227049,-0.005017097604835312,0.023809523809523808,0.10003662109375,0.0,0.0,0.06496609407952145,0.08075296313147846
23,1.0,1.38,1.35,hybrid_confidence,0.5336620039140061,0.13057364523410797,0.06703855833203289,0.06473588273776004,0.0023026755942728433,0.10378510378510379,0.10003662109375,0.0,0.0,0.06496609407952145,0.08075296313147846
23,1.0,1.38,1.35,hybrid_risk_confidence,0.5240192898969278,0.06234217495574695,0.06624781060541937,0.06482371976313593,0.0014240908422834403,0.07387057387057387,0.10003662109375,0.0,0.0,0.06496609407952145,0.08075296313147846
23,1.0,1.38,1.75,risk_mean,0.5090008691584473,-0.1318896867951091,0.07004985705932247,0.06435225551236116,0.005697601546961306,0.06471306471306472,0.10003662109375,0.0,0.0,0.06492187656545703,0.08074188908250644
23,1.0,1.38,1.75,risk_max,0.5096970648678542,-0.12956707926054703,0.07066894835331587,0.06428348625021812,0.006385462103097747,0.06654456654456654,0.10003662109375,0.0,0.0,0.06492187656545703,0.08074188908250644
23,1.0,1.38,1.75,sat_persistence,0.49689943602975206,0.0,0.06555861238032289,0.06485114733280069,0.0007074650475221989,0.1105006105006105,0.10003662109375,0.0,0.0,0.06492187656545703,0.08074188908250644
23,1.0,1.38,1.75,bright_persistence,0.49689943602975206,0.0,0.06555861238032289,0.06485114733280069,0.0007074650475221989,0.1105006105006105,0.10003662109375,0.0,0.0,0.06492187656545703,0.08074188908250644
23,1.0,1.38,1.75,low_margin,0.6329350431817199,0.4666840136051178,0.07102036125939419,0.06424445096335007,0.006775910296044116,0.1452991452991453,0.10003662109375,0.0,0.0,0.06492187656545703,0.08074188908250644
23,1.0,1.38,1.75,focus_entropy,0.446888460344051,-0.18482659757137299,0.0646739769162089,0.06494941349923353,-0.0002754365830246325,0.08485958485958486,0.10003662109375,0.0,0.0,0.06492187656545703,0.08074188908250644
23,1.0,1.38,1.75,low_peak_strength,0.3758594913612767,-0.44403234124183655,0.060699178937835475,0.06539093791864053,-0.004691758980805059,0.0231990231990232,0.10003662109375,0.0,0.0,0.06492187656545703,0.08074188908250644
23,1.0,1.38,1.75,hybrid_confidence,0.5304233387146262,0.1210322231054306,0.06742127113230494,0.06464424138978249,0.0027770297425224466,0.10561660561660562,0.10003662109375,0.0,0.0,0.06492187656545703,0.08074188908250644
23,1.0,1.38,1.75,hybrid_risk_confidence,0.5189793708832127,0.04687416929115389,0.06553976070682896,0.06485324139499946,0.0006865193118295032,0.07142857142857142,0.10003662109375,0.0,0.0,0.06492187656545703,0.08074188908250644
23,1.0,1.58,0.95,risk_mean,0.529105097828428,-0.09057527075790679,0.07502960591156779,0.064031811870482,0.010997794041085793,0.07326007326007326,0.10003662109375,0.0001025390625,0.01493896484375,0.06513132277375949,0.08075803733371491
23,1.0,1.58,0.95,risk_max,0.5292977154229177,-0.0892577686085438,0.07475848837848682,0.0640619278693418,0.010696560509145026,0.0695970695970696,0.10003662109375,0.0001025390625,0.01493896484375,0.06513132277375949,0.08075803733371491
23,1.0,1.58,0.95,sat_persistence,0.49742126212730514,-0.05381983462274102,0.06585008916834595,0.06505148150464701,0.0007986076636989359,0.11538461538461539,0.10003662109375,0.0001025390625,0.01493896484375,0.06513132277375949,0.08075803733371491
23,1.0,1.58,0.95,bright_persistence,0.43284049297690597,-0.27705477537447953,0.05230609615293638,0.06655596140151673,-0.014249865248580351,0.054334554334554336,0.10003662109375,0.0001025390625,0.01493896484375,0.06513132277375949,0.08075803733371491
23,1.0,1.58,0.95,low_margin,0.6403083867686816,0.48987239599227905,0.07289435957425308,0.06426899710719171,0.008625362467061373,0.15567765567765568,0.10003662109375,0.0001025390625,0.01493896484375,0.06513132277375949,0.08075803733371491
23,1.0,1.58,0.95,focus_entropy,0.43574457044931625,-0.21297195553779602,0.06341286649077643,0.06532221056648471,-0.0019093440757082802,0.08302808302808302,0.10003662109375,0.0001025390625,0.01493896484375,0.06513132277375949,0.08075803733371491
23,1.0,1.58,0.95,low_peak_strength,0.37527721106274636,-0.4452138841152191,0.06073020086400861,0.06562020366947169,-0.004890002805463076,0.028083028083028084,0.10003662109375,0.0001025390625,0.01493896484375,0.06513132277375949,0.08075803733371491
23,1.0,1.58,0.95,hybrid_confidence,0.5376030302409623,0.1420101672410965,0.0671108651244119,0.06491143328709405,0.0021994318373178556,0.10134310134310134,0.10003662109375,0.0001025390625,0.01493896484375,0.06513132277375949,0.08075803733371491
23,1.0,1.58,0.95,hybrid_risk_confidence,0.5298298034245381,0.07696425890454513,0.0678178903659741,0.06483289623666147,0.0029849941293126347,0.0757020757020757,0.10003662109375,0.0001025390625,0.01493896484375,0.06513132277375949,0.08075803733371491
23,1.0,1.58,1.35,risk_mean,0.5257851649694181,-0.09258499189427143,0.07407335508759058,0.06406189838401095,0.010011456703579627,0.07387057387057387,0.10003662109375,0.000107421875,0.01511962890625,0.06506279963403924,0.0807204818179918
23,1.0,1.58,1.35,risk_max,0.525962224193225,-0.09203781142092796,0.07389484521397378,0.06408172743412519,0.009813117779848599,0.0695970695970696,0.10003662109375,0.000107421875,0.01511962890625,0.06506279963403924,0.0807204818179918
23,1.0,1.58,1.35,sat_persistence,0.49787340658594936,-0.054080996670868985,0.06584402428830904,0.06497602044078724,0.0008680038475218088,0.11477411477411477,0.10003662109375,0.000107421875,0.01511962890625,0.06506279963403924,0.0807204818179918
23,1.0,1.58,1.35,bright_persistence,0.4287360623791356,-0.2932404332757727,0.05126456595600526,0.06659552083060913,-0.01533095487460387,0.051892551892551896,0.10003662109375,0.000107421875,0.01511962890625,0.06506279963403924,0.0807204818179918
23,1.0,1.58,1.35,low_margin,0.6372725596892133,0.48141610622406006,0.07214005692626993,0.0642766510212172,0.007863405905052731,0.14652014652014653,0.10003662109375,0.000107421875,0.01511962890625,0.06506279963403924,0.0807204818179918
23,1.0,1.58,1.35,focus_entropy,0.439560881538938,-0.2032666951417923,0.06395276468960749,0.06518610339363365,-0.0012333387040261573,0.08608058608058608,0.10003662109375,0.000107421875,0.01511962890625,0.06506279963403924,0.0807204818179918
23,1.0,1.58,1.35,low_peak_strength,0.3757287348417091,-0.44311824440956116,0.060981859221442336,0.06551611445811585,-0.004534255236673515,0.027472527472527472,0.10003662109375,0.000107421875,0.01511962890625,0.06506279963403924,0.0807204818179918
23,1.0,1.58,1.35,hybrid_confidence,0.5351068220765832,0.13636989891529083,0.0671177969448741,0.06483452853712161,0.0022832684077524895,0.10195360195360195,0.10003662109375,0.000107421875,0.01511962890625,0.06506279963403924,0.0807204818179918
23,1.0,1.58,1.35,hybrid_risk_confidence,0.5268884024139474,0.07148964772934163,0.06770586761585286,0.0647692050759075,0.002936662539945359,0.07692307692307693,0.10003662109375,0.000107421875,0.01511962890625,0.06506279963403924,0.0807204818179918
23,1.0,1.58,1.75,risk_mean,0.5223505718839139,-0.08834054899096486,0.07304066980783838,0.06415304833818586,0.008887621469652524,0.07387057387057387,0.10003662109375,0.00011474609375,0.01528564453125,0.06504159350220506,0.08073597268568
23,1.0,1.58,1.75,risk_max,0.5226403051592343,-0.09097698688007032,0.07318524921580698,0.06413698831714608,0.009048260898660898,0.07020757020757021,0.10003662109375,0.00011474609375,0.01528564453125,0.06504159350220506,0.08073597268568
23,1.0,1.58,1.75,sat_persistence,0.4964897460613219,-0.05611465653332345,0.06536956119999546,0.06500516253184153,0.00036439866815392297,0.11233211233211234,0.10003662109375,0.00011474609375,0.01528564453125,0.06504159350220506,0.08073597268568
23,1.0,1.58,1.75,bright_persistence,0.42560220928863696,-0.30301867486491896,0.050263135584337246,0.06668319895924206,-0.016420063374904814,0.047619047619047616,0.10003662109375,0.00011474609375,0.01528564453125,0.06504159350220506,0.08073597268568
23,1.0,1.58,1.75,low_margin,0.6359751322616678,0.47675374150276184,0.07139921108583895,0.06433538316706386,0.007063827918775092,0.1446886446886447,0.10003662109375,0.00011474609375,0.01528564453125,0.06504159350220506,0.08073597268568
23,1.0,1.58,1.75,focus_entropy,0.4428852832916547,-0.19561654329299927,0.06370562345934548,0.06518999435194087,-0.0014843708925953852,0.08424908424908426,0.10003662109375,0.00011474609375,0.01528564453125,0.06504159350220506,0.08073597268568
23,1.0,1.58,1.75,low_peak_strength,0.37704999636902387,-0.43878868222236633,0.06076960235655873,0.06551613042724025,-0.004746528070681516,0.028083028083028084,0.10003662109375,0.00011474609375,0.01528564453125,0.06504159350220506,0.08073597268568
23,1.0,1.58,1.75,hybrid_confidence,0.5337649126051974,0.13177083432674408,0.06710678884179286,0.06481218959835014,0.0022945992434427187,0.10134310134310134,0.10003662109375,0.00011474609375,0.01528564453125,0.06504159350220506,0.08073597268568
23,1.0,1.58,1.75,hybrid_risk_confidence,0.5250547077415928,0.06843892608062974,0.06676885069913634,0.06484972809541181,0.001919122603724524,0.07631257631257632,0.10003662109375,0.00011474609375,0.01528564453125,0.06504159350220506,0.08073597268568
23,1.35,1.18,0.95,risk_mean,0.59676323821831,0.07128166397684303,0.0801471242767316,0.06472532084620453,0.01542180343052707,0.11660561660561661,0.10003662109375,0.0,0.0,0.06626712468038441,0.08263452783939564
23,1.35,1.18,0.95,risk_max,0.5959149346082921,0.0745994247691854,0.07862669946197585,0.06489421111112857,0.013732488350847283,0.10683760683760683,0.10003662109375,0.0,0.0,0.06626712468038441,0.08263452783939564
23,1.35,1.18,0.95,sat_persistence,0.4965107664132018,0.0,0.06689377943116973,0.06619751526211598,0.0006962641690537452,0.10073260073260074,0.10003662109375,0.0,0.0,0.06626712468038441,0.08263452783939564
23,1.35,1.18,0.95,bright_persistence,0.4965107664132018,0.0,0.06689377943116973,0.06619751526211598,0.0006962641690537452,0.10073260073260074,0.10003662109375,0.0,0.0,0.06626712468038441,0.08263452783939564
23,1.35,1.18,0.95,low_margin,0.6333679879488833,0.46144500374794006,0.07151920588091142,0.06568371840027705,0.005835487480634366,0.1568986568986569,0.10003662109375,0.0,0.0,0.06626712468038441,0.08263452783939564
23,1.35,1.18,0.95,focus_entropy,0.4242950992580602,-0.2187923640012741,0.06327573466571002,0.06659941118818563,-0.003323676522475616,0.08485958485958486,0.10003662109375,0.0,0.0,0.06626712468038441,0.08263452783939564
23,1.35,1.18,0.95,low_peak_strength,0.40233127288368403,-0.34044507145881653,0.06825037792530382,0.0660468229839801,0.0022035549413237238,0.05128205128205128,0.10003662109375,0.0,0.0,0.06626712468038441,0.08263452783939564
23,1.35,1.18,0.95,hybrid_confidence,0.5340695008142283,0.1339333951473236,0.06735162104689613,0.06614665777082615,0.0012049632760699758,0.11233211233211234,0.10003662109375,0.0,0.0,0.06626712468038441,0.08263452783939564
23,1.35,1.18,0.95,hybrid_risk_confidence,0.5440876432813183,0.13855368214656025,0.07061009974836949,0.0657847027923226,0.00482539695604689,0.10317460317460317,0.10003662109375,0.0,0.0,0.06626712468038441,0.08263452783939564
23,1.35,1.18,1.35,risk_mean,0.5903574514975035,0.052234376164698,0.07882623450769094,0.06476312152553589,0.014063112982155054,0.11416361416361416,0.10003662109375,0.0,0.0,0.0661690894860321,0.08260235531850339
23,1.35,1.18,1.35,risk_max,0.5896745383332805,0.06066724120779372,0.07734052181473194,0.06492815593426143,0.01241236588047051,0.1043956043956044,0.10003662109375,0.0,0.0,0.0661690894860321,0.08260235531850339
23,1.35,1.18,1.35,sat_persistence,0.49657167577927885,0.0,0.06690782650733297,0.0660870298603105,0.0008207966470224759,0.10195360195360195,0.10003662109375,0.0,0.0,0.0661690894860321,0.08260235531850339
23,1.35,1.18,1.35,bright_persistence,0.49657167577927885,0.0,0.06690782650733297,0.0660870298603105,0.0008207966470224759,0.10195360195360195,0.10003662109375,0.0,0.0,0.0661690894860321,0.08260235531850339
23,1.35,1.18,1.35,low_margin,0.6339884607371482,0.4627578854560852,0.07289541366192225,0.06542192286456812,0.0074734907973541265,0.1581196581196581,0.10003662109375,0.0,0.0,0.0661690894860321,0.08260235531850339
23,1.35,1.18,1.35,focus_entropy,0.4275271024955254,-0.21336711943149567,0.06331453317142517,0.06648617637354913,-0.0031716432021239582,0.08363858363858363,0.10003662109375,0.0,0.0,0.0661690894860321,0.08260235531850339
23,1.35,1.18,1.35,low_peak_strength,0.40290507055990066,-0.34001481533050537,0.06788730446163631,0.06597822849796485,0.0019090759636714583,0.05128205128205128,0.10003662109375,0.0,0.0,0.0661690894860321,0.08260235531850339
23,1.35,1.18,1.35,hybrid_confidence,0.5337120720749797,0.1324017494916916,0.06703013827353257,0.06607344335054277,0.0009566949229898036,0.10805860805860806,0.10003662109375,0.0,0.0,0.0661690894860321,0.08260235531850339
23,1.35,1.18,1.35,hybrid_risk_confidence,0.5418579549721718,0.13149642008743248,0.07036401949784651,0.06570311258657788,0.004660906911268636,0.10378510378510379,0.10003662109375,0.0,0.0,0.0661690894860321,0.08260235531850339
23,1.35,1.18,1.75,risk_mean,0.5809436027683141,0.012056205216619795,0.07682115732155709,0.06487605460778904,0.011945102713768044,0.10500610500610501,0.10003662109375,0.0,0.0,0.06607027325068164,0.08256758075773622
23,1.35,1.18,1.75,risk_max,0.5805421057716796,0.023415034052565804,0.07515966619776585,0.06506061465531178,0.010099051542454066,0.09401709401709402,0.10003662109375,0.0,0.0,0.06607027325068164,0.08256758075773622
23,1.35,1.18,1.75,sat_persistence,0.4957706265823453,0.0,0.06651954307829347,0.06602036792193972,0.0004991751563537539,0.10256410256410256,0.10003662109375,0.0,0.0,0.06607027325068164,0.08256758075773622
23,1.35,1.18,1.75,bright_persistence,0.4957706265823453,0.0,0.06651954307829347,0.06602036792193972,0.0004991751563537539,0.10256410256410256,0.10003662109375,0.0,0.0,0.06607027325068164,0.08256758075773622
23,1.35,1.18,1.75,low_margin,0.6351080841252689,0.46507152915000916,0.0732317249437483,0.06527477224205264,0.007956952701695663,0.163003663003663,0.10003662109375,0.0,0.0,0.06607027325068164,0.08256758075773622
23,1.35,1.18,1.75,focus_entropy,0.4306184183385191,-0.2087755799293518,0.06337343863411458,0.06636984025881515,-0.002996401624700565,0.08424908424908426,0.10003662109375,0.0,0.0,0.06607027325068164,0.08256758075773622
23,1.35,1.18,1.75,low_peak_strength,0.40302184109731204,-0.34100285172462463,0.06788754944288261,0.06586840844647539,0.0020191409964072232,0.05311355311355311,0.10003662109375,0.0,0.0,0.06607027325068164,0.08256758075773622
23,1.35,1.18,1.75,hybrid_confidence,0.5335974118484854,0.13131235539913177,0.06643052728215909,0.06603025588301853,0.00040027139914056153,0.10622710622710622,0.10003662109375,0.0,0.0,0.06607027325068164,0.08256758075773622
23,1.35,1.18,1.75,hybrid_risk_confidence,0.5387646529541974,0.11693679073721001,0.06919099263618876,0.06572362071077516,0.0034673719254136037,0.09462759462759462,0.10003662109375,0.0,0.0,0.06607027325068164,0.08256758075773622
23,1.35,1.38,0.95,risk_mean,0.6033184018491289,0.09197575539324089,0.08259624590286749,0.06470740152426842,0.01788884437859907,0.12148962148962149,0.10003662109375,0.0,0.0,0.06649584922276361,0.08280683908598133
23,1.35,1.38,0.95,risk_max,0.6022520327776802,0.09424684779928508,0.08096327283842995,0.06488879375806392,0.016074479080366036,0.11172161172161173,0.10003662109375,0.0,0.0,0.06649584922276361,0.08280683908598133
23,1.35,1.38,0.95,sat_persistence,0.498819115527316,0.0,0.06717325002541492,0.06642060288377385,0.000752647141641069,0.10012210012210013,0.10003662109375,0.0,0.0,0.06649584922276361,0.08280683908598133
23,1.35,1.38,0.95,bright_persistence,0.498819115527316,0.0,0.06717325002541492,0.06642060288377385,0.000752647141641069,0.10012210012210013,0.10003662109375,0.0,0.0,0.06649584922276361,0.08280683908598133
23,1.35,1.38,0.95,low_margin,0.6358394516832936,0.4686647355556488,0.07253170219886873,0.06582538081269577,0.006706321386172956,0.1568986568986569,0.10003662109375,0.0,0.0,0.06649584922276361,0.08280683908598133
23,1.35,1.38,0.95,focus_entropy,0.4205776831310228,-0.23330210149288177,0.06391502229291304,0.06678252998440033,-0.0028675076914872893,0.08180708180708181,0.10003662109375,0.0,0.0,0.06649584922276361,0.08280683908598133
23,1.35,1.38,0.95,low_peak_strength,0.401780771384846,-0.34225448966026306,0.06865868950678974,0.0662555988236564,0.002403090683133338,0.05128205128205128,0.10003662109375,0.0,0.0,0.06649584922276361,0.08280683908598133
23,1.35,1.38,0.95,hybrid_confidence,0.5333081337382648,0.12773345410823822,0.06739287947864447,0.06639620623082458,0.000996673247819893,0.10805860805860806,0.10003662109375,0.0,0.0,0.06649584922276361,0.08280683908598133
23,1.35,1.38,0.95,hybrid_risk_confidence,0.5439942930572219,0.14037454527346757,0.07168964826393763,0.0659189169815156,0.005770731282422031,0.10073260073260074,0.10003662109375,0.0,0.0,0.06649584922276361,0.08280683908598133
23,1.35,1.38,1.35,risk_mean,0.5978694135466651,0.07453937450335747,0.08093767504926135,0.06464805382770397,0.016289621221557374,0.115995115995116,0.10003662109375,0.0,0.0,0.06627661825402911,0.0826254200420675
23,1.35,1.38,1.35,risk_max,0.5969872208260377,0.07650648897748077,0.07938645700139574,0.06482036463486551,0.014566092366530226,0.10683760683760683,0.10003662109375,0.0,0.0,0.06627661825402911,0.0826254200420675
23,1.35,1.38,1.35,sat_persistence,0.49657680673131255,0.0,0.06684593493115237,0.06621337800466469,0.0006325569264876846,0.10073260073260074,0.10003662109375,0.0,0.0,0.06627661825402911,0.0826254200420675
23,1.35,1.38,1.35,bright_persistence,0.49657680673131255,0.0,0.06684593493115237,0.06621337800466469,0.0006325569264876846,0.10073260073260074,0.10003662109375,0.0,0.0,0.06627661825402911,0.0826254200420675
23,1.35,1.38,1.35,low_margin,0.6339000345718583,0.46357250213623047,0.07227888110763156,0.06560988106738862,0.006669000040242942,0.15445665445665446,0.10003662109375,0.0,0.0,0.06627661825402911,0.0826254200420675
23,1.35,1.38,1.35,focus_entropy,0.4225969610281435,-0.22956690192222595,0.06334231595706089,0.06660256340270902,-0.0032602474456481373,0.08058608058608059,0.10003662109375,0.0,0.0,0.06627661825402911,0.0826254200420675
23,1.35,1.38,1.35,low_peak_strength,0.403225672304714,-0.3369811177253723,0.06829351662539594,0.06605257922430588,0.0022409374010900623,0.051892551892551896,0.10003662109375,0.0,0.0,0.06627661825402911,0.0826254200420675
23,1.35,1.38,1.35,hybrid_confidence,0.531061687077718,0.12184528261423111,0.06754963989908241,0.06613520977345151,0.0014144301256309028,0.10989010989010989,0.10003662109375,0.0,0.0,0.06627661825402911,0.0826254200420675
23,1.35,1.38,1.35,hybrid_risk_confidence,0.540234381061325,0.12810483613186366,0.07095119260396779,0.06575736199570825,0.0051938306082595365,0.10134310134310134,0.10003662109375,0.0,0.0,0.06627661825402911,0.0826254200420675
23,1.35,1.38,1.75,risk_mean,0.5911027636590391,0.04846390066590715,0.0797305943528869,0.06465168232382851,0.015078912029058394,0.11233211233211234,0.10003662109375,0.0,0.0,0.06615920538923363,0.08255239949006714
23,1.35,1.38,1.75,risk_max,0.5905062904851253,0.05829191602542561,0.07837107249342688,0.0648026993322237,0.013568373161203184,0.10317460317460317,0.10003662109375,0.0,0.0,0.06615920538923363,0.08255239949006714
23,1.35,1.38,1.75,sat_persistence,0.4973273739808181,0.0,0.06687980521922235,0.06607916046033621,0.0008006447588861376,0.10256410256410256,0.10003662109375,0.0,0.0,0.06615920538923363,0.08255239949006714
23,1.35,1.38,1.75,bright_persistence,0.4973273739808181,0.0,0.06687980521922235,0.06607916046033621,0.0008006447588861376,0.10256410256410256,0.10003662109375,0.0,0.0,0.06615920538923363,0.08255239949006714
23,1.35,1.38,1.75,low_margin,0.6346413330047869,0.46470731496810913,0.0718464532069664,0.06552746037869205,0.006318992828274361,0.15262515262515264,0.10003662109375,0.0,0.0,0.06615920538923363,0.08255239949006714
23,1.35,1.38,1.75,focus_entropy,0.42323224737147325,-0.2319115400314331,0.06360917544598861,0.06644246519169093,-0.002833289745702322,0.08058608058608059,0.10003662109375,0.0,0.0,0.06615920538923363,0.08255239949006714
23,1.35,1.38,1.75,low_peak_strength,0.40364885171155523,-0.336560994386673,0.06811021243062441,0.06594248563243192,0.002167726798192493,0.05128205128205128,0.10003662109375,0.0,0.0,0.06615920538923363,0.08255239949006714
23,1.35,1.38,1.75,hybrid_confidence,0.5291499522800771,0.11510435491800308,0.06790450077403712,0.06596533628301444,0.001939164491022674,0.10805860805860806,0.10003662109375,0.0,0.0,0.06615920538923363,0.08255239949006714
23,1.35,1.38,1.75,hybrid_risk_confidence,0.5368484492628498,0.11522223132755831,0.07131844911205709,0.06558611158630506,0.005732337525752029,0.1043956043956044,0.10003662109375,0.0,0.0,0.06615920538923363,0.08255239949006714
23,1.35,1.58,0.95,risk_mean,0.6092901679579907,0.1112401934952477,0.08512602862065359,0.06483903679810339,0.0202869918225502,0.12637362637362637,0.10003662109375,3.662109375e-05,0.01197509765625,0.06686724069247212,0.0831238599264436
23,1.35,1.58,0.95,risk_max,0.608323604179326,0.11672431690179863,0.08358198565817349,0.06501055058981249,0.018571435068360995,0.11660561660561661,0.10003662109375,3.662109375e-05,0.01197509765625,0.06686724069247212,0.0831238599264436
23,1.35,1.58,0.95,sat_persistence,0.49755830820097857,-0.03363613815898167,0.06712941666782742,0.06683811793052774,0.00029129873729967504,0.0989010989010989,0.10003662109375,3.662109375e-05,0.01197509765625,0.06686724069247212,0.0831238599264436
23,1.35,1.58,0.95,bright_persistence,0.49350138028816504,-0.007617248565902215,0.06166969877890746,0.06744458869562002,-0.005774889916712558,0.10378510378510379,0.10003662109375,3.662109375e-05,0.01197509765625,0.06686724069247212,0.0831238599264436
23,1.35,1.58,0.95,low_margin,0.6421438193441443,0.487046480178833,0.07360266373024463,0.06611906336059424,0.007483600369650387,0.16727716727716727,0.10003662109375,3.662109375e-05,0.01197509765625,0.06686724069247212,0.0831238599264436
23,1.35,1.58,0.95,focus_entropy,0.4198412259996098,-0.23159518837928772,0.06362576164305364,0.06722730733311687,-0.0036015456900632264,0.08180708180708181,0.10003662109375,3.662109375e-05,0.01197509765625,0.06686724069247212,0.0831238599264436
23,1.35,1.58,0.95,low_peak_strength,0.4000118342925938,-0.34805604815483093,0.06860844339393692,0.06667382620549266,0.0019346171884442598,0.050061050061050064,0.10003662109375,3.662109375e-05,0.01197509765625,0.06686724069247212,0.0831238599264436
23,1.35,1.58,0.95,hybrid_confidence,0.5380488437668554,0.1446145921945572,0.06696905884215228,0.06685593063352895,0.00011312820862333095,0.10561660561660562,0.10003662109375,3.662109375e-05,0.01197509765625,0.06686724069247212,0.0831238599264436
23,1.35,1.58,0.95,hybrid_risk_confidence,0.5498122961196554,0.16241839009016842,0.07268308637376458,0.06622121090636354,0.00646187546740104,0.10195360195360195,0.10003662109375,3.662109375e-05,0.01197509765625,0.06686724069247212,0.0831238599264436
23,1.35,1.58,1.35,risk_mean,0.6046763248562972,0.08977469739134403,0.08376464451113448,0.06482373614995614,0.018940908361178344,0.12087912087912088,0.10003662109375,4.39453125e-05,0.01211181640625,0.06671736456155343,0.08298383983555767
23,1.35,1.58,1.35,risk_max,0.6036648238686924,0.09609506059941442,0.08222219003575737,0.06499507349097523,0.017227116544782137,0.11172161172161173,0.10003662109375,4.39453125e-05,0.01211181640625,0.06671736456155343,0.08298383983555767
23,1.35,1.58,1.35,sat_persistence,0.49753861196575255,-0.03684994670574778,0.06695003238738222,0.06669151959351413,0.0002585127938680848,0.0989010989010989,0.10003662109375,4.39453125e-05,0.01211181640625,0.06671736456155343,0.08298383983555767
23,1.35,1.58,1.35,bright_persistence,0.49104046810834007,-0.020726048637727677,0.06076885387357891,0.06737813090543668,-0.00660927703185777,0.10256410256410256,0.10003662109375,4.39453125e-05,0.01211181640625,0.06671736456155343,0.08298383983555767
23,1.35,1.58,1.35,low_margin,0.6383974381653039,0.475927472114563,0.07285044741503126,0.06603609576228607,0.0068143516527451875,0.15934065934065933,0.10003662109375,4.39453125e-05,0.01211181640625,0.06671736456155343,0.08298383983555767
23,1.35,1.58,1.35,focus_entropy,0.4199732238785404,-0.23452487587928772,0.06359267315410874,0.067064458317514,-0.0034717851634052527,0.08058608058608059,0.10003662109375,4.39453125e-05,0.01211181640625,0.06671736456155343,0.08298383983555767
23,1.35,1.58,1.35,low_peak_strength,0.40182016385529806,-0.34166499972343445,0.06851903949253703,0.06651723276059378,0.002001806731943251,0.04945054945054945,0.10003662109375,4.39453125e-05,0.01211181640625,0.06671736456155343,0.08298383983555767
23,1.35,1.58,1.35,hybrid_confidence,0.5338896692211773,0.13029229640960693,0.06764855476053633,0.06661392704996154,0.0010346277105747897,0.10622710622710622,0.10003662109375,4.39453125e-05,0.01211181640625,0.06671736456155343,0.08298383983555767
23,1.35,1.58,1.35,hybrid_risk_confidence,0.5444539270506895,0.14142229178577456,0.07254406259552096,0.06607012928557088,0.006473933309950081,0.10073260073260074,0.10003662109375,4.39453125e-05,0.01211181640625,0.06671736456155343,0.08298383983555767
23,1.35,1.58,1.75,risk_mean,0.6030334271180332,0.08303120852906966,0.08281489598677133,0.06470362961899033,0.018111266367781,0.11965811965811966,0.10003662109375,4.638671875e-05,0.01222412109375,0.06651431408617936,0.0827979046502357
23,1.35,1.58,1.75,risk_max,0.6021789580898459,0.09080434191244842,0.08131649049458338,0.06487007395618033,0.01644641653840305,0.1105006105006105,0.10003662109375,4.638671875e-05,0.01222412109375,0.06651431408617936,0.0827979046502357
23,1.35,1.58,1.75,sat_persistence,0.4977508430381774,-0.03786088556974421,0.0666419076624144,0.06650014086782367,0.00014176679459072805,0.10073260073260074,0.10003662109375,4.638671875e-05,0.01222412109375,0.06651431408617936,0.0827979046502357
23,1.35,1.58,1.75,bright_persistence,0.4903313208829127,-0.02469154872750512,0.06049420890683478,0.06718303321569018,-0.006688824308855396,0.10317460317460317,0.10003662109375,4.638671875e-05,0.01222412109375,0.06651431408617936,0.0827979046502357
23,1.35,1.58,1.75,low_margin,0.6364788345125213,0.4706151783466339,0.07224844238695573,0.06587736154605515,0.006371080840900573,0.15567765567765568,0.10003662109375,4.638671875e-05,0.01222412109375,0.06651431408617936,0.0827979046502357
23,1.35,1.58,1.75,focus_entropy,0.4200543260235887,-0.2378011792898178,0.06350226773714532,0.06684889511966084,-0.003346627382515524,0.07936507936507936,0.10003662109375,4.638671875e-05,0.01222412109375,0.06651431408617936,0.0827979046502357
23,1.35,1.58,1.75,low_peak_strength,0.4025472280341978,-0.33881059288978577,0.06865485147250122,0.06627654111460775,0.0023783103578934733,0.051892551892551896,0.10003662109375,4.638671875e-05,0.01222412109375,0.06651431408617936,0.0827979046502357
23,1.35,1.58,1.75,hybrid_confidence,0.5307466714500381,0.11966337263584137,0.06793932016386732,0.066356023027231,0.0015832971366363247,0.10500610500610501,0.10003662109375,4.638671875e-05,0.01222412109375,0.06651431408617936,0.0827979046502357
23,1.35,1.58,1.75,hybrid_risk_confidence,0.5406519329723875,0.12973402354763197,0.07198950693965224,0.06590612434699664,0.0060833825926556034,0.0995115995115995,0.10003662109375,4.638671875e-05,0.01222412109375,0.06651431408617936,0.0827979046502357
31,0.65,1.18,0.95,risk_mean,0.4595881459284137,-0.23087715381545268,0.06467574812768377,0.06852883279011258,-0.003853084662428813,0.0463980463980464,0.10003662109375,0.0,0.0,0.06814361839331946,0.08163539909952044
31,0.65,1.18,0.95,risk_max,0.46221163480614413,-0.211114514778211,0.0657855891600288,0.06840555057046106,-0.0026199614104322616,0.0641025641025641,0.10003662109375,0.0,0.0,0.06814361839331946,0.08163539909952044
31,0.65,1.18,0.95,sat_persistence,0.49273819255180246,0.0,0.06629384516308078,0.06834909300006915,-0.0020552478369883775,0.09218559218559219,0.10003662109375,0.0,0.0,0.06814361839331946,0.08163539909952044
31,0.65,1.18,0.95,bright_persistence,0.49273819255180246,0.0,0.06629384516308078,0.06834909300006915,-0.0020552478369883775,0.09218559218559219,0.10003662109375,0.0,0.0,0.06814361839331946,0.08163539909952044
31,0.65,1.18,0.95,low_margin,0.6390781168826736,0.4947691559791565,0.07429708197640653,0.06746008568281514,0.006836996293591385,0.14652014652014653,0.10003662109375,0.0,0.0,0.06814361839331946,0.08163539909952044
31,0.65,1.18,0.95,focus_entropy,0.38523742342623046,-0.37983545660972595,0.06960680515660649,0.06798108618673705,0.001625718969869433,0.06471306471306472,0.10003662109375,0.0,0.0,0.06814361839331946,0.08163539909952044
31,0.65,1.18,0.95,low_peak_strength,0.35146855916039416,-0.511387825012207,0.06257518734905339,0.06876216512128011,-0.006186977772226723,0.013431013431013432,0.10003662109375,0.0,0.0,0.06814361839331946,0.08163539909952044
31,0.65,1.18,0.95,hybrid_confidence,0.49464649292187235,0.003962400369346142,0.07221486430561112,0.0676913804437512,0.0045234838618599255,0.0873015873015873,0.10003662109375,0.0,0.0,0.06814361839331946,0.08163539909952044
31,0.65,1.18,0.95,hybrid_risk_confidence,0.4713791564590721,-0.09479720385906693,0.06564662416496862,0.06842098693706276,-0.002774362772094141,0.06349206349206349,0.10003662109375,0.0,0.0,0.06814361839331946,0.08163539909952044
31,0.65,1.18,1.35,risk_mean,0.45273799393430436,-0.24904128214530644,0.06352090295833113,0.06877970253061065,-0.005258799572279524,0.04395604395604396,0.10003662109375,0.0,0.0,0.06825395096204415,0.08178970185113654
31,0.65,1.18,1.35,risk_max,0.45545752264808437,-0.22914902489726402,0.06471228231858481,0.0686473629543123,-0.003935080635727492,0.06105006105006105,0.10003662109375,0.0,0.0,0.06825395096204415,0.08178970185113654
31,0.65,1.18,1.35,sat_persistence,0.49064161934501327,0.0,0.06627032133767807,0.0684742944670429,-0.0022039731293648224,0.09035409035409035,0.10003662109375,0.0,0.0,0.06825395096204415,0.08178970185113654
31,0.65,1.18,1.35,bright_persistence,0.49064161934501327,0.0,0.06627032133767807,0.0684742944670429,-0.0022039731293648224,0.09035409035409035,0.10003662109375,0.0,0.0,0.06825395096204415,0.08178970185113654
31,0.65,1.18,1.35,low_margin,0.6331937010943204,0.47593310475349426,0.07395592415084831,0.06762057024298396,0.006335353907864355,0.14652014652014653,0.10003662109375,0.0,0.0,0.06825395096204415,0.08178970185113654
31,0.65,1.18,1.35,focus_entropy,0.39237776386076,-0.3570021986961365,0.06984435321258387,0.06807728753559737,0.0017670656769864929,0.06776556776556776,0.10003662109375,0.0,0.0,0.06825395096204415,0.08178970185113654
31,0.65,1.18,1.35,low_peak_strength,0.3521853614352266,-0.5087990760803223,0.06249726552564809,0.06889340917069847,-0.006396143645050381,0.01221001221001221,0.10003662109375,0.0,0.0,0.06825395096204415,0.08178970185113654
31,0.65,1.18,1.35,hybrid_confidence,0.49422273421399504,0.005416543688625097,0.07196425631285402,0.06784180664055854,0.004122449672295483,0.08913308913308914,0.10003662109375,0.0,0.0,0.06825395096204415,0.08178970185113654
31,0.65,1.18,1.35,hybrid_risk_confidence,0.469954324182239,-0.0991711760851562,0.06459874300291377,0.0686599750117563,-0.004061232008842536,0.061660561660561664,0.10003662109375,0.0,0.0,0.06825395096204415,0.08178970185113654
31,0.65,1.18,1.75,risk_mean,0.44935951029200705,-0.25758679807064294,0.0625106630079074,0.06921537437135669,-0.006704711363449287,0.042735042735042736,0.10003662109375,0.0,0.0,0.06854506692425402,0.08212309166035618
31,0.65,1.18,1.75,risk_max,0.45225162933588725,-0.23961797207137886,0.06394696522698193,0.06905582852605327,-0.005108863299071342,0.059218559218559216,0.10003662109375,0.0,0.0,0.06854506692425402,0.08212309166035618
31,0.65,1.18,1.75,sat_persistence,0.49366362595690705,0.0,0.06661842016640808,0.06875908071710304,-0.0021406605506949644,0.08974358974358974,0.10003662109375,0.0,0.0,0.06854506692425402,0.08212309166035618
31,0.65,1.18,1.75,bright_persistence,0.49366362595690705,0.0,0.06661842016640808,0.06875908071710304,-0.0021406605506949644,0.08974358974358974,0.10003662109375,0.0,0.0,0.06854506692425402,0.08212309166035618
31,0.65,1.18,1.75,low_margin,0.6353052947494016,0.47732260823249817,0.07518461344577616,0.06780753964890794,0.007377073796868222,0.15873015873015872,0.10003662109375,0.0,0.0,0.06854506692425402,0.08212309166035618
31,0.65,1.18,1.75,focus_entropy,0.3986001190463629,-0.33732253313064575,0.07074542708745402,0.06830064878053223,0.002444778306921788,0.07081807081807082,0.10003662109375,0.0,0.0,0.06854506692425402,0.08212309166035618
31,0.65,1.18,1.75,low_peak_strength,0.35442220825003296,-0.5030344128608704,0.06271813256856469,0.06919232845108293,-0.006474195882518241,0.01282051282051282,0.10003662109375,0.0,0.0,0.06854506692425402,0.08212309166035618
31,0.65,1.18,1.75,hybrid_confidence,0.49871186207835416,0.021702462807297707,0.07211406357311902,0.06814861931060687,0.003965444262512149,0.08974358974358974,0.10003662109375,0.0,0.0,0.06854506692425402,0.08212309166035618
31,0.65,1.18,1.75,hybrid_risk_confidence,0.4727837131996431,-0.08907413131046117,0.06506661538083047,0.0689314566996594,-0.0038648413188289293,0.06776556776556776,0.10003662109375,0.0,0.0,0.06854506692425402,0.08212309166035618
31,0.65,1.38,0.95,risk_mean,0.4636156122456791,-0.214273999458685,0.06690770437832866,0.06792040520240734,-0.0010127008240786856,0.05067155067155067,0.10003662109375,0.0,0.0,0.06781915984414069,0.0812979657303048
31,0.65,1.38,0.95,risk_max,0.4663718851966034,-0.19424015946427725,0.06812282972272488,0.06778542789913045,0.00033740182359442983,0.06837606837606838,0.10003662109375,0.0,0.0,0.06781915984414069,0.0812979657303048
31,0.65,1.38,0.95,sat_persistence,0.4967710794716195,0.0,0.06637525845983513,0.06797954981209758,-0.0016042913522624491,0.09523809523809523,0.10003662109375,0.0,0.0,0.06781915984414069,0.0812979657303048
31,0.65,1.38,0.95,bright_persistence,0.4967710794716195,0.0,0.06637525845983513,0.06797954981209758,-0.0016042913522624491,0.09523809523809523,0.10003662109375,0.0,0.0,0.06781915984414069,0.0812979657303048
31,0.65,1.38,0.95,low_margin,0.6425515645162392,0.5086318254470825,0.0739091376619187,0.06714267919409862,0.006766458467820077,0.14713064713064714,0.10003662109375,0.0,0.0,0.06781915984414069,0.0812979657303048
31,0.65,1.38,0.95,focus_entropy,0.3815053178800644,-0.3936094045639038,0.06977098775936436,0.06760234890387645,0.0021686388554879032,0.061660561660561664,0.10003662109375,0.0,0.0,0.06781915984414069,0.0812979657303048
31,0.65,1.38,0.95,low_peak_strength,0.35009710533616945,-0.517620325088501,0.06234624375395924,0.06842709667824602,-0.006080852924286784,0.0115995115995116,0.10003662109375,0.0,0.0,0.06781915984414069,0.0812979657303048
31,0.65,1.38,0.95,hybrid_confidence,0.4941338942622508,-0.0004460033087525517,0.07241914003963774,0.06730818957693438,0.005110950462703365,0.08424908424908426,0.10003662109375,0.0,0.0,0.06781915984414069,0.0812979657303048
31,0.65,1.38,0.95,hybrid_risk_confidence,0.47299755803923976,-0.09126275586235748,0.06700634623488555,0.06790944796918882,-0.0009031017343032743,0.06227106227106227,0.10003662109375,0.0,0.0,0.06781915984414069,0.0812979657303048
31,0.65,1.38,1.35,risk_mean,0.45908990565875735,-0.2313539727823761,0.06545747264968076,0.06829469492992712,-0.002837222280246368,0.0463980463980464,0.10003662109375,0.0,0.0,0.06801104197002455,0.08148815961568932
31,0.65,1.38,1.35,risk_max,0.4621374842735286,-0.20784420978058488,0.0670095263839597,0.06812229129390726,-0.001112764909947564,0.06654456654456654,0.10003662109375,0.0,0.0,0.06801104197002455,0.08148815961568932
31,0.65,1.38,1.35,sat_persistence,0.4933834097700361,0.0,0.06643191126883512,0.06818645334182358,-0.0017545420729884603,0.09340659340659341,0.10003662109375,0.0,0.0,0.06801104197002455,0.08148815961568932
31,0.65,1.38,1.35,bright_persistence,0.4933834097700361,0.0,0.06643191126883512,0.06818645334182358,-0.0017545420729884603,0.09340659340659341,0.10003662109375,0.0,0.0,0.06801104197002455,0.08148815961568932
31,0.65,1.38,1.35,low_margin,0.6391089853521664,0.4971463680267334,0.0743553931630335,0.0673063052784371,0.007049087884596392,0.14652014652014653,0.10003662109375,0.0,0.0,0.06801104197002455,0.08148815961568932
31,0.65,1.38,1.35,focus_entropy,0.3838593490187365,-0.38779187202453613,0.06921751532749067,0.06787702573785791,0.0013404895896327595,0.06105006105006105,0.10003662109375,0.0,0.0,0.06801104197002455,0.08148815961568932
31,0.65,1.38,1.35,low_peak_strength,0.3507481155647637,-0.5140475630760193,0.06283801445812268,0.06858566688962955,-0.005747652431506878,0.01282051282051282,0.10003662109375,0.0,0.0,0.06801104197002455,0.08148815961568932
31,0.65,1.38,1.35,hybrid_confidence,0.4937289628380454,-0.0005751393618993461,0.07180650745950942,0.06758943797763502,0.004217069481874405,0.0811965811965812,0.10003662109375,0.0,0.0,0.06801104197002455,0.08148815961568932
31,0.65,1.38,1.35,hybrid_risk_confidence,0.4715312229810376,-0.09537986988192845,0.06610637331725135,0.06822261441361893,-0.0021162410963675854,0.05982905982905983,0.10003662109375,0.0,0.0,0.06801104197002455,0.08148815961568932
31,0.65,1.38,1.75,risk_mean,0.4528641160455835,-0.2494874037372296,0.06450610250414299,0.06866401414710525,-0.004157911642962267,0.042735042735042736,0.10003662109375,0.0,0.0,0.06824832449432376,0.08172521388922524
31,0.65,1.38,1.75,risk_max,0.4558743297435289,-0.22661353276963747,0.06586193974947281,0.06851340642922582,-0.002651466679753009,0.06227106227106227,0.10003662109375,0.0,0.0,0.06824832449432376,0.08172521388922524
31,0.65,1.38,1.75,sat_persistence,0.49370579079660304,0.0,0.06620835896308216,0.06847492584656666,-0.0022665668834844915,0.09157509157509157,0.10003662109375,0.0,0.0,0.06824832449432376,0.08172521388922524
31,0.65,1.38,1.75,bright_persistence,0.49370579079660304,0.0,0.06620835896308216,0.06847492584656666,-0.0022665668834844915,0.09157509157509157,0.10003662109375,0.0,0.0,0.06824832449432376,0.08172521388922524
31,0.65,1.38,1.75,low_margin,0.6368619593905835,0.48829999566078186,0.07574940695752021,0.06741509696992963,0.008334309987590577,0.15079365079365079,0.10003662109375,0.0,0.0,0.06824832449432376,0.08172521388922524
31,0.65,1.38,1.75,focus_entropy,0.38586882017688956,-0.38244277238845825,0.06971881625055414,0.06808498084203124,0.0016338354085228962,0.06349206349206349,0.10003662109375,0.0,0.0,0.06824832449432376,0.08172521388922524
31,0.65,1.38,1.75,low_peak_strength,0.35095699496690846,-0.5129742622375488,0.06294808557425768,0.068837080180684,-0.0058889946064263204,0.01221001221001221,0.10003662109375,0.0,0.0,0.06824832449432376,0.08172521388922524
31,0.65,1.38,1.75,hybrid_confidence,0.49138006265140705,-0.007555782794952393,0.07129547136815885,0.06790984446046087,0.003385626907697975,0.0811965811965812,0.10003662109375,0.0,0.0,0.06824832449432376,0.08172521388922524
31,0.65,1.38,1.75,hybrid_risk_confidence,0.46755767303877116,-0.1088051870757306,0.06611160300694749,0.06848567359213484,-0.002374070585187349,0.0641025641025641,0.10003662109375,0.0,0.0,0.06824832449432376,0.08172521388922524
31,0.65,1.58,0.95,risk_mean,0.47090313652201315,-0.1831737255057954,0.06988336375384506,0.06739850575567796,0.0024848579981670976,0.057997557997558,0.10003662109375,0.0001806640625,0.01932373046875,0.06764693089001622,0.08109729348765653
31,0.65,1.58,0.95,risk_max,0.473083915272258,-0.16738465455004478,0.07031516717261295,0.06735054061259227,0.0029646265600206806,0.07448107448107448,0.10003662109375,0.0001806640625,0.01932373046875,0.06764693089001622,0.08109729348765653
31,0.65,1.58,0.95,sat_persistence,0.49895806501867934,-0.05125572756289145,0.06622696681020852,0.06780466187894373,-0.001577695068735202,0.09523809523809523,0.10003662109375,0.0001806640625,0.01932373046875,0.06764693089001622,0.08109729348765653
31,0.65,1.58,0.95,bright_persistence,0.40045495820653365,-0.3901189726848394,0.04956750841440659,0.06965521069572954,-0.02008770228132295,0.043345543345543344,0.10003662109375,0.0001806640625,0.01932373046875,0.06764693089001622,0.08109729348765653
31,0.65,1.58,0.95,low_margin,0.6561082018475152,0.544395387172699,0.07341939567697857,0.06700571989577749,0.006413675781201084,0.16666666666666666,0.10003662109375,0.0001806640625,0.01932373046875,0.06764693089001622,0.08109729348765653
31,0.65,1.58,0.95,focus_entropy,0.38603843124451864,-0.374046266078949,0.07043640887337985,0.06733707296673196,0.0030993359066478904,0.06715506715506715,0.10003662109375,0.0001806640625,0.01932373046875,0.06764693089001622,0.08109729348765653
31,0.65,1.58,0.95,low_peak_strength,0.3563773492467328,-0.49789804220199585,0.06327728749593026,0.06813231512163921,-0.004855027625708955,0.015873015873015872,0.10003662109375,0.0001806640625,0.01932373046875,0.06764693089001622,0.08109729348765653
31,0.65,1.58,0.95,hybrid_confidence,0.5055747173166114,0.044660575687885284,0.0739476385183402,0.0669470421679767,0.0070005963503635,0.0989010989010989,0.10003662109375,0.0001806640625,0.01932373046875,0.06764693089001622,0.08109729348765653
31,0.65,1.58,0.95,hybrid_risk_confidence,0.4858148417339225,-0.04475901919819074,0.0691437549613848,0.06748066221858656,0.0016630927427982445,0.07203907203907203,0.10003662109375,0.0001806640625,0.01932373046875,0.06764693089001622,0.08109729348765653
31,0.65,1.58,1.35,risk_mean,0.4639821029082774,-0.20168296105709643,0.06869794726652215,0.06768607235134397,0.0010118749151781792,0.054334554334554336,0.10003662109375,0.0001953125,0.01956298828125,0.06778723513888438,0.08123522055505042
31,0.65,1.58,1.35,risk_max,0.46647247668365055,-0.18269304481700419,0.06919995862439692,0.0676303084422026,0.001569650182194321,0.07081807081807082,0.10003662109375,0.0001953125,0.01956298828125,0.06778723513888438,0.08123522055505042
31,0.65,1.58,1.35,sat_persistence,0.4984652867302201,-0.05442494801337884,0.06609483472906434,0.0679752286199155,-0.0018803938908511647,0.09462759462759462,0.10003662109375,0.0001953125,0.01956298828125,0.06778723513888438,0.08123522055505042
31,0.65,1.58,1.35,bright_persistence,0.3930251741472016,-0.4161185847085366,0.04877622094439109,0.06989899705741007,-0.02112277611301898,0.03968253968253968,0.10003662109375,0.0001953125,0.01956298828125,0.06778723513888438,0.08123522055505042
31,0.65,1.58,1.35,low_margin,0.6516250325080983,0.5323044061660767,0.07368226630025165,0.06713240935275121,0.006549856947500446,0.15995115995115994,0.10003662109375,0.0001953125,0.01956298828125,0.06778723513888438,0.08123522055505042
31,0.65,1.58,1.35,focus_entropy,0.3846481087579765,-0.38414549827575684,0.07018014643579804,0.06752142822824117,0.002658718207556865,0.06227106227106227,0.10003662109375,0.0001953125,0.01956298828125,0.06778723513888438,0.08123522055505042
31,0.65,1.58,1.35,low_peak_strength,0.35397444992780464,-0.5058042407035828,0.06296472168455876,0.0683229246165858,-0.005358202932027045,0.013431013431013432,0.10003662109375,0.0001953125,0.01956298828125,0.06778723513888438,0.08123522055505042
31,0.65,1.58,1.35,hybrid_confidence,0.5000786401156451,0.021176554262638092,0.07345255555437215,0.06715792584547808,0.0062946297088940645,0.09157509157509157,0.10003662109375,0.0001953125,0.01956298828125,0.06778723513888438,0.08123522055505042
31,0.65,1.58,1.35,hybrid_risk_confidence,0.4790661915570598,-0.07051420597637428,0.06837607371493228,0.06772182637802947,0.0006542473369028079,0.06837606837606838,0.10003662109375,0.0001953125,0.01956298828125,0.06778723513888438,0.08123522055505042
31,0.65,1.58,1.75,risk_mean,0.4599049408378472,-0.21458470413606895,0.06742285121259763,0.06805310444963515,-0.0006302532370375258,0.05128205128205128,0.10003662109375,0.00020263671875,0.01976806640625,0.06799009451297333,0.08140206763676958
31,0.65,1.58,1.75,risk_max,0.4626003458013399,-0.19730988676660569,0.06830616950402067,0.06795498459602395,0.00035118490799672386,0.06837606837606838,0.10003662109375,0.00020263671875,0.01976806640625,0.06799009451297333,0.08140206763676958
31,0.65,1.58,1.75,sat_persistence,0.4947460499427837,-0.05565603398084954,0.06630647810655531,0.06817711225837633,-0.001870634151821024,0.09340659340659341,0.10003662109375,0.00020263671875,0.01976806640625,0.06799009451297333,0.08140206763676958
31,0.65,1.58,1.75,bright_persistence,0.3853750901795854,-0.43832118863768943,0.048100378944339266,0.07019946343345498,-0.022099084489115718,0.03663003663003663,0.10003662109375,0.00020263671875,0.01976806640625,0.06799009451297333,0.08140206763676958
31,0.65,1.58,1.75,low_margin,0.646014708867092,0.5184221863746643,0.07433462662258032,0.06728533772499447,0.007049288897585854,0.14957264957264957,0.10003662109375,0.00020263671875,0.01976806640625,0.06799009451297333,0.08140206763676958
31,0.65,1.58,1.75,focus_entropy,0.3858154417242813,-0.3817760944366455,0.0705319665687492,0.06770774089657831,0.002824225672170888,0.06288156288156288,0.10003662109375,0.00020263671875,0.01976806640625,0.06799009451297333,0.08140206763676958
31,0.65,1.58,1.75,low_peak_strength,0.35210847991201244,-0.5129067301750183,0.06299926086075043,0.06854448116171476,-0.005545220300964326,0.01282051282051282,0.10003662109375,0.00020263671875,0.01976806640625,0.06799009451297333,0.08140206763676958
31,0.65,1.58,1.75,hybrid_confidence,0.49542391491226384,0.005266059190034866,0.07312456213925288,0.06741975286290917,0.005704809276343703,0.08974358974358974,0.10003662109375,0.00020263671875,0.01976806640625,0.06799009451297333,0.08140206763676958
31,0.65,1.58,1.75,hybrid_risk_confidence,0.4727360863787499,-0.08911778325065138,0.06772266534318924,0.0680198008048563,-0.00029713546166705573,0.06288156288156288,0.10003662109375,0.00020263671875,0.01976806640625,0.06799009451297333,0.08140206763676958
31,1.0,1.18,0.95,risk_mean,0.45881428250152945,-0.16365448991534834,0.06897544835394402,0.0660622938603762,0.0029131544935678266,0.06837606837606838,0.10003662109375,0.0,0.0,0.06635353818779711,0.08219148273836821
31,1.0,1.18,0.95,risk_max,0.4596557586350509,-0.1661692536841996,0.06833289627860406,0.06613366916889424,0.0021992271097098226,0.06471306471306472,0.10003662109375,0.0,0.0,0.06635353818779711,0.08219148273836821
31,1.0,1.18,0.95,sat_persistence,0.48814669391864257,0.0,0.06677417552613474,0.0663068133837691,0.0004673621423656321,0.0995115995115995,0.10003662109375,0.0,0.0,0.06635353818779711,0.08219148273836821
31,1.0,1.18,0.95,bright_persistence,0.48814669391864257,0.0,0.06677417552613474,0.0663068133837691,0.0004673621423656321,0.0995115995115995,0.10003662109375,0.0,0.0,0.06635353818779711,0.08219148273836821
31,1.0,1.18,0.95,low_margin,0.6224639700617225,0.43885624408721924,0.07056810236307767,0.06588538030639812,0.00468272205667955,0.13186813186813187,0.10003662109375,0.0,0.0,0.06635353818779711,0.08219148273836821
31,1.0,1.18,0.95,focus_entropy,0.4802506552825737,-0.09033842384815216,0.06527023038084781,0.06647387307100495,-0.0012036426901571445,0.08058608058608059,0.10003662109375,0.0,0.0,0.06635353818779711,0.08219148273836821
31,1.0,1.18,0.95,low_peak_strength,0.3740787613550762,-0.4611840546131134,0.06016009862698524,0.0670415114687282,-0.0068814128417429565,0.014041514041514042,0.10003662109375,0.0,0.0,0.06635353818779711,0.08219148273836821
31,1.0,1.18,0.95,hybrid_confidence,0.5621473944591098,0.21323639154434204,0.06955745894469853,0.06599764355875841,0.003559815385940121,0.0995115995115995,0.10003662109375,0.0,0.0,0.06635353818779711,0.08219148273836821
31,1.0,1.18,0.95,hybrid_risk_confidence,0.5418268796094518,0.11611083221619786,0.06557483416167721,0.0664400373872264,-0.0008652032255491854,0.07753357753357754,0.10003662109375,0.0,0.0,0.06635353818779711,0.08219148273836821
31,1.0,1.18,1.35,risk_mean,0.4536902820802948,-0.18318465808793738,0.06754647448364959,0.06620601192916331,0.001340462554486277,0.0641025641025641,0.10003662109375,0.0,0.0,0.06634002545847534,0.08221247376705115
31,1.0,1.18,1.35,risk_max,0.45455526128442214,-0.18725661621620335,0.06707548410308484,0.06625832999802028,0.0008171541050645548,0.06043956043956044,0.10003662109375,0.0,0.0,0.06634002545847534,0.08221247376705115
31,1.0,1.18,1.35,sat_persistence,0.48991207244738755,0.0,0.06661249391396071,0.06630975939784296,0.0003027345161177447,0.0995115995115995,0.10003662109375,0.0,0.0,0.06634002545847534,0.08221247376705115
31,1.0,1.18,1.35,bright_persistence,0.48991207244738755,0.0,0.06661249391396071,0.06630975939784296,0.0003027345161177447,0.0995115995115995,0.10003662109375,0.0,0.0,0.06634002545847534,0.08221247376705115
31,1.0,1.18,1.35,low_margin,0.6160835484505662,0.4188346266746521,0.07130667129178268,0.06578832561614811,0.00551834567563457,0.13003663003663005,0.10003662109375,0.0,0.0,0.06634002545847534,0.08221247376705115
31,1.0,1.18,1.35,focus_entropy,0.48001252117810794,-0.08639879524707794,0.0653188007698066,0.066453464088615,-0.0011346633188083904,0.07936507936507936,0.10003662109375,0.0,0.0,0.06634002545847534,0.08221247376705115
31,1.0,1.18,1.35,low_peak_strength,0.3731067769738597,-0.4628142714500427,0.060156913402111586,0.06702685155018319,-0.006869938148071603,0.014652014652014652,0.10003662109375,0.0,0.0,0.06634002545847534,0.08221247376705115
31,1.0,1.18,1.35,hybrid_confidence,0.5568115767519046,0.20023249089717865,0.06941953965061019,0.06599795003146348,0.0034215896191467088,0.09706959706959707,0.10003662109375,0.0,0.0,0.06634002545847534,0.08221247376705115
31,1.0,1.18,1.35,hybrid_risk_confidence,0.5355893384609751,0.09813999263330658,0.06485095440789287,0.06650543291682703,-0.0016544785089341596,0.07448107448107448,0.10003662109375,0.0,0.0,0.06634002545847534,0.08221247376705115
31,1.0,1.18,1.75,risk_mean,0.4492374019093348,-0.1928420992058973,0.06652110836191194,0.06648806105087425,3.3047311037689986e-05,0.06227106227106227,0.10003662109375,0.0,0.0,0.0664913649751589,0.08240663630600539
31,1.0,1.18,1.75,risk_max,0.4501877866376354,-0.19999392255428605,0.06615172863646912,0.06652909210948507,-0.0003773634730159514,0.05860805860805861,0.10003662109375,0.0,0.0,0.0664913649751589,0.08240663630600539
31,1.0,1.18,1.75,sat_persistence,0.49015678575647714,0.0,0.0668674180665821,0.06644959263257438,0.0004178254340077153,0.10012210012210013,0.10003662109375,0.0,0.0,0.0664913649751589,0.08240663630600539
31,1.0,1.18,1.75,bright_persistence,0.49015678575647714,0.0,0.0668674180665821,0.06644959263257438,0.0004178254340077153,0.10012210012210013,0.10003662109375,0.0,0.0,0.0664913649751589,0.08240663630600539
31,1.0,1.18,1.75,low_margin,0.6145246493625309,0.41120481491088867,0.07292206732009597,0.06577703631375872,0.007145031006337246,0.1336996336996337,0.10003662109375,0.0,0.0,0.0664913649751589,0.08240663630600539
31,1.0,1.18,1.75,focus_entropy,0.47795865073340543,-0.09127040952444077,0.06604398135468154,0.06654106078218058,-0.0004970794274990475,0.07753357753357754,0.10003662109375,0.0,0.0,0.0664913649751589,0.08240663630600539
31,1.0,1.18,1.75,low_peak_strength,0.3716084562227379,-0.46851396560668945,0.060316794823725976,0.06717724222377187,-0.006860447400045898,0.014652014652014652,0.10003662109375,0.0,0.0,0.0664913649751589,0.08240663630600539
31,1.0,1.18,1.75,hybrid_confidence,0.5529758590775748,0.18708683550357819,0.06974039494672436,0.06613045957074928,0.003609935375975079,0.09706959706959707,0.10003662109375,0.0,0.0,0.0664913649751589,0.08240663630600539
31,1.0,1.18,1.75,hybrid_risk_confidence,0.5310606112329367,0.08360248732106555,0.06516558723607517,0.0666386336538934,-0.00147304641781823,0.07264957264957266,0.10003662109375,0.0,0.0,0.0664913649751589,0.08240663630600539
31,1.0,1.38,0.95,risk_mean,0.4655731945824595,-0.1459889462889619,0.07089435240120093,0.06566177180048896,0.005232580600711967,0.07142857142857142,0.10003662109375,0.0,0.0,0.06618490211201034,0.08198475351920811
31,1.0,1.38,0.95,risk_max,0.4662844934974493,-0.1492796096654527,0.07033292475021076,0.06572413572916941,0.004608789021041351,0.06715506715506715,0.10003662109375,0.0,0.0,0.06618490211201034,0.08198475351920811
31,1.0,1.38,0.95,sat_persistence,0.48737957521096387,0.0,0.06640561787654117,0.0661603847905468,0.00024523308599437577,0.0989010989010989,0.10003662109375,0.0,0.0,0.06618490211201034,0.08198475351920811
31,1.0,1.38,0.95,bright_persistence,0.48737957521096387,0.0,0.06640561787654117,0.0661603847905468,0.00024523308599437577,0.0989010989010989,0.10003662109375,0.0,0.0,0.06618490211201034,0.08198475351920811
31,1.0,1.38,0.95,low_margin,0.6272100593142192,0.45613372325897217,0.06985102380453387,0.06577766575419443,0.00407335805033944,0.13125763125763126,0.10003662109375,0.0,0.0,0.06618490211201034,0.08198475351920811
31,1.0,1.38,0.95,focus_entropy,0.47266777023514034,-0.11334225535392761,0.0648547965162937,0.06633265153326247,-0.0014778550169687737,0.0757020757020757,0.10003662109375,0.0,0.0,0.06618490211201034,0.08198475351920811
31,1.0,1.38,0.95,low_peak_strength,0.3737132637799682,-0.4631597399711609,0.06058153567710746,0.06680732949708906,-0.006225793819981604,0.01282051282051282,0.10003662109375,0.0,0.0,0.06618490211201034,0.08198475351920811
31,1.0,1.38,0.95,hybrid_confidence,0.5598052389916769,0.20796453952789307,0.06888975647382271,0.06588444426278692,0.003005312211035796,0.09829059829059829,0.10003662109375,0.0,0.0,0.06618490211201034,0.08198475351920811
31,1.0,1.38,0.95,hybrid_risk_confidence,0.5413457700990046,0.116882450884647,0.06742215111354886,0.06604746729141356,0.0013746838221353058,0.0757020757020757,0.10003662109375,0.0,0.0,0.06618490211201034,0.08198475351920811
31,1.0,1.38,1.35,risk_mean,0.4608302501070155,-0.1594212550362817,0.06998549049996364,0.06591336349138092,0.004072127008582713,0.0695970695970696,0.10003662109375,0.0,0.0,0.06632047677507588,0.08215831383542856
31,1.0,1.38,1.35,risk_max,0.461621533943627,-0.1624978723271353,0.06940974208977832,0.0659773181838998,0.003432423905878515,0.06654456654456654,0.10003662109375,0.0,0.0,0.06632047677507588,0.08215831383542856
31,1.0,1.38,1.35,sat_persistence,0.4865224579494688,0.0,0.06660957290466396,0.06628836369625687,0.0003212092084070861,0.09829059829059829,0.10003662109375,0.0,0.0,0.06632047677507588,0.08215831383542856
31,1.0,1.38,1.35,bright_persistence,0.4865224579494688,0.0,0.06660957290466396,0.06628836369625687,0.0003212092084070861,0.09829059829059829,0.10003662109375,0.0,0.0,0.06632047677507588,0.08215831383542856
31,1.0,1.38,1.35,low_margin,0.6268511409437352,0.4515925645828247,0.07200785313877194,0.06568871748552386,0.00631913565324807,0.1398046398046398,0.10003662109375,0.0,0.0,0.06632047677507588,0.08215831383542856
31,1.0,1.38,1.35,focus_entropy,0.47253419996768325,-0.11372064054012299,0.06492276754589249,0.06647573567358411,-0.001552968127691623,0.07264957264957266,0.10003662109375,0.0,0.0,0.06632047677507588,0.08215831383542856
31,1.0,1.38,1.35,low_peak_strength,0.37495888514343184,-0.4591079354286194,0.060417345340953034,0.06697620234737302,-0.006558857006419984,0.014041514041514042,0.10003662109375,0.0,0.0,0.06632047677507588,0.08215831383542856
31,1.0,1.38,1.35,hybrid_confidence,0.5572832933098385,0.19947531819343567,0.06892862413228758,0.06603076123383674,0.0028978628984508426,0.09401709401709402,0.10003662109375,0.0,0.0,0.06632047677507588,0.08215831383542856
31,1.0,1.38,1.35,hybrid_risk_confidence,0.5377488485874675,0.10528865939917766,0.0671225592103683,0.06623138067925269,0.0008911785311156162,0.07753357753357754,0.10003662109375,0.0,0.0,0.06632047677507588,0.08215831383542856
31,1.0,1.38,1.75,risk_mean,0.45522683669979647,-0.1750644357206102,0.06832765958789186,0.06593142276650951,0.002396236821382347,0.06532356532356533,0.10003662109375,0.0,0.0,0.06617098794677223,0.08204007642379466
31,1.0,1.38,1.75,risk_max,0.45607791267905834,-0.18012657275071783,0.06783768886417457,0.0659858491903159,0.0018518396738586712,0.06227106227106227,0.10003662109375,0.0,0.0,0.06617098794677223,0.08204007642379466
31,1.0,1.38,1.75,sat_persistence,0.4883087740728028,0.0,0.066434994356834,0.0661416618583631,0.0002933324984709107,0.0989010989010989,0.10003662109375,0.0,0.0,0.06617098794677223,0.08204007642379466
31,1.0,1.38,1.75,bright_persistence,0.4883087740728028,0.0,0.066434994356834,0.0661416618583631,0.0002933324984709107,0.0989010989010989,0.10003662109375,0.0,0.0,0.06617098794677223,0.08204007642379466
31,1.0,1.38,1.75,low_margin,0.62031832178145,0.43237781524658203,0.07050221757546929,0.06568987075351265,0.004812346821956637,0.12942612942612944,0.10003662109375,0.0,0.0,0.06617098794677223,0.08204007642379466
31,1.0,1.38,1.75,focus_entropy,0.4723301618670541,-0.11387517303228378,0.0647850595633959,0.06632493821748771,-0.001539878654091803,0.07387057387057387,0.10003662109375,0.0,0.0,0.06617098794677223,0.08204007642379466
31,1.0,1.38,1.75,low_peak_strength,0.37362856169276726,-0.46209248900413513,0.06018297322002644,0.06683614243764499,-0.006653169217618549,0.014041514041514042,0.10003662109375,0.0,0.0,0.06617098794677223,0.08204007642379466
31,1.0,1.38,1.75,hybrid_confidence,0.5519600960894904,0.18210548162460327,0.0682365622910741,0.06594154194270561,0.0022950203483684817,0.09157509157509157,0.10003662109375,0.0,0.0,0.06617098794677223,0.08204007642379466
31,1.0,1.38,1.75,hybrid_risk_confidence,0.5315908785741581,0.08488654821869959,0.06565198763200153,0.06622863900574379,-0.0005766513737422568,0.07448107448107448,0.10003662109375,0.0,0.0,0.06617098794677223,0.08204007642379466
31,1.0,1.58,0.95,risk_mean,0.47471969588350754,-0.11237896385068726,0.07382804638102529,0.06536271569544128,0.008465330685584013,0.07814407814407814,0.10003662109375,8.7890625e-05,0.01510009765625,0.06620904209088724,0.0819542661235385
31,1.0,1.58,0.95,risk_max,0.47521797753180933,-0.1177553849052909,0.07310889216703172,0.0654426000439101,0.007666292123121615,0.07509157509157509,0.10003662109375,8.7890625e-05,0.01510009765625,0.06620904209088724,0.0819542661235385
31,1.0,1.58,0.95,sat_persistence,0.4860742030834953,-0.050748840916941304,0.06517103961820582,0.0663243444135681,-0.0011533047953622838,0.09523809523809523,0.10003662109375,8.7890625e-05,0.01510009765625,0.06620904209088724,0.0819542661235385
31,1.0,1.58,0.95,bright_persistence,0.4089273186161905,-0.33030730372071515,0.05017587521560345,0.06799002183737543,-0.017814146621771984,0.052503052503052504,0.10003662109375,8.7890625e-05,0.01510009765625,0.06620904209088724,0.0819542661235385
31,1.0,1.58,0.95,low_margin,0.6383496458298291,0.4896198511123657,0.07068869908553092,0.06571143744167887,0.004977261643852052,0.14346764346764346,0.10003662109375,8.7890625e-05,0.01510009765625,0.06620904209088724,0.0819542661235385
31,1.0,1.58,0.95,focus_entropy,0.4654024249127583,-0.14115558564662933,0.06479954810376591,0.06636561005175151,-0.0015660619479856003,0.07142857142857142,0.10003662109375,8.7890625e-05,0.01510009765625,0.06620904209088724,0.0819542661235385
31,1.0,1.58,0.95,low_peak_strength,0.3754659390645654,-0.45854443311691284,0.06094711919540911,0.06679354159602714,-0.005846422400618036,0.013431013431013432,0.10003662109375,8.7890625e-05,0.01510009765625,0.06620904209088724,0.0819542661235385
31,1.0,1.58,0.95,hybrid_confidence,0.5639500551473897,0.21734341979026794,0.0694664966919312,0.06584720087045388,0.0036192958214773113,0.09706959706959707,0.10003662109375,8.7890625e-05,0.01510009765625,0.06620904209088724,0.0819542661235385
31,1.0,1.58,0.95,hybrid_risk_confidence,0.5466352851019705,0.1349193634685573,0.06929102196064342,0.06586669277401075,0.0034243291866326714,0.08485958485958486,0.10003662109375,8.7890625e-05,0.01510009765625,0.06620904209088724,0.0819542661235385
31,1.0,1.58,1.35,risk_mean,0.4715923806189873,-0.13023061594612415,0.07249708031853767,0.0654303580909999,0.007066722227537778,0.07387057387057387,0.10003662109375,9.521484375e-05,0.01529052734375,0.06613685778635553,0.08190666812955023
31,1.0,1.58,1.35,risk_max,0.4721392407970272,-0.13534890208488548,0.07177833894748922,0.06551019658047348,0.006268142367015742,0.07020757020757021,0.10003662109375,9.521484375e-05,0.01529052734375,0.06613685778635553,0.08190666812955023
31,1.0,1.58,1.35,sat_persistence,0.4878022580740599,-0.052933173603858734,0.06529642637082242,0.066230213724145,-0.0009337873533225849,0.09584859584859586,0.10003662109375,9.521484375e-05,0.01529052734375,0.06613685778635553,0.08190666812955023
31,1.0,1.58,1.35,bright_persistence,0.4071965326350273,-0.3436837953406394,0.04899326827014862,0.06804118435814091,-0.019047916087992292,0.04945054945054945,0.10003662109375,9.521484375e-05,0.01529052734375,0.06613685778635553,0.08190666812955023
31,1.0,1.58,1.35,low_margin,0.6338513319061838,0.4765399098396301,0.07054284553074941,0.06564743638900594,0.0048954091417434675,0.14407814407814407,0.10003662109375,9.521484375e-05,0.01529052734375,0.06613685778635553,0.08190666812955023
31,1.0,1.58,1.35,focus_entropy,0.46525788930426154,-0.1387169361114502,0.06530710048495035,0.06622902803318192,-0.0009219275482315742,0.07020757020757021,0.10003662109375,9.521484375e-05,0.01529052734375,0.06613685778635553,0.08190666812955023
31,1.0,1.58,1.35,low_peak_strength,0.3757993681894629,-0.45672503113746643,0.06075839919349274,0.06673430218993003,-0.005975902996437285,0.013431013431013432,0.10003662109375,9.521484375e-05,0.01529052734375,0.06613685778635553,0.08190666812955023
31,1.0,1.58,1.35,hybrid_confidence,0.5589665766060449,0.20360219478607178,0.0689811996558839,0.0658209055293172,0.0031602941265666956,0.09829059829059829,0.10003662109375,9.521484375e-05,0.01529052734375,0.06613685778635553,0.08190666812955023
31,1.0,1.58,1.35,hybrid_risk_confidence,0.5410242580239918,0.11673450295594666,0.06850001434111605,0.06587435606136588,0.0026256582797501704,0.07997557997557997,0.10003662109375,9.521484375e-05,0.01529052734375,0.06613685778635553,0.08190666812955023
31,1.0,1.58,1.75,risk_mean,0.4657083786170884,-0.14239554330768286,0.07113149564653003,0.06559514967413828,0.0055363459723917485,0.07142857142857142,0.10003662109375,9.521484375e-05,0.0154296875,0.06614864910668086,0.08194299781865254
31,1.0,1.58,1.75,risk_max,0.4662599973393531,-0.15150692615842634,0.07046388389263251,0.06566930863608621,0.004794575256546307,0.06654456654456654,0.10003662109375,9.521484375e-05,0.0154296875,0.06614864910668086,0.08194299781865254
31,1.0,1.58,1.75,sat_persistence,0.48648335512953483,-0.052933173603858734,0.06536874798987474,0.06623528128010608,-0.0008665332902313416,0.09523809523809523,0.10003662109375,9.521484375e-05,0.0154296875,0.06614864910668086,0.08194299781865254
31,1.0,1.58,1.75,bright_persistence,0.4035504119140706,-0.3554342601205223,0.048344116321665076,0.06812639389861466,-0.019782277576949586,0.047619047619047616,0.10003662109375,9.521484375e-05,0.0154296875,0.06614864910668086,0.08194299781865254
31,1.0,1.58,1.75,low_margin,0.6295878831740152,0.4635535180568695,0.06992840917199114,0.06572878968806033,0.004199619483930814,0.13675213675213677,0.10003662109375,9.521484375e-05,0.0154296875,0.06614864910668086,0.08194299781865254
31,1.0,1.58,1.75,focus_entropy,0.4684233556798708,-0.12712687253952026,0.06534280288401605,0.06623816328766044,-0.0008953604036443935,0.07203907203907203,0.10003662109375,9.521484375e-05,0.0154296875,0.06614864910668086,0.08194299781865254
31,1.0,1.58,1.75,low_peak_strength,0.37589801488017466,-0.45652860403060913,0.06066917724713754,0.06675731416201329,-0.0060881369148757525,0.013431013431013432,0.10003662109375,9.521484375e-05,0.0154296875,0.06614864910668086,0.08194299781865254
31,1.0,1.58,1.75,hybrid_confidence,0.5563202467160355,0.19734597206115723,0.06852754250709024,0.0658843993175943,0.0026431431894959473,0.09401709401709402,0.10003662109375,9.521484375e-05,0.0154296875,0.06614864910668086,0.08194299781865254
31,1.0,1.58,1.75,hybrid_risk_confidence,0.5378170405951408,0.10594738947350334,0.0674591968083632,0.06600307219529095,0.0014561246130722488,0.07631257631257632,0.10003662109375,9.521484375e-05,0.0154296875,0.06614864910668086,0.08194299781865254
31,1.35,1.18,0.95,risk_mean,0.5389175056704262,-0.021554462655216426,0.07753505861250581,0.0657127654637755,0.011822293148730317,0.09401709401709402,0.10003662109375,0.0,0.0,0.06689470614844471,0.08332261014513609
31,1.35,1.18,0.95,risk_max,0.5384949469432664,-0.01693913306729808,0.07638720165493987,0.06584027052931822,0.010546931125621647,0.09096459096459096,0.10003662109375,0.0,0.0,0.06689470614844471,0.08332261014513609
31,1.35,1.18,0.95,sat_persistence,0.49976345897338337,0.0,0.06741828344416038,0.06683654667398503,0.0005817367701753534,0.09340659340659341,0.10003662109375,0.0,0.0,0.06689470614844471,0.08332261014513609
31,1.35,1.18,0.95,bright_persistence,0.49976345897338337,0.0,0.06741828344416038,0.06683654667398503,0.0005817367701753534,0.09340659340659341,0.10003662109375,0.0,0.0,0.06689470614844471,0.08332261014513609
31,1.35,1.18,0.95,low_margin,0.6582713119161603,0.5391245484352112,0.07603276645410519,0.0658796415356228,0.010153124918482387,0.17643467643467645,0.10003662109375,0.0,0.0,0.06689470614844471,0.08332261014513609
31,1.35,1.18,0.95,focus_entropy,0.48107777302613,-0.04984525591135025,0.06696255811928271,0.06688716908563223,7.538903365048033e-05,0.11294261294261294,0.10003662109375,0.0,0.0,0.06689470614844471,0.08332261014513609
31,1.35,1.18,0.95,low_peak_strength,0.4458093052711636,-0.23301175236701965,0.07173724900440236,0.06635679178535922,0.005380457219043136,0.04700854700854701,0.10003662109375,0.0,0.0,0.06689470614844471,0.08332261014513609
31,1.35,1.18,0.95,hybrid_confidence,0.5995712344760253,0.34774404764175415,0.0714531375990272,0.06638835115617193,0.005064786442855268,0.1343101343101343,0.10003662109375,0.0,0.0,0.06689470614844471,0.08332261014513609
31,1.35,1.18,0.95,hybrid_risk_confidence,0.5916557478766031,0.2907447389647367,0.07203604152459094,0.06632360162205603,0.005712439902534908,0.11294261294261294,0.10003662109375,0.0,0.0,0.06689470614844471,0.08332261014513609
31,1.35,1.18,1.35,risk_mean,0.5335517298239276,-0.029028917873307296,0.07702806436847148,0.06572082479115955,0.011307239577311931,0.09218559218559219,0.10003662109375,0.0,0.0,0.06685127269323698,0.08335978497083328
31,1.35,1.18,1.35,risk_max,0.5331983148132861,-0.025420399378824343,0.07585494361505406,0.0658511361836794,0.010003807431374662,0.08913308913308914,0.10003662109375,0.0,0.0,0.06685127269323698,0.08335978497083328
31,1.35,1.18,1.35,sat_persistence,0.49801243883460355,0.0,0.06759417169210258,0.06676875075100576,0.0008254209410968188,0.09584859584859586,0.10003662109375,0.0,0.0,0.06685127269323698,0.08335978497083328
31,1.35,1.18,1.35,bright_persistence,0.49801243883460355,0.0,0.06759417169210258,0.06676875075100576,0.0008254209410968188,0.09584859584859586,0.10003662109375,0.0,0.0,0.06685127269323698,0.08335978497083328
31,1.35,1.18,1.35,low_margin,0.6574903313622615,0.5370161533355713,0.07631623948360958,0.06579989499063085,0.010516344492978724,0.17582417582417584,0.10003662109375,0.0,0.0,0.06685127269323698,0.08335978497083328
31,1.35,1.18,1.35,focus_entropy,0.48502347514002014,-0.037526391446590424,0.06786318186780335,0.06673886883945024,0.0011243130283531133,0.11416361416361416,0.10003662109375,0.0,0.0,0.06685127269323698,0.08335978497083328
31,1.35,1.18,1.35,low_peak_strength,0.44852701332454453,-0.22527377307415009,0.0713809596404149,0.06634811066831652,0.0050328489720983804,0.0463980463980464,0.10003662109375,0.0,0.0,0.06685127269323698,0.08335978497083328
31,1.35,1.18,1.35,hybrid_confidence,0.599157985944088,0.34708768129348755,0.07138352023501632,0.06634782623498157,0.005035694000034743,0.1343101343101343,0.10003662109375,0.0,0.0,0.06685127269323698,0.08335978497083328
31,1.35,1.18,1.35,hybrid_risk_confidence,0.5897748815484551,0.2859399464442587,0.07267816958807664,0.06620401532759565,0.006474154260480994,0.11477411477411477,0.10003662109375,0.0,0.0,0.06685127269323698,0.08335978497083328
31,1.35,1.18,1.75,risk_mean,0.5263974861645326,-0.0382038322675011,0.07617451598383986,0.0658145805922838,0.010359935391556052,0.09096459096459096,0.10003662109375,0.0,0.0,0.06685032120332926,0.08342862351353973
31,1.35,1.18,1.75,risk_max,0.5259876306815208,-0.036359303111559,0.07507991359086459,0.06593617008907572,0.00914374350178887,0.08791208791208792,0.10003662109375,0.0,0.0,0.06685032120332926,0.08342862351353973
31,1.35,1.18,1.75,sat_persistence,0.4967249009033165,0.0,0.0674933240357986,0.06677889582427157,0.0007144282115270212,0.09462759462759462,0.10003662109375,0.0,0.0,0.06685032120332926,0.08342862351353973
31,1.35,1.18,1.75,bright_persistence,0.4967249009033165,0.0,0.0674933240357986,0.06677889582427157,0.0007144282115270212,0.09462759462759462,0.10003662109375,0.0,0.0,0.06685032120332926,0.08342862351353973
31,1.35,1.18,1.75,low_margin,0.6573997948860546,0.5355557799339294,0.07623923324919321,0.06580739173560073,0.010431841513592485,0.17399267399267399,0.10003662109375,0.0,0.0,0.06685032120332926,0.08342862351353973
31,1.35,1.18,1.75,focus_entropy,0.48846572327492943,-0.029243016615509987,0.06778982644411101,0.06674596004881954,0.0010438663952914706,0.10866910866910867,0.10003662109375,0.0,0.0,0.06685032120332926,0.08342862351353973
31,1.35,1.18,1.75,low_peak_strength,0.44902169503069367,-0.2248946577310562,0.07107621393158868,0.0663809049352641,0.004695308996324574,0.04700854700854701,0.10003662109375,0.0,0.0,0.06685032120332926,0.08342862351353973
31,1.35,1.18,1.75,hybrid_confidence,0.5985107825508735,0.3446089029312134,0.07181237287186087,0.06629913168528677,0.0055132411865741054,0.1330891330891331,0.10003662109375,0.0,0.0,0.06685032120332926,0.08342862351353973
31,1.35,1.18,1.75,hybrid_risk_confidence,0.5878746913928901,0.2791575841255217,0.07272859675667134,0.0661973566464071,0.00653124011026425,0.10927960927960928,0.10003662109375,0.0,0.0,0.06685032120332926,0.08342862351353973
31,1.35,1.38,0.95,risk_mean,0.5481701018183639,0.005583598141129785,0.0796448711927363,0.06547040491247433,0.014174466280261977,0.10195360195360195,0.10003662109375,0.0,0.0,0.06688750548419485,0.08324418000036628
31,1.35,1.38,0.95,risk_max,0.5475417257088213,0.011152329680515419,0.07843478108736801,0.06560482289651022,0.01282995819085779,0.09768009768009768,0.10003662109375,0.0,0.0,0.06688750548419485,0.08324418000036628
31,1.35,1.38,0.95,sat_persistence,0.5002870643526901,0.0,0.06727024478156153,0.06684499043136109,0.000425254350200438,0.0927960927960928,0.10003662109375,0.0,0.0,0.06688750548419485,0.08324418000036628
31,1.35,1.38,0.95,bright_persistence,0.5002870643526901,0.0,0.06727024478156153,0.06684499043136109,0.000425254350200438,0.0927960927960928,0.10003662109375,0.0,0.0,0.06688750548419485,0.08324418000036628
31,1.35,1.38,0.95,low_margin,0.6620558028274443,0.5501989126205444,0.07645612965072855,0.06582461341958193,0.010631516231146623,0.1807081807081807,0.10003662109375,0.0,0.0,0.06688750548419485,0.08324418000036628
31,1.35,1.38,0.95,focus_entropy,0.4750071947119746,-0.07131017744541168,0.06630041061053811,0.06695272055289482,-0.0006523099423567102,0.10805860805860806,0.10003662109375,0.0,0.0,0.06688750548419485,0.08324418000036628
31,1.35,1.38,0.95,low_peak_strength,0.4439328250794315,-0.23873770236968994,0.0712455327777605,0.06640341158029817,0.004842121197462329,0.047619047619047616,0.10003662109375,0.0,0.0,0.06688750548419485,0.08324418000036628
31,1.35,1.38,0.95,hybrid_confidence,0.5988992866528421,0.3446715176105499,0.07154738976926639,0.06636988101254511,0.00517750875672128,0.13736263736263737,0.10003662109375,0.0,0.0,0.06688750548419485,0.08324418000036628
31,1.35,1.38,0.95,hybrid_risk_confidence,0.5928614388472241,0.2987414675553551,0.07325454379053252,0.06618024868602715,0.007074295104505371,0.11477411477411477,0.10003662109375,0.0,0.0,0.06688750548419485,0.08324418000036628
31,1.35,1.38,1.35,risk_mean,0.5419174988429496,-0.009646207418110144,0.07833793877702117,0.06549508986721796,0.012842848909803209,0.09645909645909646,0.10003662109375,0.0,0.0,0.06677906121208232,0.08317753016743626
31,1.35,1.38,1.35,risk_max,0.5412834538589828,-0.006163079818612488,0.07719384251236419,0.06562217719134031,0.011571665321023883,0.0927960927960928,0.10003662109375,0.0,0.0,0.06677906121208232,0.08317753016743626
31,1.35,1.38,1.35,sat_persistence,0.5008872202260474,0.0,0.06759243981806107,0.06668871032664944,0.0009037294914116256,0.09645909645909646,0.10003662109375,0.0,0.0,0.06677906121208232,0.08317753016743626
31,1.35,1.38,1.35,bright_persistence,0.5008872202260474,0.0,0.06759243981806107,0.06668871032664944,0.0009037294914116256,0.09645909645909646,0.10003662109375,0.0,0.0,0.06677906121208232,0.08317753016743626
31,1.35,1.38,1.35,low_margin,0.6590362789342764,0.5423507690429688,0.07576648426484282,0.065780729531598,0.009985754733244825,0.17399267399267399,0.10003662109375,0.0,0.0,0.06677906121208232,0.08317753016743626
31,1.35,1.38,1.35,focus_entropy,0.4785523515380753,-0.05977732315659523,0.06696308137841124,0.06675862007330252,0.00020446130510871907,0.10927960927960928,0.10003662109375,0.0,0.0,0.06677906121208232,0.08317753016743626
31,1.35,1.38,1.35,low_peak_strength,0.44573105825265014,-0.2324468046426773,0.0714177772087679,0.06626378813446324,0.005153989074304657,0.04884004884004884,0.10003662109375,0.0,0.0,0.06677906121208232,0.08317753016743626
31,1.35,1.38,1.35,hybrid_confidence,0.5968738847161973,0.3407088816165924,0.07084928116670514,0.06632693722688822,0.004522343939816917,0.13125763125763126,0.10003662109375,0.0,0.0,0.06677906121208232,0.08317753016743626
31,1.35,1.38,1.35,hybrid_risk_confidence,0.589317192351323,0.28782591060641266,0.07288992749635101,0.06610026025089744,0.006789667245453573,0.11538461538461539,0.10003662109375,0.0,0.0,0.06677906121208232,0.08317753016743626
31,1.35,1.38,1.75,risk_mean,0.5347385935108767,-0.035580276217054445,0.07753510362667662,0.06565360321138367,0.011881500415292956,0.08913308913308914,0.10003662109375,0.0,0.0,0.06684146317721923,0.08331166742409447
31,1.35,1.38,1.75,risk_max,0.534157430435773,-0.03371256958093649,0.07643007598782953,0.0657763507546111,0.010653725233218433,0.08608058608058608,0.10003662109375,0.0,0.0,0.06684146317721923,0.08331166742409447
31,1.35,1.38,1.75,sat_persistence,0.5010117285701547,0.0,0.067799351222714,0.06673506004291023,0.001064291179803764,0.09645909645909646,0.10003662109375,0.0,0.0,0.06684146317721923,0.08331166742409447
31,1.35,1.38,1.75,bright_persistence,0.5010117285701547,0.0,0.067799351222714,0.06673506004291023,0.001064291179803764,0.09645909645909646,0.10003662109375,0.0,0.0,0.06684146317721923,0.08331166742409447
31,1.35,1.38,1.75,low_margin,0.6596160765140808,0.5429182648658752,0.0767519529409435,0.06574059635008099,0.011011356590862512,0.17765567765567766,0.10003662109375,0.0,0.0,0.06684146317721923,0.08331166742409447
31,1.35,1.38,1.75,focus_entropy,0.4783683407018356,-0.0630735456943512,0.06762625614194293,0.06675428761257679,0.000871968529366135,0.10805860805860806,0.10003662109375,0.0,0.0,0.06684146317721923,0.08331166742409447
31,1.35,1.38,1.75,low_peak_strength,0.44587753865748225,-0.23392614722251892,0.07137839195997076,0.06633749672217061,0.005040895237800144,0.04822954822954823,0.10003662109375,0.0,0.0,0.06684146317721923,0.08331166742409447
31,1.35,1.38,1.75,hybrid_confidence,0.5952286283951437,0.3326941132545471,0.07104741552522574,0.06637426190595688,0.004673153619268858,0.1282051282051282,0.10003662109375,0.0,0.0,0.06684146317721923,0.08331166742409447
31,1.35,1.38,1.75,hybrid_risk_confidence,0.5857352912880779,0.2699823941939129,0.07274630379201195,0.06618554774747351,0.006560756044538443,0.10866910866910867,0.10003662109375,0.0,0.0,0.06684146317721923,0.08331166742409447
31,1.35,1.58,0.95,risk_mean,0.5603207341564788,0.029657405173372915,0.0817441056185597,0.06522370545458368,0.016520400163976018,0.10683760683760683,0.10003662109375,1.708984375e-05,0.0119482421875,0.06687534214089916,0.0830713771369901
31,1.35,1.58,0.95,risk_max,0.5596822202788052,0.036120731979921446,0.08036883153242622,0.06537647223561492,0.014992359296811295,0.10317460317460317,0.10003662109375,1.708984375e-05,0.0119482421875,0.06687534214089916,0.0830713771369901
31,1.35,1.58,0.95,sat_persistence,0.4985197824062551,-0.02025860400661292,0.06699554561423496,0.06686198982235012,0.0001335557918848429,0.0927960927960928,0.10003662109375,1.708984375e-05,0.0119482421875,0.06687534214089916,0.0830713771369901
31,1.35,1.58,0.95,bright_persistence,0.4929918436483055,0.002780927948429395,0.06213896927462964,0.06740146303842727,-0.005262493763797629,0.1105006105006105,0.10003662109375,1.708984375e-05,0.0119482421875,0.06687534214089916,0.0830713771369901
31,1.35,1.58,0.95,low_margin,0.6577920230661121,0.5394500494003296,0.07463906433905189,0.0660129403396938,0.008626123999358082,0.16361416361416362,0.10003662109375,1.708984375e-05,0.0119482421875,0.06687534214089916,0.0830713771369901
31,1.35,1.58,0.95,focus_entropy,0.46902744252454426,-0.085114985704422,0.06567673786758248,0.06700848426755675,-0.0013317463999742707,0.10378510378510379,0.10003662109375,1.708984375e-05,0.0119482421875,0.06687534214089916,0.0830713771369901
31,1.35,1.58,0.95,low_peak_strength,0.4435233833828739,-0.2368258237838745,0.07180884582938946,0.0663273237602029,0.005481522069186562,0.04822954822954823,0.10003662109375,1.708984375e-05,0.0119482421875,0.06687534214089916,0.0830713771369901
31,1.35,1.58,0.95,hybrid_confidence,0.5944413996657847,0.3352363705635071,0.07189363882690115,0.0663179048716959,0.005575733955205248,0.14224664224664224,0.10003662109375,1.708984375e-05,0.0119482421875,0.06687534214089916,0.0830713771369901
31,1.35,1.58,0.95,hybrid_risk_confidence,0.5907319696173158,0.30025977256539205,0.07412492240127355,0.06607005172543101,0.00805487067584254,0.11965811965811966,0.10003662109375,1.708984375e-05,0.0119482421875,0.06687534214089916,0.0830713771369901
31,1.35,1.58,1.35,risk_mean,0.5570087459973919,0.020252908847274813,0.0806722897210177,0.06529616898639487,0.015376120734622828,0.10378510378510379,0.10003662109375,1.953125e-05,0.0120458984375,0.06683340566628454,0.08310440104908014
31,1.35,1.58,1.35,risk_max,0.5562297102398286,0.023522648200550743,0.07948763714108695,0.0654277613454025,0.014059875795684448,0.0995115995115995,0.10003662109375,1.953125e-05,0.0120458984375,0.06683340566628454,0.08310440104908014
31,1.35,1.58,1.35,sat_persistence,0.4983818673810276,-0.02196522335992727,0.06719443212870613,0.06679330249624203,0.00040112963246409505,0.0927960927960928,0.10003662109375,1.953125e-05,0.0120458984375,0.06683340566628454,0.08310440104908014
31,1.35,1.58,1.35,bright_persistence,0.4907236318202611,-0.009816077478527054,0.061488018521396834,0.06742717646130189,-0.005939157939905057,0.10683760683760683,0.10003662109375,1.953125e-05,0.0120458984375,0.06683340566628454,0.08310440104908014
31,1.35,1.58,1.35,low_margin,0.6586286992767634,0.5417273640632629,0.07449894423648432,0.06598191019781936,0.008517034038664953,0.16483516483516483,0.10003662109375,1.953125e-05,0.0120458984375,0.06683340566628454,0.08310440104908014
31,1.35,1.58,1.35,focus_entropy,0.47056457644508193,-0.08217696100473404,0.0665500656929071,0.06686487934568179,-0.00031481365277469253,0.10622710622710622,0.10003662109375,1.953125e-05,0.0120458984375,0.06683340566628454,0.08310440104908014
31,1.35,1.58,1.35,low_peak_strength,0.4449270297932454,-0.23290593922138214,0.0713638895526349,0.06633015511658685,0.005033734436048043,0.04945054945054945,0.10003662109375,1.953125e-05,0.0120458984375,0.06683340566628454,0.08310440104908014
31,1.35,1.58,1.35,hybrid_confidence,0.5938280853831797,0.33265581727027893,0.07117453749847022,0.06635118852664529,0.004823348971824931,0.1336996336996337,0.10003662109375,1.953125e-05,0.0120458984375,0.06683340566628454,0.08310440104908014
31,1.35,1.58,1.35,hybrid_risk_confidence,0.5889791701967824,0.2922250890218564,0.07397733573104281,0.06603985097714347,0.00793748475389934,0.11782661782661782,0.10003662109375,1.953125e-05,0.0120458984375,0.06683340566628454,0.08310440104908014
31,1.35,1.58,1.75,risk_mean,0.5496202992048472,0.00823450626360379,0.07988867697040358,0.06538458094038772,0.014504096030015859,0.10195360195360195,0.10003662109375,1.953125e-05,0.01216064453125,0.06683463643948233,0.08316777879153603
31,1.35,1.58,1.75,risk_max,0.5489084623674668,0.012186974971977241,0.07867858686503532,0.06551899892442362,0.0131595879406117,0.09768009768009768,0.10003662109375,1.953125e-05,0.01216064453125,0.06683463643948233,0.08316777879153603
31,1.35,1.58,1.75,sat_persistence,0.5011434781772127,-0.02196522335992727,0.06693728233599974,0.06682323443361662,0.00011404790238311868,0.09157509157509157,0.10003662109375,1.953125e-05,0.01216064453125,0.06683463643948233,0.08316777879153603
31,1.35,1.58,1.75,bright_persistence,0.48876650464858046,-0.02880609688803429,0.060270947509234944,0.06756373737992348,-0.007292789870688536,0.10012210012210013,0.10003662109375,1.953125e-05,0.01216064453125,0.06683463643948233,0.08316777879153603
31,1.35,1.58,1.75,low_margin,0.6615794104825764,0.5496121048927307,0.07584429448245769,0.0658338348746923,0.010010459607765393,0.17338217338217338,0.10003662109375,1.953125e-05,0.01216064453125,0.06683463643948233,0.08316777879153603
31,1.35,1.58,1.75,focus_entropy,0.47315910027100944,-0.07550614327192307,0.06744885351674351,0.0667664086100673,0.0006824449066762106,0.10866910866910867,0.10003662109375,1.953125e-05,0.01216064453125,0.06683463643948233,0.08316777879153603
31,1.35,1.58,1.75,low_peak_strength,0.4453056030203101,-0.23260535299777985,0.0714796956484639,0.06631865875168144,0.005161036896782462,0.04945054945054945,0.10003662109375,1.953125e-05,0.01216064453125,0.06683463643948233,0.08316777879153603
31,1.35,1.58,1.75,hybrid_confidence,0.595348543709608,0.33719462156295776,0.07131100096764484,0.06633739752064804,0.004973603446996794,0.1349206349206349,0.10003662109375,1.953125e-05,0.01216064453125,0.06683463643948233,0.08316777879153603
31,1.35,1.58,1.75,hybrid_risk_confidence,0.589161360372623,0.2910865478328395,0.07384431955669597,0.06605599403164318,0.007788325525052792,0.11843711843711843,0.10003662109375,1.953125e-05,0.01216064453125,0.06683463643948233,0.08316777879153603
43,0.65,1.18,0.95,risk_mean,0.4743452191423407,-0.22421681961782353,0.06643060163199224,0.06910400439091818,-0.0026734027589259413,0.040903540903540904,0.10003662109375,0.0,0.0,0.06883672938364764,0.08271754316363307
43,0.65,1.18,0.95,risk_max,0.4781839574577871,-0.19451375314149946,0.06711944594439617,0.0690274868957522,-0.0019080409513560215,0.06288156288156288,0.10003662109375,0.0,0.0,0.06883672938364764,0.08271754316363307
43,0.65,1.18,0.95,sat_persistence,0.492693213964217,0.0,0.06849727722533584,0.06887443605903858,-0.0003771588337027343,0.1111111111111111,0.10003662109375,0.0,0.0,0.06883672938364764,0.08271754316363307
43,0.65,1.18,0.95,bright_persistence,0.492693213964217,0.0,0.06849727722533584,0.06887443605903858,-0.0003771588337027343,0.1111111111111111,0.10003662109375,0.0,0.0,0.06883672938364764,0.08271754316363307
43,0.65,1.18,0.95,low_margin,0.6412084550641358,0.4985179901123047,0.07628563529031743,0.0680092976818217,0.00827633760849572,0.14835164835164835,0.10003662109375,0.0,0.0,0.06883672938364764,0.08271754316363307
43,0.65,1.18,0.95,focus_entropy,0.41568503071640295,-0.27730557322502136,0.07176255254761456,0.0685117261052957,0.0032508264423188604,0.07020757020757021,0.10003662109375,0.0,0.0,0.06883672938364764,0.08271754316363307
43,0.65,1.18,0.95,low_peak_strength,0.35349739552460985,-0.5041680932044983,0.06762411551356946,0.06897142770991836,-0.0013473121963488988,0.029914529914529916,0.10003662109375,0.0,0.0,0.06883672938364764,0.08271754316363307
43,0.65,1.18,0.95,hybrid_confidence,0.5215149715180439,0.08968640863895416,0.07460417616514085,0.06819607579432946,0.006408100370811395,0.09096459096459096,0.10003662109375,0.0,0.0,0.06883672938364764,0.08271754316363307
43,0.65,1.18,0.95,hybrid_risk_confidence,0.4980119422908584,-0.01285520070779209,0.06769033527313366,0.06896407195471925,-0.001273736681585591,0.06898656898656899,0.10003662109375,0.0,0.0,0.06883672938364764,0.08271754316363307
43,0.65,1.18,1.35,risk_mean,0.465761591555115,-0.24720309090258272,0.06476777260245854,0.06937259927306726,-0.004604826670608714,0.036019536019536016,0.10003662109375,0.0,0.0,0.06891222902853253,0.0828047843119819
43,0.65,1.18,1.35,risk_max,0.46973423116718194,-0.21931103556145706,0.0660523823191916,0.06922990357823418,-0.0031775212590425816,0.059218559218559216,0.10003662109375,0.0,0.0,0.06891222902853253,0.0828047843119819
43,0.65,1.18,1.35,sat_persistence,0.4954151840180775,0.0,0.06885264800015065,0.06891884734702497,-6.619934687432383e-05,0.1111111111111111,0.10003662109375,0.0,0.0,0.06891222902853253,0.0828047843119819
43,0.65,1.18,1.35,bright_persistence,0.4954151840180775,0.0,0.06885264800015065,0.06891884734702497,-6.619934687432383e-05,0.1111111111111111,0.10003662109375,0.0,0.0,0.06891222902853253,0.0828047843119819
43,0.65,1.18,1.35,low_margin,0.631180961023178,0.4717976450920105,0.07521229473044315,0.0682124116123024,0.006999883118140746,0.1349206349206349,0.10003662109375,0.0,0.0,0.06891222902853253,0.0828047843119819
43,0.65,1.18,1.35,focus_entropy,0.4215144129063305,-0.2597294747829437,0.07261451847992884,0.06850097512093813,0.0041135433589907094,0.07142857142857142,0.10003662109375,0.0,0.0,0.06891222902853253,0.0828047843119819
43,0.65,1.18,1.35,low_peak_strength,0.3530231548693045,-0.5053682923316956,0.06778182512264326,0.06903779539214616,-0.0012559702695029012,0.029304029304029304,0.10003662109375,0.0,0.0,0.06891222902853253,0.0828047843119819
43,0.65,1.18,1.35,hybrid_confidence,0.517933939406353,0.0740828886628151,0.07444888475638671,0.06829721193357627,0.006151672822810442,0.08791208791208792,0.10003662109375,0.0,0.0,0.06891222902853253,0.0828047843119819
43,0.65,1.18,1.35,hybrid_risk_confidence,0.4931988196327604,-0.032039801851534946,0.06696128534220823,0.06912894174779192,-0.0021676564055836955,0.06288156288156288,0.10003662109375,0.0,0.0,0.06891222902853253,0.0828047843119819
43,0.65,1.18,1.75,risk_mean,0.4591766352995845,-0.2609071506927023,0.06307098344645444,0.0697739240215504,-0.006702940575095961,0.03296703296703297,0.10003662109375,0.0,0.0,0.06910379361005095,0.08306475779476488
43,0.65,1.18,1.75,risk_max,0.4633349408937084,-0.2353822254970155,0.06488186982359061,0.06957276900420678,-0.004690899180616173,0.057387057387057384,0.10003662109375,0.0,0.0,0.06910379361005095,0.08306475779476488
43,0.65,1.18,1.75,sat_persistence,0.4951638501257187,0.0,0.06928248194539817,0.06908394473623442,0.0001985372091637544,0.11172161172161173,0.10003662109375,0.0,0.0,0.06910379361005095,0.08306475779476488
43,0.65,1.18,1.75,bright_persistence,0.4951638501257187,0.0,0.06928248194539817,0.06908394473623442,0.0001985372091637544,0.11172161172161173,0.10003662109375,0.0,0.0,0.06910379361005095,0.08306475779476488
43,0.65,1.18,1.75,low_margin,0.6301623842872042,0.46674710512161255,0.07489375020096069,0.06846063960924326,0.006433110591717431,0.14285714285714285,0.10003662109375,0.0,0.0,0.06910379361005095,0.08306475779476488
43,0.65,1.18,1.75,focus_entropy,0.427219493645378,-0.24080106616020203,0.07248196185132655,0.06872854340123435,0.003753418450092194,0.07142857142857142,0.10003662109375,0.0,0.0,0.06910379361005095,0.08306475779476488
43,0.65,1.18,1.75,low_peak_strength,0.35773353435079286,-0.49068963527679443,0.06754622343995671,0.06927681001711825,-0.001730586577161533,0.031135531135531136,0.10003662109375,0.0,0.0,0.06910379361005095,0.08306475779476488
43,0.65,1.18,1.75,hybrid_confidence,0.5182345552654223,0.07622238248586655,0.07436464759602184,0.06851941284041713,0.0058452347556047085,0.09218559218559219,0.10003662109375,0.0,0.0,0.06910379361005095,0.08306475779476488
43,0.65,1.18,1.75,hybrid_risk_confidence,0.49273099266749715,-0.03391007857119202,0.06621469903494423,0.06942471704108479,-0.0032100180061405553,0.05982905982905983,0.10003662109375,0.0,0.0,0.06910379361005095,0.08306475779476488
43,0.65,1.38,0.95,risk_mean,0.48184902959835196,-0.1917242599131024,0.06806419751763194,0.06837577229761417,-0.0003115747799822266,0.05067155067155067,0.10003662109375,0.0,0.0,0.0683446224264221,0.08220038727177706
43,0.65,1.38,0.95,risk_max,0.4852482025633657,-0.16406369790278816,0.06855982975804978,0.06832071698703474,0.00023911277101504314,0.06837606837606838,0.10003662109375,0.0,0.0,0.0683446224264221,0.08220038727177706
43,0.65,1.38,0.95,sat_persistence,0.4957576750663248,0.0,0.06785646108379827,0.06839884786241952,-0.0005423867786212566,0.10805860805860806,0.10003662109375,0.0,0.0,0.0683446224264221,0.08220038727177706
43,0.65,1.38,0.95,bright_persistence,0.4957576750663248,0.0,0.06785646108379827,0.06839884786241952,-0.0005423867786212566,0.10805860805860806,0.10003662109375,0.0,0.0,0.0683446224264221,0.08220038727177706
43,0.65,1.38,0.95,low_margin,0.6500559542732866,0.5225788950920105,0.07657931585662595,0.06742990468339526,0.00914941117323069,0.1568986568986569,0.10003662109375,0.0,0.0,0.0683446224264221,0.08220038727177706
43,0.65,1.38,0.95,focus_entropy,0.4102271873838165,-0.29798954725265503,0.07086972563514864,0.06806413150984174,0.0028055941253068983,0.06654456654456654,0.10003662109375,0.0,0.0,0.0683446224264221,0.08220038727177706
43,0.65,1.38,0.95,low_peak_strength,0.35024486847901,-0.5147606134414673,0.06642806455166167,0.06855751553634057,-0.002129450984678899,0.027472527472527472,0.10003662109375,0.0,0.0,0.0683446224264221,0.08220038727177706
43,0.65,1.38,0.95,hybrid_confidence,0.5198141022975286,0.08108147233724594,0.07342782174172717,0.06777997571012821,0.005647846031598958,0.08852258852258853,0.10003662109375,0.0,0.0,0.0683446224264221,0.08220038727177706
43,0.65,1.38,0.95,hybrid_risk_confidence,0.4995497796483684,-0.00892689237413655,0.06785267525778732,0.06839926839564926,-0.0005465931378619421,0.07020757020757021,0.10003662109375,0.0,0.0,0.0683446224264221,0.08220038727177706
43,0.65,1.38,1.35,risk_mean,0.47494189920948165,-0.2176084229885768,0.06701015085982635,0.06875128819542055,-0.001741137335594195,0.04395604395604396,0.10003662109375,0.0,0.0,0.06857721697009686,0.08246688867087437
43,0.65,1.38,1.35,risk_max,0.4786711910077583,-0.18949793160145248,0.06807348741123827,0.0686331717386721,-0.0005596843274338348,0.06532356532356533,0.10003662109375,0.0,0.0,0.06857721697009686,0.08246688867087437
43,0.65,1.38,1.35,sat_persistence,0.49553580276951414,0.0,0.06826031243272315,0.06861241903385776,-0.00035210660113460523,0.10927960927960928,0.10003662109375,0.0,0.0,0.06857721697009686,0.08246688867087437
43,0.65,1.38,1.35,bright_persistence,0.49553580276951414,0.0,0.06826031243272315,0.06861241903385776,-0.00035210660113460523,0.10927960927960928,0.10003662109375,0.0,0.0,0.06857721697009686,0.08246688867087437
43,0.65,1.38,1.35,low_margin,0.6427528302476243,0.5041811466217041,0.07601846347537,0.0677506360820162,0.0082678273933538,0.14774114774114774,0.10003662109375,0.0,0.0,0.06857721697009686,0.08246688867087437
43,0.65,1.38,1.35,focus_entropy,0.41292553023113493,-0.2909807860851288,0.07136238586285897,0.06826783770478123,0.003094548158077734,0.06715506715506715,0.10003662109375,0.0,0.0,0.06857721697009686,0.08246688867087437
43,0.65,1.38,1.35,low_peak_strength,0.35163365995567103,-0.509665310382843,0.06728994121991508,0.06872020881051445,-0.001430267590599374,0.029304029304029304,0.10003662109375,0.0,0.0,0.06857721697009686,0.08246688867087437
43,0.65,1.38,1.35,hybrid_confidence,0.5158468832880134,0.06777989119291306,0.07353369279856686,0.06802664682178317,0.005507045976783698,0.08669108669108669,0.10003662109375,0.0,0.0,0.06857721697009686,0.08246688867087437
43,0.65,1.38,1.35,hybrid_risk_confidence,0.493502621647528,-0.028401832980362238,0.06809652349868923,0.06863061286770746,-0.0005340893690182202,0.06837606837606838,0.10003662109375,0.0,0.0,0.06857721697009686,0.08246688867087437
43,0.65,1.38,1.75,risk_mean,0.464464205506215,-0.24772571612704078,0.06578010584204183,0.06903278778159129,-0.0032526819395494594,0.038461538461538464,0.10003662109375,0.0,0.0,0.06870759899881651,0.08261595363685108
43,0.65,1.38,1.75,risk_max,0.4682666961282622,-0.2232749820369645,0.06683198083724594,0.06891594448563683,-0.0020839636483908908,0.059218559218559216,0.10003662109375,0.0,0.0,0.06870759899881651,0.08261595363685108
43,0.65,1.38,1.75,sat_persistence,0.49375507276331354,0.0,0.06838447447612875,0.06874349198458637,-0.00035901750845762637,0.10866910866910867,0.10003662109375,0.0,0.0,0.06870759899881651,0.08261595363685108
43,0.65,1.38,1.75,bright_persistence,0.49375507276331354,0.0,0.06838447447612875,0.06874349198458637,-0.00035901750845762637,0.10866910866910867,0.10003662109375,0.0,0.0,0.06870759899881651,0.08261595363685108
43,0.65,1.38,1.75,low_margin,0.6367625265056086,0.48798611760139465,0.07518339720547909,0.06798826104530278,0.0071951361601763075,0.14163614163614163,0.10003662109375,0.0,0.0,0.06870759899881651,0.08261595363685108
43,0.65,1.38,1.75,focus_entropy,0.41779645885690253,-0.27501147985458374,0.07204823150175609,0.06833651829626564,0.0037117132054904495,0.06715506715506715,0.10003662109375,0.0,0.0,0.06870759899881651,0.08261595363685108
43,0.65,1.38,1.75,low_peak_strength,0.3546400668182366,-0.5003302693367004,0.06745614851256018,0.06884661133412695,-0.001390462821566768,0.029304029304029304,0.10003662109375,0.0,0.0,0.06870759899881651,0.08261595363685108
43,0.65,1.38,1.75,hybrid_confidence,0.5158168837700746,0.06660128384828568,0.07343450927781422,0.06818252921467177,0.005251980063142453,0.08424908424908426,0.10003662109375,0.0,0.0,0.06870759899881651,0.08261595363685108
43,0.65,1.38,1.75,hybrid_risk_confidence,0.4906353711695529,-0.041116449571647964,0.06706249466531765,0.06889033878576016,-0.0018278441204425122,0.057387057387057384,0.10003662109375,0.0,0.0,0.06870759899881651,0.08261595363685108
43,0.65,1.58,0.95,risk_mean,0.48798581374519984,-0.17240259578441677,0.07042369257460644,0.06754746942396066,0.0028762231506457847,0.054945054945054944,0.10003662109375,0.00021240234375,0.01912841796875,0.06783502151873347,0.08144570235483219
43,0.65,1.58,0.95,risk_max,0.49122708579924196,-0.14156069052935688,0.0709663754183926,0.06748718768666771,0.0034791877317248837,0.07203907203907203,0.10003662109375,0.00021240234375,0.01912841796875,0.06783502151873347,0.08144570235483219
43,0.65,1.58,0.95,sat_persistence,0.4933884579647789,-0.0653789679078436,0.06620592301541066,0.06801598336251773,-0.0018100603471070675,0.10134310134310134,0.10003662109375,0.00021240234375,0.01912841796875,0.06783502151873347,0.08144570235483219
43,0.65,1.58,0.95,bright_persistence,0.40156841617648487,-0.36149198114793735,0.04709465974081345,0.07013888104621434,-0.02304422130540089,0.054334554334554336,0.10003662109375,0.00021240234375,0.01912841796875,0.06783502151873347,0.08144570235483219
43,0.65,1.58,0.95,low_margin,0.6546357841284344,0.5383684635162354,0.07520133011529083,0.06701676480632596,0.008184565308964872,0.1581196581196581,0.10003662109375,0.00021240234375,0.01912841796875,0.06783502151873347,0.08144570235483219
43,0.65,1.58,0.95,focus_entropy,0.4042079185899978,-0.3184494078159332,0.0703973738583554,0.06755039293252021,0.0028469809258351852,0.06349206349206349,0.10003662109375,0.00021240234375,0.01912841796875,0.06783502151873347,0.08144570235483219
43,0.65,1.58,0.95,low_peak_strength,0.351964068439452,-0.5082185864448547,0.06568096666437816,0.0680742960237812,-0.0023933293594030486,0.028083028083028084,0.10003662109375,0.00021240234375,0.01912841796875,0.06783502151873347,0.08144570235483219
43,0.65,1.58,0.95,hybrid_confidence,0.5216200732774432,0.08327796310186386,0.07217523052446799,0.06735290688755259,0.004822323636915399,0.0873015873015873,0.10003662109375,0.00021240234375,0.01912841796875,0.06783502151873347,0.08144570235483219
43,0.65,1.58,0.95,hybrid_risk_confidence,0.502725218277527,-0.0030544375464952285,0.06833499523451686,0.06777948395285437,0.0005555112816624935,0.0695970695970696,0.10003662109375,0.00021240234375,0.01912841796875,0.06783502151873347,0.08144570235483219
43,0.65,1.58,1.35,risk_mean,0.4827049882577749,-0.1865088513332252,0.06936448709056656,0.06802633612202123,0.0013381509685453236,0.05311355311355311,0.10003662109375,0.0002294921875,0.01935791015625,0.06816011854917439,0.08191058008768876
43,0.65,1.58,1.35,risk_max,0.4861964769807492,-0.1576774483712419,0.06989546458718363,0.06796735462605903,0.0019281099611245939,0.07081807081807082,0.10003662109375,0.0002294921875,0.01935791015625,0.06816011854917439,0.08191058008768876
43,0.65,1.58,1.35,sat_persistence,0.4946143417143711,-0.06907187075841084,0.06647776204927938,0.06834699634293731,-0.0018692342936579287,0.10195360195360195,0.10003662109375,0.0002294921875,0.01935791015625,0.06816011854917439,0.08191058008768876
43,0.65,1.58,1.35,bright_persistence,0.3954144598917824,-0.39078315553132315,0.046105121440905825,0.07061000904580697,-0.024504887604901146,0.04945054945054945,0.10003662109375,0.0002294921875,0.01935791015625,0.06816011854917439,0.08191058008768876
43,0.65,1.58,1.35,low_margin,0.655399840816351,0.5378636121749878,0.07541445878391445,0.06735429939113124,0.008060159392783206,0.1568986568986569,0.10003662109375,0.0002294921875,0.01935791015625,0.06816011854917439,0.08191058008768876
43,0.65,1.58,1.35,focus_entropy,0.4076503736181343,-0.3059789538383484,0.07107473502383141,0.06783636012075393,0.003238374903077476,0.06471306471306472,0.10003662109375,0.0002294921875,0.01935791015625,0.06816011854917439,0.08191058008768876
43,0.65,1.58,1.35,low_peak_strength,0.3503202603709885,-0.514609694480896,0.06616536239655368,0.06838169799973677,-0.0022163356031830866,0.028083028083028084,0.10003662109375,0.0002294921875,0.01935791015625,0.06816011854917439,0.08191058008768876
43,0.65,1.58,1.35,hybrid_confidence,0.5214362693344307,0.08628183603286743,0.07282615533311679,0.06764181065197532,0.00518434468114147,0.08791208791208792,0.10003662109375,0.0002294921875,0.01935791015625,0.06816011854917439,0.08191058008768876
43,0.65,1.58,1.35,hybrid_risk_confidence,0.5009450261937171,-0.006478105433444492,0.06806234666476545,0.06817097914504187,-0.00010863248027642713,0.06837606837606838,0.10003662109375,0.0002294921875,0.01935791015625,0.06816011854917439,0.08191058008768876
43,0.65,1.58,1.75,risk_mean,0.4780155049922301,-0.20183232020437658,0.06822462562899931,0.06841034966248752,-0.00018572403348821043,0.04822954822954823,0.10003662109375,0.0002490234375,0.01958251953125,0.06839178179341684,0.0821325569426057
43,0.65,1.58,1.75,risk_max,0.4814541945636322,-0.1756993803698271,0.06903369725279344,0.06832047720081826,0.0007132200519751886,0.06654456654456654,0.10003662109375,0.0002490234375,0.01958251953125,0.06839178179341684,0.0821325569426057
43,0.65,1.58,1.75,sat_persistence,0.49079463757582376,-0.07190731707989012,0.0667914626571603,0.06856954679715944,-0.0017780841399991504,0.10256410256410256,0.10003662109375,0.0002490234375,0.01958251953125,0.06839178179341684,0.0821325569426057
43,0.65,1.58,1.75,bright_persistence,0.38903424517385343,-0.40632570388138617,0.04639176472554964,0.07083556505376992,-0.02444380032822028,0.04822954822954823,0.10003662109375,0.0002490234375,0.01958251953125,0.06839178179341684,0.0821325569426057
43,0.65,1.58,1.75,low_margin,0.6464788117542662,0.5159257054328918,0.07537012357071178,0.0676166208120518,0.0077535027586599775,0.14163614163614163,0.10003662109375,0.0002490234375,0.01958251953125,0.06839178179341684,0.0821325569426057
43,0.65,1.58,1.75,focus_entropy,0.4143295904279607,-0.2856915295124054,0.07199200746908811,0.06799186522914523,0.004000142239942883,0.06898656898656899,0.10003662109375,0.0002490234375,0.01958251953125,0.06839178179341684,0.0821325569426057
43,0.65,1.58,1.75,low_peak_strength,0.3519966334334076,-0.5095146298408508,0.0665932254911357,0.06859156717407171,-0.001998341682936014,0.029304029304029304,0.10003662109375,0.0002490234375,0.01958251953125,0.06839178179341684,0.0821325569426057
43,0.65,1.58,1.75,hybrid_confidence,0.5202820120200827,0.0831957682967186,0.07356933722896507,0.06781665390765611,0.00575268332130896,0.08791208791208792,0.10003662109375,0.0002490234375,0.01958251953125,0.06839178179341684,0.0821325569426057
43,0.65,1.58,1.75,hybrid_risk_confidence,0.4980860100661831,-0.015449986330625423,0.06835198709048473,0.06839620222766363,-4.421513717889347e-05,0.06898656898656899,0.10003662109375,0.0002490234375,0.01958251953125,0.06839178179341684,0.0821325569426057
43,1.0,1.18,0.95,risk_mean,0.48392503761836103,-0.17478791402050206,0.06986982033196205,0.06545912106342155,0.004410699268540499,0.05372405372405373,0.10003662109375,0.0,0.0,0.065900083307188,0.08188333932032525
43,1.0,1.18,0.95,risk_max,0.4851200115198149,-0.16879213028452875,0.07040427557777053,0.06539975325570188,0.005004522322068647,0.06349206349206349,0.10003662109375,0.0,0.0,0.065900083307188,0.08188333932032525
43,1.0,1.18,0.95,sat_persistence,0.497678720059188,0.0,0.06629598136014857,0.06585610656700425,0.0004398747931443209,0.10866910866910867,0.10003662109375,0.0,0.0,0.065900083307188,0.08188333932032525
43,1.0,1.18,0.95,bright_persistence,0.497678720059188,0.0,0.06629598136014857,0.06585610656700425,0.0004398747931443209,0.10866910866910867,0.10003662109375,0.0,0.0,0.065900083307188,0.08188333932032525
43,1.0,1.18,0.95,low_margin,0.6211713425570472,0.42871397733688354,0.07330475630034962,0.06507756504034962,0.008227191260000002,0.14407814407814407,0.10003662109375,0.0,0.0,0.065900083307188,0.08188333932032525
43,1.0,1.18,0.95,focus_entropy,0.5003251740851337,0.010450433939695358,0.0698737537756067,0.0654586841326817,0.004415069642924999,0.12515262515262515,0.10003662109375,0.0,0.0,0.065900083307188,0.08188333932032525
43,1.0,1.18,0.95,low_peak_strength,0.38778440318855567,-0.4305332899093628,0.061058156668284666,0.06643792922028467,-0.005379772552000006,0.0115995115995116,0.10003662109375,0.0,0.0,0.065900083307188,0.08188333932032525
43,1.0,1.18,0.95,hybrid_confidence,0.5791751208411616,0.2964518070220947,0.0742879206137933,0.0649683541936508,0.009319566420142505,0.15079365079365079,0.10003662109375,0.0,0.0,0.065900083307188,0.08188333932032525
43,1.0,1.18,0.95,hybrid_risk_confidence,0.5584445849939101,0.1841064027510452,0.06978920630128552,0.06546807574823427,0.00432113055305125,0.09768009768009768,0.10003662109375,0.0,0.0,0.065900083307188,0.08188333932032525
43,1.0,1.18,1.35,risk_mean,0.4780243186437073,-0.18775514454599893,0.0688765205955766,0.06566642337426506,0.0032100972213115336,0.05067155067155067,0.10003662109375,0.0,0.0,0.06598735472488201,0.08215084714774222
43,1.0,1.18,1.35,risk_max,0.47927436752223224,-0.1843189312501888,0.06915372982527053,0.06563563070382979,0.003518099121440743,0.061660561660561664,0.10003662109375,0.0,0.0,0.06598735472488201,0.08215084714774222
43,1.0,1.18,1.35,sat_persistence,0.49611332452381973,0.0,0.0663723332676628,0.0659445909344931,0.000427742333169695,0.10805860805860806,0.10003662109375,0.0,0.0,0.06598735472488201,0.08215084714774222
43,1.0,1.18,1.35,bright_persistence,0.49611332452381973,0.0,0.0663723332676628,0.0659445909344931,0.000427742333169695,0.10805860805860806,0.10003662109375,0.0,0.0,0.06598735472488201,0.08215084714774222
43,1.0,1.18,1.35,low_margin,0.6191598852239133,0.4214172661304474,0.07332331529463725,0.065172469100763,0.00815084619387424,0.14163614163614163,0.10003662109375,0.0,0.0,0.06598735472488201,0.08215084714774222
43,1.0,1.18,1.35,focus_entropy,0.5010349419902425,0.010276559740304947,0.07007338351907265,0.06553347467843659,0.004539908840636056,0.11782661782661782,0.10003662109375,0.0,0.0,0.06598735472488201,0.08215084714774222
43,1.0,1.18,1.35,low_peak_strength,0.3880502609854614,-0.43000712990760803,0.06130915162184423,0.06650701406862106,-0.005197862446776828,0.01221001221001221,0.10003662109375,0.0,0.0,0.06598735472488201,0.08215084714774222
43,1.0,1.18,1.35,hybrid_confidence,0.5768408273163611,0.28714248538017273,0.07472887520880929,0.06501633814054235,0.009712537068266941,0.14590964590964592,0.10003662109375,0.0,0.0,0.06598735472488201,0.08215084714774222
43,1.0,1.18,1.35,hybrid_risk_confidence,0.5547306032944436,0.17084984170169554,0.06959935877215183,0.06558612980765512,0.004013228964496712,0.09157509157509157,0.10003662109375,0.0,0.0,0.06598735472488201,0.08215084714774222
43,1.0,1.18,1.75,risk_mean,0.4733463800202383,-0.19730927185108293,0.06775313828409632,0.06592533729661802,0.001827800987478298,0.04945054945054945,0.10003662109375,0.0,0.0,0.0661080727713183,0.08242251083821829
43,1.0,1.18,1.75,risk_max,0.4746256836010842,-0.1958977330174385,0.06795582881068932,0.0659028222360891,0.0020530065746002107,0.05982905982905983,0.10003662109375,0.0,0.0,0.0661080727713183,0.08242251083821829
43,1.0,1.18,1.75,sat_persistence,0.497468475161744,0.0,0.06654775796532954,0.06605923211298449,0.0004885258523450453,0.10744810744810745,0.10003662109375,0.0,0.0,0.0661080727713183,0.08242251083821829
43,1.0,1.18,1.75,bright_persistence,0.497468475161744,0.0,0.06654775796532954,0.06605923211298449,0.0004885258523450453,0.10744810744810745,0.10003662109375,0.0,0.0,0.0661080727713183,0.08242251083821829
43,1.0,1.18,1.75,low_margin,0.6175564627133923,0.41428738832473755,0.0734571256425171,0.06529173284164086,0.008165392800876234,0.14590964590964592,0.10003662109375,0.0,0.0,0.0661080727713183,0.08242251083821829
43,1.0,1.18,1.75,focus_entropy,0.5008865995463659,0.006988232024013996,0.0701289929663433,0.06566142505129585,0.004467567915047446,0.10866910866910867,0.10003662109375,0.0,0.0,0.0661080727713183,0.08242251083821829
43,1.0,1.18,1.75,low_peak_strength,0.38989653476602754,-0.42343437671661377,0.06186523320900472,0.06657937151016745,-0.004714138301162726,0.01221001221001221,0.10003662109375,0.0,0.0,0.0661080727713183,0.08242251083821829
43,1.0,1.18,1.75,hybrid_confidence,0.5737421874531258,0.2755964696407318,0.0749135896925177,0.0651299474005788,0.009783642291938899,0.14224664224664224,0.10003662109375,0.0,0.0,0.0661080727713183,0.08242251083821829
43,1.0,1.18,1.75,hybrid_risk_confidence,0.5505557048635011,0.15751554891725428,0.06868822831761856,0.06582146658761832,0.0028667617300002363,0.0873015873015873,0.10003662109375,0.0,0.0,0.0661080727713183,0.08242251083821829
43,1.0,1.38,0.95,risk_mean,0.49156084595330296,-0.14943222043820734,0.07175129323267113,0.06523032452165388,0.006520968711017247,0.05860805860805861,0.10003662109375,0.0,0.0,0.06588226218941794,0.08179465282329369
43,1.0,1.38,0.95,risk_max,0.49264798710475893,-0.13900998124438801,0.07223652621523714,0.06517642437073545,0.00706010184450169,0.0695970695970696,0.10003662109375,0.0,0.0,0.06588226218941794,0.08179465282329369
43,1.0,1.38,0.95,sat_persistence,0.4995912824297375,0.0,0.0663845635318827,0.06582646606850669,0.0005580974633760116,0.1105006105006105,0.10003662109375,0.0,0.0,0.06588226218941794,0.08179465282329369
43,1.0,1.38,0.95,bright_persistence,0.4995912824297375,0.0,0.0663845635318827,0.06582646606850669,0.0005580974633760116,0.1105006105006105,0.10003662109375,0.0,0.0,0.06588226218941794,0.08179465282329369
43,1.0,1.38,0.95,low_margin,0.6305595779047136,0.45585331320762634,0.07412497100187745,0.06496665408994631,0.009158316911931141,0.1514041514041514,0.10003662109375,0.0,0.0,0.06588226218941794,0.08179465282329369
43,1.0,1.38,0.95,focus_entropy,0.4937647553663448,-0.013223005458712578,0.06915092526204678,0.06551917592107628,0.0036317493409704915,0.11721611721611722,0.10003662109375,0.0,0.0,0.06588226218941794,0.08179465282329369
43,1.0,1.38,0.95,low_peak_strength,0.38481163716472694,-0.44010743498802185,0.06111077207392066,0.066412283945093,-0.005301511871172344,0.010378510378510378,0.10003662109375,0.0,0.0,0.06588226218941794,0.08179465282329369
43,1.0,1.38,0.95,hybrid_confidence,0.5799870112431986,0.29935216903686523,0.07425434215007565,0.06495228341717073,0.00930205873290492,0.1514041514041514,0.10003662109375,0.0,0.0,0.06588226218941794,0.08179465282329369
43,1.0,1.38,0.95,hybrid_risk_confidence,0.5619702524780119,0.19810070571916316,0.07102790135362032,0.06531067959407252,0.005717221759547794,0.10317460317460317,0.10003662109375,0.0,0.0,0.06588226218941794,0.08179465282329369
43,1.0,1.38,1.35,risk_mean,0.4850916671476934,-0.16560310384609542,0.0710570401300543,0.06532486604603142,0.0057321740840228785,0.056776556776556776,0.10003662109375,0.0,0.0,0.06589794350877737,0.08197916099059303
43,1.0,1.38,1.35,risk_max,0.4862506002489753,-0.15993251927508678,0.07115415091821964,0.06531407888537669,0.005840072032842952,0.06593406593406594,0.10003662109375,0.0,0.0,0.06589794350877737,0.08197916099059303
43,1.0,1.38,1.35,sat_persistence,0.497502612544226,0.0,0.06634728090149057,0.06584803067483838,0.0004992502266521898,0.10927960927960928,0.10003662109375,0.0,0.0,0.06589794350877737,0.08197916099059303
43,1.0,1.38,1.35,bright_persistence,0.497502612544226,0.0,0.06634728090149057,0.06584803067483838,0.0004992502266521898,0.10927960927960928,0.10003662109375,0.0,0.0,0.06589794350877737,0.08197916099059303
43,1.0,1.38,1.35,low_margin,0.6262687365092685,0.4425312578678131,0.07417430280922256,0.06497859748042194,0.009195705328800624,0.15079365079365079,0.10003662109375,0.0,0.0,0.06589794350877737,0.08197916099059303
43,1.0,1.38,1.35,focus_entropy,0.4957535372017815,-0.008819754235446453,0.06963911383706117,0.06548237067562065,0.004156743161440518,0.11477411477411477,0.10003662109375,0.0,0.0,0.06589794350877737,0.08197916099059303
43,1.0,1.38,1.35,low_peak_strength,0.38704790467849726,-0.43337282538414,0.061402917078709075,0.06639725540979811,-0.004994338331089039,0.0115995115995116,0.10003662109375,0.0,0.0,0.06589794350877737,0.08197916099059303
43,1.0,1.38,1.35,hybrid_confidence,0.5769752665353722,0.290104478597641,0.07426031153636597,0.06496904354748684,0.009291267988879137,0.14590964590964592,0.10003662109375,0.0,0.0,0.06589794350877737,0.08197916099059303
43,1.0,1.38,1.35,hybrid_risk_confidence,0.5568305695501583,0.18217794380201788,0.07077025806799621,0.06535672207598199,0.005413535992014218,0.09706959706959707,0.10003662109375,0.0,0.0,0.06589794350877737,0.08197916099059303
43,1.0,1.38,1.75,risk_mean,0.4811937573692781,-0.17568719623243495,0.07009870562884876,0.06549973684481294,0.004598968784035817,0.05372405372405373,0.10003662109375,0.0,0.0,0.0659595214437052,0.0820867664751964
43,1.0,1.38,1.75,risk_max,0.4824599852981673,-0.1703356135143795,0.0703563147486949,0.06547112137361343,0.004885193375081476,0.0641025641025641,0.10003662109375,0.0,0.0,0.0659595214437052,0.0820867664751964
43,1.0,1.38,1.75,sat_persistence,0.4967737277049272,0.0,0.06630508475728789,0.06592113593525216,0.0003839488220357262,0.10805860805860806,0.10003662109375,0.0,0.0,0.0659595214437052,0.0820867664751964
43,1.0,1.38,1.75,bright_persistence,0.4967737277049272,0.0,0.06630508475728789,0.06592113593525216,0.0003839488220357262,0.10805860805860806,0.10003662109375,0.0,0.0,0.0659595214437052,0.0820867664751964
43,1.0,1.38,1.75,low_margin,0.6242276520660047,0.43532562255859375,0.0749040963531495,0.06496594937659074,0.00993814697655876,0.15384615384615385,0.10003662109375,0.0,0.0,0.0659595214437052,0.0820867664751964
43,1.0,1.38,1.75,focus_entropy,0.49406884703163045,-0.01824525184929371,0.06955431475546636,0.06556020831169213,0.003994106443774237,0.10683760683760683,0.10003662109375,0.0,0.0,0.0659595214437052,0.0820867664751964
43,1.0,1.38,1.75,low_peak_strength,0.38744993959752233,-0.4323226511478424,0.061243349544657606,0.06648339839817691,-0.005240048853519301,0.0115995115995116,0.10003662109375,0.0,0.0,0.0659595214437052,0.0820867664751964
43,1.0,1.38,1.75,hybrid_confidence,0.5732619468942327,0.27415165305137634,0.07419438374845061,0.06504478494193028,0.009149598806520332,0.1385836385836386,0.10003662109375,0.0,0.0,0.0659595214437052,0.0820867664751964
43,1.0,1.38,1.75,hybrid_risk_confidence,0.5519887714907754,0.16491340798548906,0.07096899531594511,0.06540306422122255,0.005565931094722559,0.09462759462759462,0.10003662109375,0.0,0.0,0.0659595214437052,0.0820867664751964
43,1.0,1.58,0.95,risk_mean,0.49976304518692904,-0.1314436326069378,0.0738313392258612,0.06487200344694127,0.008959335778919927,0.06288156288156288,0.10003662109375,5.859375e-05,0.0153271484375,0.0657677182910496,0.08155632733761684
43,1.0,1.58,0.95,risk_max,0.5004605650129897,-0.1253404785844645,0.07397713756926645,0.06485580802536949,0.009121329543896967,0.07020757020757021,0.10003662109375,5.859375e-05,0.0153271484375,0.0657677182910496,0.08155632733761684
43,1.0,1.58,0.95,sat_persistence,0.5011548159260614,-0.04255849824980318,0.06538479593851217,0.06581025367782951,-0.00042545773931734754,0.10805860805860806,0.10003662109375,5.859375e-05,0.0153271484375,0.0657677182910496,0.08155632733761684
43,1.0,1.58,0.95,bright_persistence,0.4090999089462907,-0.37913526264173925,0.04934032586408431,0.06759248899465527,-0.01825216313057096,0.040903540903540904,0.10003662109375,5.859375e-05,0.0153271484375,0.0657677182910496,0.08155632733761684
43,1.0,1.58,0.95,low_margin,0.6357824732885327,0.47200092673301697,0.07485187107746057,0.06475864177781611,0.010093229299644457,0.16361416361416362,0.10003662109375,5.859375e-05,0.0153271484375,0.0657677182910496,0.08155632733761684
43,1.0,1.58,0.95,focus_entropy,0.4858439723003072,-0.042755454778671265,0.0691640695077574,0.06539044829966432,0.0037736212080930753,0.11477411477411477,0.10003662109375,5.859375e-05,0.0153271484375,0.0657677182910496,0.08155632733761684
43,1.0,1.58,0.95,low_peak_strength,0.3835421403228486,-0.44243091344833374,0.0614092724322169,0.06625185868958264,-0.004842586257365736,0.01282051282051282,0.10003662109375,5.859375e-05,0.0153271484375,0.0657677182910496,0.08155632733761684
43,1.0,1.58,0.95,hybrid_confidence,0.576542239010918,0.28544512391090393,0.07368753824092521,0.06488797699999466,0.00879956124093055,0.15018315018315018,0.10003662109375,5.859375e-05,0.0153271484375,0.0657677182910496,0.08155632733761684
43,1.0,1.58,0.95,hybrid_risk_confidence,0.5597286471189807,0.1870092711492174,0.0711895267474507,0.06516545854253578,0.006024068204914926,0.09829059829059829,0.10003662109375,5.859375e-05,0.0153271484375,0.0657677182910496,0.08155632733761684
43,1.0,1.58,1.35,risk_mean,0.4946216657346127,-0.14202020269083324,0.07299194708161492,0.06507556135431415,0.007916385727300773,0.06105006105006105,0.10003662109375,6.103515625e-05,0.01545166015625,0.0658670066559083,0.08171494863995449
43,1.0,1.58,1.35,risk_max,0.4955769331430743,-0.1321543926985,0.0732952043897612,0.0650418752380288,0.008253329151732394,0.06898656898656899,0.10003662109375,6.103515625e-05,0.01545166015625,0.0658670066559083,0.08171494863995449
43,1.0,1.58,1.35,sat_persistence,0.49760800395414334,-0.04343741868577555,0.06556470987952344,0.06590058607539281,-0.0003358761958693751,0.10805860805860806,0.10003662109375,6.103515625e-05,0.01545166015625,0.0658670066559083,0.08171494863995449
43,1.0,1.58,1.35,bright_persistence,0.40242243003957245,-0.3943998719436097,0.048613039843792,0.06778359404491187,-0.01917055420111987,0.040293040293040296,0.10003662109375,6.103515625e-05,0.01545166015625,0.0658670066559083,0.08171494863995449
43,1.0,1.58,1.35,low_margin,0.6375678377030217,0.4753360450267792,0.0751023311751959,0.06484113783978238,0.010261193335413518,0.16544566544566544,0.10003662109375,6.103515625e-05,0.01545166015625,0.0658670066559083,0.08171494863995449
43,1.0,1.58,1.35,focus_entropy,0.4893259853134774,-0.034220196306705475,0.0694443464596713,0.06546963227651297,0.00397471418315834,0.11355311355311355,0.10003662109375,6.103515625e-05,0.01545166015625,0.0658670066559083,0.08171494863995449
43,1.0,1.58,1.35,low_peak_strength,0.38534182174865744,-0.4390866160392761,0.06107611745241753,0.06639918328111635,-0.00532306582869882,0.01098901098901099,0.10003662109375,6.103515625e-05,0.01545166015625,0.0658670066559083,0.08171494863995449
43,1.0,1.58,1.35,hybrid_confidence,0.5796450994959874,0.29600295424461365,0.07446735997480733,0.06491167105734892,0.009555688917458408,0.15323565323565325,0.10003662109375,6.103515625e-05,0.01545166015625,0.0658670066559083,0.08171494863995449
43,1.0,1.58,1.35,hybrid_risk_confidence,0.5617604213670222,0.19439772833827887,0.07115683094079388,0.06527940783733767,0.0058774231034562086,0.09829059829059829,0.10003662109375,6.103515625e-05,0.01545166015625,0.0658670066559083,0.08171494863995449
43,1.0,1.58,1.75,risk_mean,0.49052782807007306,-0.14874980128445994,0.07205562897002449,0.06509068428877633,0.006964944681248156,0.059218559218559216,0.10003662109375,6.591796875e-05,0.01560791015625,0.06578700871430637,0.08165929915345609
43,1.0,1.58,1.75,risk_max,0.4914799093228364,-0.1434562080737599,0.07257066054236846,0.06503347408156762,0.007537186460800843,0.06776556776556776,0.10003662109375,6.591796875e-05,0.01560791015625,0.06578700871430637,0.08165929915345609
43,1.0,1.58,1.75,sat_persistence,0.4972235963380726,-0.0435572848023385,0.06543091458861014,0.06582656399559557,-0.0003956494069854294,0.10744810744810745,0.10003662109375,6.591796875e-05,0.01560791015625,0.06578700871430637,0.08165929915345609
43,1.0,1.58,1.75,bright_persistence,0.39708499856519547,-0.41551020948147716,0.04742362915352992,0.06782683074879384,-0.020403201595263917,0.03540903540903541,0.10003662109375,6.591796875e-05,0.01560791015625,0.06578700871430637,0.08165929915345609
43,1.0,1.58,1.75,low_margin,0.6304594415827663,0.4570412337779999,0.07327013599314451,0.06495577566922725,0.008314360323917261,0.14896214896214896,0.10003662109375,6.591796875e-05,0.01560791015625,0.06578700871430637,0.08165929915345609
43,1.0,1.58,1.75,focus_entropy,0.4889402535807528,-0.03485729545354843,0.06934173329678436,0.06539214645565326,0.0039495868411311,0.1111111111111111,0.10003662109375,6.591796875e-05,0.01560791015625,0.06578700871430637,0.08165929915345609
43,1.0,1.58,1.75,low_peak_strength,0.3851495765619766,-0.4403366446495056,0.06096901332678012,0.06632219632076021,-0.005353182993980091,0.009768009768009768,0.10003662109375,6.591796875e-05,0.01560791015625,0.06578700871430637,0.08165929915345609
43,1.0,1.58,1.75,hybrid_confidence,0.5751601922534624,0.2811289429664612,0.07324506172365494,0.06495856094343204,0.008286500780222902,0.14285714285714285,0.10003662109375,6.591796875e-05,0.01560791015625,0.06578700871430637,0.08165929915345609
43,1.0,1.58,1.75,hybrid_risk_confidence,0.556728819461039,0.17911915806644457,0.07094686487343108,0.06521384688135871,0.005733017992072362,0.09523809523809523,0.10003662109375,6.591796875e-05,0.01560791015625,0.06578700871430637,0.08165929915345609
43,1.35,1.18,0.95,risk_mean,0.5377050699805996,-0.008540952336701492,0.0810348799160148,0.06577318794217307,0.015261691973841723,0.10195360195360195,0.10003662109375,0.0,0.0,0.06729898453965552,0.08402130103285285
43,1.35,1.18,0.95,risk_max,0.5385337601126823,0.013309090945663567,0.08006997210332663,0.06588037083903886,0.014189601264287768,0.10134310134310134,0.10003662109375,0.0,0.0,0.06729898453965552,0.08402130103285285
43,1.35,1.18,0.95,sat_persistence,0.5083415832007665,0.0,0.06791003729205533,0.06723110820651904,0.000678929085536295,0.10805860805860806,0.10003662109375,0.0,0.0,0.06729898453965552,0.08402130103285285
43,1.35,1.18,0.95,bright_persistence,0.5083415832007665,0.0,0.06791003729205533,0.06723110820651904,0.000678929085536295,0.10805860805860806,0.10003662109375,0.0,0.0,0.06729898453965552,0.08402130103285285
43,1.35,1.18,0.95,low_margin,0.6522792702710364,0.5150676965713501,0.07497879531032896,0.06644590370130186,0.008532891609027093,0.1684981684981685,0.10003662109375,0.0,0.0,0.06729898453965552,0.08402130103285285
43,1.35,1.18,0.95,focus_entropy,0.5041017202964946,0.03760303556919098,0.06962271471051368,0.06704086233567712,0.00258185237483656,0.1288156288156288,0.10003662109375,0.0,0.0,0.06729898453965552,0.08402130103285285
43,1.35,1.18,0.95,low_peak_strength,0.4314254674390405,-0.29504820704460144,0.07084764621825174,0.06690479575425336,0.003942850463998379,0.033577533577533576,0.10003662109375,0.0,0.0,0.06729898453965552,0.08402130103285285
43,1.35,1.18,0.95,hybrid_confidence,0.6083771067678706,0.38830819725990295,0.07486679830902586,0.06645834443696813,0.008408453872057728,0.16361416361416362,0.10003662109375,0.0,0.0,0.06729898453965552,0.08402130103285285
43,1.35,1.18,0.95,hybrid_risk_confidence,0.6047146001033225,0.3414422653788106,0.07629452489823192,0.06629975118095839,0.00999477371727353,0.13247863247863248,0.10003662109375,0.0,0.0,0.06729898453965552,0.08402130103285285
43,1.35,1.18,1.35,risk_mean,0.5301527223734956,-0.02391068847296898,0.07975251386668672,0.06594356284269501,0.013808951023991711,0.09768009768009768,0.10003662109375,0.0,0.0,0.06732412081250082,0.08409931978642281
43,1.35,1.18,1.35,risk_max,0.5308792486300048,-0.0065149406015381555,0.0787676151229843,0.06605296635159129,0.012714648771393014,0.09706959706959707,0.10003662109375,0.0,0.0,0.06732412081250082,0.08409931978642281
43,1.35,1.18,1.35,sat_persistence,0.5069259783618649,0.0,0.06811713892821346,0.067236031590099,0.0008811073381144591,0.10683760683760683,0.10003662109375,0.0,0.0,0.06732412081250082,0.08409931978642281
43,1.35,1.18,1.35,bright_persistence,0.5069259783618649,0.0,0.06811713892821346,0.067236031590099,0.0008811073381144591,0.10683760683760683,0.10003662109375,0.0,0.0,0.06732412081250082,0.08409931978642281
43,1.35,1.18,1.35,low_margin,0.6516944244964892,0.5138892531394958,0.07534427176990877,0.06643323465569664,0.008911037114212123,0.17094017094017094,0.10003662109375,0.0,0.0,0.06732412081250082,0.08409931978642281
43,1.35,1.18,1.35,focus_entropy,0.505517697543205,0.035428859293460846,0.07057379157123002,0.06696314422883076,0.0036106473423992563,0.12759462759462759,0.10003662109375,0.0,0.0,0.06732412081250082,0.08409931978642281
43,1.35,1.18,1.35,low_peak_strength,0.4298646649333152,-0.30265337228775024,0.07097067984793189,0.06691905749363224,0.00405162235429965,0.030525030525030524,0.10003662109375,0.0,0.0,0.06732412081250082,0.08409931978642281
43,1.35,1.18,1.35,hybrid_confidence,0.6071480782412255,0.38141074776649475,0.07554059648014867,0.06641142671623015,0.009129169763918518,0.16056166056166057,0.10003662109375,0.0,0.0,0.06732412081250082,0.08409931978642281
43,1.35,1.18,1.35,hybrid_risk_confidence,0.6013191098377523,0.32670765612393693,0.07629022922752317,0.06632815678267533,0.009962072444847841,0.12698412698412698,0.10003662109375,0.0,0.0,0.06732412081250082,0.08409931978642281
43,1.35,1.18,1.75,risk_mean,0.521698072024084,-0.045491219212520334,0.0782316270819858,0.06599151572079584,0.012240111361189965,0.0927960927960928,0.10003662109375,0.0,0.0,0.06721522802607108,0.08402179023669272
43,1.35,1.18,1.75,risk_max,0.5225359895940982,-0.0310618201520317,0.07708841011117225,0.06611850537210417,0.010969904739068073,0.09157509157509157,0.10003662109375,0.0,0.0,0.06721522802607108,0.08402179023669272
43,1.35,1.18,1.75,sat_persistence,0.5066897062964436,0.0,0.06835726467542257,0.06708836948601697,0.0012688951894055944,0.10866910866910867,0.10003662109375,0.0,0.0,0.06721522802607108,0.08402179023669272
43,1.35,1.18,1.75,bright_persistence,0.5066897062964436,0.0,0.06835726467542257,0.06708836948601697,0.0012688951894055944,0.10866910866910867,0.10003662109375,0.0,0.0,0.06721522802607108,0.08402179023669272
43,1.35,1.18,1.75,low_margin,0.6482378179716146,0.5045523643493652,0.07402081558858449,0.06645925675064743,0.007561558837937063,0.163003663003663,0.10003662109375,0.0,0.0,0.06721522802607108,0.08402179023669272
43,1.35,1.18,1.75,focus_entropy,0.5088981673604831,0.04441802576184273,0.07066793122627985,0.06683169840163447,0.0038362328246453747,0.1227106227106227,0.10003662109375,0.0,0.0,0.06721522802607108,0.08402179023669272
43,1.35,1.18,1.75,low_peak_strength,0.42970763297389775,-0.3044185936450958,0.0708307015805812,0.06681361771261063,0.004017083867970575,0.029914529914529916,0.10003662109375,0.0,0.0,0.06721522802607108,0.08402179023669272
43,1.35,1.18,1.75,hybrid_confidence,0.6057133978467795,0.37712404131889343,0.07520164242897263,0.0663280893585034,0.008873553070469234,0.1562881562881563,0.10003662109375,0.0,0.0,0.06721522802607108,0.08402179023669272
43,1.35,1.18,1.75,hybrid_risk_confidence,0.5976601203580659,0.31328956820137793,0.07527503127433276,0.0663199372542921,0.00895509402004066,0.12026862026862027,0.10003662109375,0.0,0.0,0.06721522802607108,0.08402179023669272
43,1.35,1.38,0.95,risk_mean,0.5485468543850296,0.01097143888923859,0.08250531516232804,0.06543653654815668,0.01706877861417136,0.10683760683760683,0.10003662109375,0.0,0.0,0.06714299769134593,0.08377299390099291
43,1.35,1.38,0.95,risk_max,0.5492258779565818,0.035820264684643034,0.08156386067186848,0.06554111422721356,0.016022746444654914,0.10622710622710622,0.10003662109375,0.0,0.0,0.06714299769134593,0.08377299390099291
43,1.35,1.38,0.95,sat_persistence,0.5083453072788554,0.0,0.06750082825298494,0.06710324952506595,0.00039757872791898463,0.10561660561660562,0.10003662109375,0.0,0.0,0.06714299769134593,0.08377299390099291
43,1.35,1.38,0.95,bright_persistence,0.5083453072788554,0.0,0.06750082825298494,0.06710324952506595,0.00039757872791898463,0.10561660561660562,0.10003662109375,0.0,0.0,0.06714299769134593,0.08377299390099291
43,1.35,1.38,0.95,low_margin,0.6484951517675612,0.5058508515357971,0.07553979717108934,0.0662102730509133,0.009329524120176041,0.16788766788766787,0.10003662109375,0.0,0.0,0.06714299769134593,0.08377299390099291
43,1.35,1.38,0.95,focus_entropy,0.49517804300110213,0.0036234951112419367,0.06890437841063772,0.06694734181055115,0.001957036600086573,0.12454212454212454,0.10003662109375,0.0,0.0,0.06714299769134593,0.08377299390099291
43,1.35,1.38,0.95,low_peak_strength,0.42873316587395527,-0.30212607979774475,0.07112674268515884,0.06670047942877537,0.00442626325638347,0.0347985347985348,0.10003662109375,0.0,0.0,0.06714299769134593,0.08377299390099291
43,1.35,1.38,0.95,hybrid_confidence,0.6008394899585406,0.35948073863983154,0.07312012029062662,0.06647905310856947,0.006641067182057148,0.163003663003663,0.10003662109375,0.0,0.0,0.06714299769134593,0.08377299390099291
43,1.35,1.38,0.95,hybrid_risk_confidence,0.5990326086484266,0.32436562776157873,0.07631345366126811,0.06612433453667806,0.010189119124590057,0.12942612942612944,0.10003662109375,0.0,0.0,0.06714299769134593,0.08377299390099291
43,1.35,1.38,1.35,risk_mean,0.5423931463721997,-0.005591268671168941,0.0812891440289076,0.06555227098444451,0.0157368730444631,0.10256410256410256,0.10003662109375,0.0,0.0,0.06712557408788876,0.08380309044422202
43,1.35,1.38,1.35,risk_max,0.5431159899292652,0.018119380529851393,0.08045212384656233,0.06564524799913876,0.014806875847423573,0.10195360195360195,0.10003662109375,0.0,0.0,0.06712557408788876,0.08380309044422202
43,1.35,1.38,1.35,sat_persistence,0.5076310291013945,0.0,0.06781947427672962,0.06704849498105835,0.0007709792956712702,0.10805860805860806,0.10003662109375,0.0,0.0,0.06712557408788876,0.08380309044422202
43,1.35,1.38,1.35,bright_persistence,0.5076310291013945,0.0,0.06781947427672962,0.06704849498105835,0.0007709792956712702,0.10805860805860806,0.10003662109375,0.0,0.0,0.06712557408788876,0.08380309044422202
43,1.35,1.38,1.35,low_margin,0.6487724300706065,0.5064763426780701,0.07501899274142176,0.06624876547847014,0.008770227262951624,0.16666666666666666,0.10003662109375,0.0,0.0,0.06712557408788876,0.08380309044422202
43,1.35,1.38,1.35,focus_entropy,0.49753157759602895,0.009451624006032944,0.06917360452167895,0.06689807687843885,0.0022755276432400995,0.12454212454212454,0.10003662109375,0.0,0.0,0.06712557408788876,0.08380309044422202
43,1.35,1.38,1.35,low_peak_strength,0.4283982884964676,-0.3032684326171875,0.07076134975665115,0.06672170859586157,0.004039641160789573,0.03418803418803419,0.10003662109375,0.0,0.0,0.06712557408788876,0.08380309044422202
43,1.35,1.38,1.35,hybrid_confidence,0.6010043424819449,0.3610849380493164,0.0731391706793797,0.06645757793863728,0.006681592740742412,0.15506715506715507,0.10003662109375,0.0,0.0,0.06712557408788876,0.08380309044422202
43,1.35,1.38,1.35,hybrid_risk_confidence,0.5972991330553102,0.31798349151185223,0.07566085926350502,0.0661774663218736,0.009483392941631419,0.12332112332112333,0.10003662109375,0.0,0.0,0.06712557408788876,0.08380309044422202
43,1.35,1.38,1.75,risk_mean,0.5335662537284745,-0.02053685520101155,0.08039818319912291,0.06569993940306361,0.014698243796059302,0.0995115995115995,0.10003662109375,0.0,0.0,0.06716940493882687,0.08388932238840244
43,1.35,1.38,1.75,risk_max,0.5343939921517123,0.001453162606816333,0.079497770975729,0.06579995806723825,0.013697812908490758,0.09829059829059829,0.10003662109375,0.0,0.0,0.06716940493882687,0.08388932238840244
43,1.35,1.38,1.75,sat_persistence,0.5095445845594343,0.0,0.06816385729150819,0.0670589402057676,0.0011049170857405921,0.10989010989010989,0.10003662109375,0.0,0.0,0.06716940493882687,0.08388932238840244
43,1.35,1.38,1.75,bright_persistence,0.5095445845594343,0.0,0.06816385729150819,0.0670589402057676,0.0011049170857405921,0.10989010989010989,0.10003662109375,0.0,0.0,0.06716940493882687,0.08388932238840244
43,1.35,1.38,1.75,low_margin,0.6496405954304321,0.5080190300941467,0.0749721856178359,0.06630266448363788,0.008669521134198027,0.17032967032967034,0.10003662109375,0.0,0.0,0.06716940493882687,0.08388932238840244
43,1.35,1.38,1.75,focus_entropy,0.5020260846842944,0.020172422751784325,0.06982799989479663,0.06687408562932745,0.0029539142654691763,0.12393162393162394,0.10003662109375,0.0,0.0,0.06716940493882687,0.08388932238840244
43,1.35,1.38,1.75,low_peak_strength,0.43012390214695173,-0.29845401644706726,0.07077520927905329,0.06676886869107894,0.004006340587974347,0.0347985347985348,0.10003662109375,0.0,0.0,0.06716940493882687,0.08388932238840244
43,1.35,1.38,1.75,hybrid_confidence,0.6025694483667952,0.3668352961540222,0.0743021208171368,0.0663770959324067,0.007925024884730097,0.1568986568986569,0.10003662109375,0.0,0.0,0.06716940493882687,0.08388932238840244
43,1.35,1.38,1.75,hybrid_risk_confidence,0.5970905433036835,0.3160283700274041,0.07605691014436278,0.06618217222984356,0.009874737914519219,0.12698412698412698,0.10003662109375,0.0,0.0,0.06716940493882687,0.08388932238840244
43,1.35,1.58,0.95,risk_mean,0.559997608314294,0.041844726879377195,0.0849486060108943,0.065104371559966,0.019844234450928297,0.11416361416361416,0.10003662109375,9.765625e-06,0.01191162109375,0.06708831052667868,0.08361850128443277
43,1.35,1.58,0.95,risk_max,0.5604214911581076,0.06716767153466983,0.08380344737491795,0.06523157689332619,0.018571870481591757,0.11294261294261294,0.10003662109375,9.765625e-06,0.01191162109375,0.06708831052667868,0.08361850128443277
43,1.35,1.58,0.95,sat_persistence,0.5113434797909799,0.02602959810963338,0.06744033711762344,0.06704920707109972,0.00039113004652371886,0.10744810744810745,0.10003662109375,9.765625e-06,0.01191162109375,0.06708831052667868,0.08361850128443277
43,1.35,1.58,0.95,bright_persistence,0.48295648766471544,-0.06608241570827637,0.06037747154533468,0.06783375703769466,-0.007456285492359979,0.10012210012210013,0.10003662109375,9.765625e-06,0.01191162109375,0.06708831052667868,0.08361850128443277
43,1.35,1.58,0.95,low_margin,0.647163421442952,0.5045775175094604,0.07408267412013937,0.06631136982641499,0.007771304293724385,0.15934065934065933,0.10003662109375,9.765625e-06,0.01191162109375,0.06708831052667868,0.08361850128443277
43,1.35,1.58,0.95,focus_entropy,0.4859599566434553,-0.02848978154361248,0.06812984789647884,0.06697261554419309,0.0011572323522857503,0.11843711843711843,0.10003662109375,9.765625e-06,0.01191162109375,0.06708831052667868,0.08361850128443277
43,1.35,1.58,0.95,low_peak_strength,0.4268462168849287,-0.3079893887042999,0.07127993168063235,0.06662270117836891,0.0046572305022634375,0.0347985347985348,0.10003662109375,9.765625e-06,0.01191162109375,0.06708831052667868,0.08361850128443277
43,1.35,1.58,0.95,hybrid_confidence,0.59612315195211,0.34142741560935974,0.07239477790165266,0.06649886297749875,0.005895914924153908,0.1562881562881563,0.10003662109375,9.765625e-06,0.01191162109375,0.06708831052667868,0.08361850128443277
43,1.35,1.58,0.95,hybrid_risk_confidence,0.5975635012209803,0.3211327346733126,0.07674950736644534,0.06601513539962472,0.010734371966820616,0.13125763125763126,0.10003662109375,9.765625e-06,0.01191162109375,0.06708831052667868,0.08361850128443277
43,1.35,1.58,1.35,risk_mean,0.5526116028618299,0.029156097609531594,0.08388198682215639,0.0652263140982497,0.018655672723906697,0.11172161172161173,0.10003662109375,9.765625e-06,0.01204345703125,0.0670914259098805,0.08365818331660829
43,1.35,1.58,1.35,risk_max,0.5532126276867413,0.053774149996823124,0.08289989981411612,0.06533540527681812,0.017564494537297998,0.1111111111111111,0.10003662109375,9.765625e-06,0.01204345703125,0.0670914259098805,0.08365818331660829
43,1.35,1.58,1.35,sat_persistence,0.5118158584072408,0.02602959810963338,0.06754838605029653,0.06704066633372416,0.0005077197165723746,0.10744810744810745,0.10003662109375,9.765625e-06,0.01204345703125,0.0670914259098805,0.08365818331660829
43,1.35,1.58,1.35,bright_persistence,0.4803675499559214,-0.0812115358282138,0.059919786709533275,0.06788805855671143,-0.007968271847178153,0.09768009768009768,0.10003662109375,9.765625e-06,0.01204345703125,0.0670914259098805,0.08365818331660829
43,1.35,1.58,1.35,low_margin,0.6503092743406261,0.5121272206306458,0.07432880420345579,0.06628749090073387,0.008041313302721925,0.1684981684981685,0.10003662109375,9.765625e-06,0.01204345703125,0.0670914259098805,0.08365818331660829
43,1.35,1.58,1.35,focus_entropy,0.49001510527451525,-0.017495622858405113,0.06881566653978964,0.06689989558628148,0.0019157709535081585,0.1221001221001221,0.10003662109375,9.765625e-06,0.01204345703125,0.0670914259098805,0.08365818331660829
43,1.35,1.58,1.35,low_peak_strength,0.4288196058642644,-0.301582008600235,0.07099900967712783,0.06665736771031784,0.0043416419668099865,0.03540903540903541,0.10003662109375,9.765625e-06,0.01204345703125,0.0670914259098805,0.08365818331660829
43,1.35,1.58,1.35,hybrid_confidence,0.5987516062672924,0.3511650860309601,0.0725122146061777,0.06648927943730931,0.006022935168868385,0.15506715506715507,0.10003662109375,9.765625e-06,0.01204345703125,0.0670914259098805,0.08365818331660829
43,1.35,1.58,1.35,hybrid_risk_confidence,0.5981643605313101,0.3235335953089256,0.07641989403869223,0.06605521061115585,0.01036468342753638,0.13125763125763126,0.10003662109375,9.765625e-06,0.01204345703125,0.0670914259098805,0.08365818331660829
43,1.35,1.58,1.75,risk_mean,0.5490378533917352,0.012703481470517922,0.0830382648156213,0.06534468650741711,0.017693578308204186,0.10805860805860806,0.10003662109375,1.220703125e-05,0.01218017578125,0.06711361236611085,0.08372454145193145
43,1.35,1.58,1.75,risk_max,0.5497660347940616,0.03973371098145671,0.08211479613462483,0.06544726630529261,0.016667529829332214,0.10744810744810745,0.10003662109375,1.220703125e-05,0.01218017578125,0.06711361236611085,0.08372454145193145
43,1.35,1.58,1.75,sat_persistence,0.5092268793198013,0.0193995729748883,0.06741779739315192,0.06707982319790977,0.00033797419524214667,0.10622710622710622,0.10003662109375,1.220703125e-05,0.01218017578125,0.06711361236611085,0.08372454145193145
43,1.35,1.58,1.75,bright_persistence,0.4764420819996479,-0.08946698213447389,0.05899037441461059,0.0680159495263277,-0.009025575111717109,0.09645909645909646,0.10003662109375,1.220703125e-05,0.01218017578125,0.06711361236611085,0.08372454145193145
43,1.35,1.58,1.75,low_margin,0.6478719479886978,0.5049583911895752,0.07462485442305805,0.06627925630417682,0.008345598118881234,0.163003663003663,0.10003662109375,1.220703125e-05,0.01218017578125,0.06711361236611085,0.08372454145193145
43,1.35,1.58,1.75,focus_entropy,0.4911956794073585,-0.01646367274224758,0.06937612046638142,0.06686229076918673,0.002513829697194686,0.12332112332112333,0.10003662109375,1.220703125e-05,0.01218017578125,0.06711361236611085,0.08372454145193145
43,1.35,1.58,1.75,low_peak_strength,0.42837035791080047,-0.30339574813842773,0.07097068319732001,0.06668516519253698,0.004285518004783037,0.03418803418803419,0.10003662109375,1.220703125e-05,0.01218017578125,0.06711361236611085,0.08372454145193145
43,1.35,1.58,1.75,hybrid_confidence,0.5968397059550699,0.3438662588596344,0.07361732993772653,0.06639117310242536,0.007226156835301173,0.1568986568986569,0.10003662109375,1.220703125e-05,0.01218017578125,0.06711361236611085,0.08372454145193145
43,1.35,1.58,1.75,hybrid_risk_confidence,0.5952049598099561,0.3110229304224925,0.07634860860913133,0.06608778001523148,0.010260828593899846,0.1288156288156288,0.10003662109375,1.220703125e-05,0.01218017578125,0.06711361236611085,0.08372454145193145
